temperature,humidity,pressure,soil_raw,soilMoisture,vpd_kpa,et0_proxy,heat_stress,moisture_deficit,dry_hot_index,pump_historical,irrigate,relayStatus,targetValue,device_id
29.18490786,71.78969946,855.34,683.8029058,55.09212701090856,1.1421449575241598,4.05517835084599,0.2731134824999999,0.081797883151524,0.0642552015201779,0,1,ON,100.0,esp32-irrigation
33.70720471,77.97739053,853.21,408.5715671,14.032249185086975,1.1524770140987737,4.787601746218334,0.8384005887499999,0.7661291802485504,0.6038011576409728,1,1,ON,100.0,esp32-irrigation
24.76031105,60.77628206,856.25,659.0920744,51.40568736689546,1.2248905903785177,3.440641911729059,0.0,0.1432385438850756,0.1154821580886251,1,1,ON,100.0,esp32-irrigation
32.73851507,59.32354345,857.48,842.929764,78.83117281637385,2.016266081859996,5.445274084315998,0.7173143837499998,0.0,0.0,0,0,OFF,0.0,esp32-irrigation
25.69274449,66.62491413,853.93,414.1993203,14.871815129565949,1.1016671983812152,3.492900103184549,0.0,0.7521364145072342,0.5832192113962864,1,1,ON,100.0,esp32-irrigation
33.80680929,47.77469251,852.96,487.5212262,25.81020794642429,2.748257122535356,6.124381243222031,0.8508511612499996,0.569829867559595,0.569829867559595,1,1,ON,100.0,esp32-irrigation
32.65949511,40.31759197,857.63,820.8567329,75.53824852769235,2.945247702753511,5.885735634105111,0.7074368887500002,0.0,0.0,0,0,OFF,0.0,esp32-irrigation
38.08393948,50.91595054,854.95,726.5048072,61.46253113238616,3.2664872441783905,7.0390016025104565,1.0,0.0,0.0,0,1,ON,100.0,esp32-irrigation
35.43074707,60.82272131,852.17,939.9159784,93.2998816954654,2.2558018277938072,6.214365800785596,1.0,0.0,0.0,0,0,OFF,0.0,esp32-irrigation
34.23292319,42.99440241,854.85,628.397718,46.82660662093453,3.071823297191743,6.213743690378992,0.90411539875,0.2195565563177579,0.2195565563177579,1,1,ON,100.0,esp32-irrigation
32.45140078,72.28222536,852.55,780.3895476,69.5012263912561,1.3519103568235995,4.769477670982081,0.6814250975,0.0,0.0,0,0,OFF,0.0,esp32-irrigation
22.61185697,62.21459137,853.72,768.7010788,67.75750380804385,1.0368897291795451,3.0040243258434707,0.0,0.0,0.0,0,0,OFF,0.0,esp32-irrigation
27.01024863,61.77921565,854.96,468.513799,22.97462010129931,1.3635205306965,3.888971392213786,0.0012810787499999,0.6170896649783448,0.518898439358822,1,1,ON,100.0,esp32-irrigation
24.74705146,64.86232578,849.85,801.6475766,72.67256610017337,1.096422393650419,3.34985155274047,0.0,0.0,0.0,0,0,OFF,0.0,esp32-irrigation
24.01856157,56.57166562,850.41,651.9454739,50.33953499926919,1.2973100913560704,3.378124683017304,0.0,0.1610077500121801,0.1327231197254242,1,1,ON,100.0,esp32-irrigation
32.96375881,64.836761,852.24,685.823752,55.39360321077989,1.7651704733046385,5.249333640435879,0.7454698512500002,0.0767732798203352,0.0722661215795702,0,1,ON,100.0,esp32-irrigation
27.99827866,62.05800089,851.71,552.4985002,35.50372229873788,1.4340374084883367,4.102570451780759,0.1247848325,0.4082712950210354,0.3505047249785533,1,1,ON,100.0,esp32-irrigation
27.89698264,49.92390283,855.04,527.5880503,31.7875029382852,1.8815174269865804,4.438790757291583,0.1121228300000001,0.4702082843619134,0.4562804125160571,1,1,ON,100.0,esp32-irrigation
34.83673164,45.72879474,851.15,762.5760332,66.84375021733187,3.0240678110946573,6.34104351705161,0.9795914549999996,0.0,0.0,0,1,ON,100.0,esp32-irrigation
22.46622021,40.23528975,851.37,440.6303956,18.81488617572327,1.625601547402301,3.3504723651634905,0.0,0.6864185637379454,0.6221700517134899,1,1,ON,100.0,esp32-irrigation
32.37186722,50.51121641,857.38,748.5945452,64.75794780902062,2.402981309153573,5.735916693595039,0.6714834024999998,0.0,0.0,0,1,ON,100.0,esp32-irrigation
23.01426608,67.31921149,854.27,541.4624976,33.85733667789344,0.9189389089671578,2.985395320281196,0.0,0.4357110553684427,0.3179534881455227,1,1,ON,100.0,esp32-irrigation
23.28497444,71.65649789,854.97,466.5218472,22.677454459010026,0.8101219701111205,2.952367818328971,0.0,0.6220424256831663,0.4370037716883698,1,1,ON,100.0,esp32-irrigation
25.51245583,74.57481526,850.98,903.2674218,87.832534613566,0.8303279011999445,3.2723414365956685,0.0,0.0,0.0,0,0,OFF,0.0,esp32-irrigation
31.48275853,41.97814358,852.46,673.6411749,53.57616799539956,2.6791886854527265,5.643967643050919,0.5603448162500002,0.1070638667433407,0.1070638667433407,1,1,ON,100.0,esp32-irrigation
37.03853837,58.10408442,853.43,400.7745337,12.869063189189884,2.6344145129219685,6.811863051509175,1.0,0.7855156135135019,0.7855156135135019,1,1,ON,100.0,esp32-irrigation
36.83077335,81.20181201,850.3,783.7697805,70.00550017981658,1.1687224601039816,5.325595603397695,1.0,0.0,0.0,0,0,OFF,0.0,esp32-irrigation
38.64757166,71.10451413,853.9,424.8419871,16.459521677130425,1.98230979429366,6.569149146131953,1.0,0.7256746387144929,0.7224653053058094,1,1,ON,100.0,esp32-irrigation
22.2119609,54.84962341,853.43,754.14794,65.58642073322892,1.2092545968076671,3.0540264240928083,0.0,0.0,0.0,0,0,OFF,0.0,esp32-irrigation
29.33212651,72.40464911,853.35,805.9594626,73.31582683201849,1.126774746990289,4.065318775825442,0.2915158137499998,0.0,0.0,0,0,OFF,0.0,esp32-irrigation
31.99541439,77.41809636,852.26,395.4654845,12.07704251104726,1.0734405988957896,4.436732601841188,0.6244267987500001,0.7987159581492124,0.6137015131904349,0,1,ON,100.0,esp32-irrigation
19.02299534,78.80498538,859.95,673.7875478,53.59800436555784,0.4664064061048349,2.2114347419453946,0.0,0.1066999272407027,0.0657913460193472,1,0,OFF,0.0,esp32-irrigation
26.22425309,76.7051323,854.42,731.7512713,62.24521516822688,0.7934834771688093,3.3450731031210594,0.0,0.0,0.0,0,0,OFF,0.0,esp32-irrigation
34.90846594,44.35794312,850.77,462.1622986,22.027083270404777,3.1127822365432114,6.356219344475528,0.9885582425,0.6328819454932538,0.6328819454932538,0,1,ON,100.0,esp32-irrigation
35.28726983,39.99390152,855.42,927.8079638,91.49356994863643,3.427892074507924,6.4365409624799925,1.0,0.0,0.0,0,0,OFF,0.0,esp32-irrigation
23.86116554,61.51615757,851.68,898.8926732,87.17989584109513,1.1387916564783882,3.249016165385649,0.0,0.0,0.0,0,0,OFF,0.0,esp32-irrigation
32.82766255,74.60337098,854.18,913.113218,89.30136149563332,1.265190591437144,4.750818062195181,0.7284578187499999,0.0,0.0,0,0,OFF,0.0,esp32-irrigation
22.38197726,56.59230979,850.01,351.3558991,5.496635657575658,1.1746628914812345,3.057244240917645,0.0,0.9083894057070724,0.7209575343282336,1,1,ON,100.0,esp32-irrigation
19.62990205,46.27759015,851.92,766.2113,67.3860707662101,1.2276884500911622,2.695743506396973,0.0,0.0,0.0,0,0,OFF,0.0,esp32-irrigation
18.44366419,58.18156467,855.88,891.4067107,86.06311638163932,0.8875018902439646,2.3572893849630727,0.0,0.0,0.0,0,0,OFF,0.0,esp32-irrigation
32.51240158,53.58096683,855.54,895.4460155,86.66571259169531,2.271837876903609,5.64159274799198,0.6890501975000003,0.0,0.0,0,0,OFF,0.0,esp32-irrigation
29.05412642,59.45842859,854.54,527.994279,31.848105414987625,1.6290512098674963,4.436398346490006,0.2567658024999999,0.4691982430835396,0.4256861129325057,1,1,ON,100.0,esp32-irrigation
26.74577988,75.11348102,854.1,518.4131014,30.418755168966747,0.8741413221106041,3.478871585312157,0.0,0.4930207471838875,0.3542528255347641,1,1,ON,100.0,esp32-irrigation
20.66510899,46.77438853,854.37,917.9210541,90.01860962517046,1.2967376987392096,2.881838575642905,0.0,0.0,0.0,0,0,OFF,0.0,esp32-irrigation
38.80450797,68.49685483,849.25,425.8389695,16.6082546511146,2.1795231409725666,6.827865829161545,1.0,0.7231957558147567,0.7231957558147567,1,1,ON,100.0,esp32-irrigation
32.10361139,75.83862846,851.95,497.2621171,27.263384725485093,1.1555623804399695,4.529714425570468,0.6379514237499997,0.5456102545752484,0.4304267984299821,1,1,ON,100.0,esp32-irrigation
36.16177182,55.75736243,852.11,625.6791284,46.42103886341901,2.651873965904039,6.623143566955998,1.0,0.2263160189430164,0.2263160189430164,1,1,ON,100.0,esp32-irrigation
36.62782649,68.50373606,855.85,703.7294322,58.06482896898326,1.9366192612054127,6.117216022160793,1.0,0.0322528505169457,0.0317417981434468,0,1,ON,100.0,esp32-irrigation
23.41158867,49.91586603,855.65,960.3877125,96.35391945511498,1.442494219539227,3.381301683550362,0.0,0.0,0.0,0,0,OFF,0.0,esp32-irrigation
20.10687481,61.10139107,850.78,930.6613623,91.91924892237456,0.915593829729313,2.589824266028075,0.0,0.0,0.0,0,0,OFF,0.0,esp32-irrigation
21.24283558,72.72860039,855.86,831.3398657,77.10215529075552,0.6884240359216461,2.6082516263162816,0.0,0.0,0.0,0,0,OFF,0.0,esp32-irrigation
35.32251749,49.85763478,852.4,800.0186865,72.42956314559125,2.86999242087929,6.444030537857065,1.0,0.0,0.0,0,0,OFF,0.0,esp32-irrigation
38.97932302,63.38915578,851.23,875.1762884,83.64181087243682,2.556796147896196,7.235365478862534,1.0,0.0,0.0,0,0,OFF,0.0,esp32-irrigation
30.69033234,70.88355159,855.45,492.0113428,26.48005768043532,1.285198115884835,4.417185311234068,0.4612915425000001,0.558665705326078,0.4588318806366759,1,1,ON,100.0,esp32-irrigation
33.22723857,45.26971073,856.19,808.5531799,73.70276574659029,2.788299589835168,6.003469497946261,0.7784048212499997,0.0,0.0,0,0,OFF,0.0,esp32-irrigation
38.23214297,44.07958961,855.34,496.3696602,27.130245194747445,3.751347265541744,7.071388054858213,1.0,0.5478292467542093,0.5478292467542093,1,1,ON,100.0,esp32-irrigation
27.65112189,63.77504282,852.18,733.6169237,62.52353906830045,1.3417077552435013,3.9740886861092655,0.0813902362499998,0.0,0.0,0,0,OFF,0.0,esp32-irrigation
33.09027604,57.73107061,852.86,550.2446921,35.167492109014766,2.136979761096394,5.627955363272839,0.7612845049999999,0.4138751315164206,0.4138751315164206,1,1,ON,100.0,esp32-irrigation
36.04671237,51.66838899,854.1,733.0429809,62.43791647401914,2.878747324066572,6.598498772904036,1.0,0.0,0.0,0,1,ON,100.0,esp32-irrigation
36.29225945,44.70741231,855.68,672.593627,53.41989150089186,3.337973922249874,6.6511270398438604,1.0,0.1096684749851357,0.1096684749851357,1,1,ON,100.0,esp32-irrigation
34.1753631,47.10764913,852.3,437.3606396,18.3270936790026,2.841069300374756,6.201649507209888,0.8969203874999998,0.69454843868329,0.69454843868329,1,1,ON,100.0,esp32-irrigation
23.65485943,81.2259392,854.3,867.9160113,82.55869987164871,0.5487016372436195,2.830388397783965,0.0,0.0,0.0,0,0,OFF,0.0,esp32-irrigation
28.50899242,43.69588123,851.41,840.3122048,78.44067709208062,2.1921500920221857,4.7981407482757525,0.1886240524999998,0.0,0.0,0,0,OFF,0.0,esp32-irrigation
37.67302885,39.70788536,850.09,591.3993548,41.30707428888699,3.92412621519738,6.949447294360403,1.0,0.3115487618518835,0.3115487618518835,1,1,ON,100.0,esp32-irrigation
29.88475236,62.70444708,856.05,392.9717059,11.705012766453908,1.5720438857652077,4.530602012959605,0.360594045,0.8049164538924349,0.7187992244195712,1,1,ON,100.0,esp32-irrigation
29.46343116,62.03854994,857.45,377.766874,9.436708062763724,1.5618149855496075,4.450235020328326,0.3079288949999998,0.8427215322872713,0.7504045455865327,1,1,ON,100.0,esp32-irrigation
18.42114697,49.00948583,855.21,359.6880054,6.739645513668616,1.0806326877301533,2.452435803987631,0.0,0.8876725747721896,0.683648287461199,1,1,ON,100.0,esp32-irrigation
28.58465415,59.34578281,856.68,392.5907137,11.648175150292603,1.5897950128729972,4.324525667061004,0.1980817687499998,0.8058637474951234,0.7232214154532846,1,1,ON,100.0,esp32-irrigation
33.42320894,72.49057658,854.49,408.8220381,14.069615237613869,1.4169535252316985,4.996875271061288,0.8029011175000003,0.7655064127064356,0.6539249588711816,1,1,ON,100.0,esp32-irrigation
33.82878329,67.41403773,851.93,617.4736703,45.19692278462417,1.7168761798508827,5.361019869250344,0.8535979112499996,0.2467179535895971,0.2292550212096823,1,1,ON,100.0,esp32-irrigation
24.90582822,75.6340079,855.51,954.6214434,95.49368927247984,0.7675413899180411,3.1442196909807185,0.0,0.0,0.0,0,0,OFF,0.0,esp32-irrigation
18.87048114,69.53474979,859.18,718.3680838,60.24866911258667,0.6640511896552176,2.2962467795804336,0.0,0.0,0.0,0,0,OFF,0.0,esp32-irrigation
26.38227776,80.96259893,854.34,693.6435959,56.5601921488985,0.6545350390821476,3.2642049193328853,0.0,0.0573301308516916,0.0380462102852449,0,0,OFF,0.0,esp32-irrigation
27.96928989,68.06970814,858.16,394.9716022,12.00336359427086,1.204786316320388,3.916633407393469,0.1211612362499998,0.7999439400954856,0.6409123482603571,1,1,ON,100.0,esp32-irrigation
19.93847873,39.13195054,848.66,615.1722709,44.853592774899454,1.4178549345487774,2.843896673079409,0.0,0.2524401204183424,0.2157009278124798,1,1,ON,100.0,esp32-irrigation
26.67489864,78.64099226,856.45,871.3250242,83.06726715123898,0.7471170223519562,3.3734450830301586,0.0,0.0,0.0,0,0,OFF,0.0,esp32-irrigation
33.51201906,75.71614774,853.8,747.0803534,64.53205590802375,1.257035878601349,4.857057047287203,0.8140023825,0.0,0.0,0,0,OFF,0.0,esp32-irrigation
34.9854744,63.34809685,852.65,418.4003452,15.49853725340538,2.0591657497658145,5.9230470260859205,0.9981843,0.741691045776577,0.741691045776577,1,1,ON,100.0,esp32-irrigation
32.5903976,73.84502511,853.92,369.2419288,8.164929892308514,1.285706620429343,4.730707916888036,0.6987997000000004,0.8639178351281914,0.709645137596921,1,1,ON,100.0,esp32-irrigation
35.94243818,78.05485409,848.32,733.9186898,62.56855748537642,1.299648653964229,5.3131905846732606,1.0,0.0,0.0,0,0,OFF,0.0,esp32-irrigation
19.7773322,56.57729304,854.68,769.3017604,67.8471153807111,1.001433801166806,2.5930302376622927,0.0,0.0,0.0,0,0,OFF,0.0,esp32-irrigation
32.19162455,59.64859301,854.63,924.1754133,90.95165462594602,1.9394925041293352,5.27005716932364,0.64895306875,0.0,0.0,0,0,OFF,0.0,esp32-irrigation
35.7290513,69.34994159,857.01,401.4952493,12.976581811970773,1.7940229984427063,5.792931750340999,1.0,0.7837236364671537,0.743366375294883,1,1,ON,100.0,esp32-irrigation
22.62732984,50.96885041,853.59,693.6749208,56.56486529612432,1.3467536345895226,3.2007993696807664,0.0,0.0572522450645945,0.0479022898145855,0,1,ON,100.0,esp32-irrigation
31.61827775,62.14365628,851.78,398.488903,12.52808560378766,1.7615189769427675,5.001509730326688,0.5772847187500001,0.7911985732702057,0.7440271119714804,1,1,ON,100.0,esp32-irrigation
29.86596628,75.2706511,852.76,610.9725248,44.22706142647103,1.0412425251338362,4.075847640556103,0.3582457849999998,0.2628823095588161,0.1998722147339172,1,1,ON,100.0,esp32-irrigation
24.19754699,44.83529542,856.98,506.4048566,28.62732739508238,1.665688263537146,3.653729176249074,0.0,0.5228778767486271,0.4791768240151661,1,1,ON,100.0,esp32-irrigation
24.91222857,44.54538979,855.43,731.7547666,62.245736608087775,1.747515542338807,3.827349194860618,0.0,0.0,0.0,0,1,ON,100.0,esp32-irrigation
23.94828469,76.42347719,853.4,863.5063924,81.90085903801534,0.7013232194019842,2.969874331548582,0.0,0.0,0.0,0,0,OFF,0.0,esp32-irrigation
25.23651133,51.31257887,855.85,895.81224,86.7203471158663,1.5641710552190669,3.7519785554988174,0.0,0.0,0.0,0,0,OFF,0.0,esp32-irrigation
31.09212269,38.62614319,854.11,439.7016469,18.676332519976764,2.7717710476900126,5.56438532457418,0.51151533625,0.6887277913337205,0.6887277913337205,1,1,ON,100.0,esp32-irrigation
27.33736531,61.05962015,856.74,880.9507041,84.50325639051404,1.4160737866533737,3.98151392006403,0.0421706637499998,0.0,0.0,0,0,OFF,0.0,esp32-irrigation
26.74934787,56.04137589,852.63,713.5380891,59.52811529332288,1.5443746697404148,3.983691714018404,0.0,0.0078647451112852,0.006968900839101,0,1,ON,100.0,esp32-irrigation
21.36677755,49.64147192,854.22,589.737332,41.05912849378221,1.2809145220679083,2.9744549393490294,0.0,0.3156811917702966,0.2589307516057175,1,1,ON,100.0,esp32-irrigation
21.94951202,47.90370377,853.99,955.4146134,95.6120168708156,1.3731572441001834,3.1156956066178445,0.0,0.0,0.0,0,0,OFF,0.0,esp32-irrigation
25.07360753,69.09578913,850.93,321.7377305,1.078103996593026,0.9832772001892662,3.318436251507681,0.0,0.9820316000567828,0.732418120578696,1,1,ON,100.0,esp32-irrigation
30.49472928,77.68885424,854.68,399.3534438,12.657060522817975,0.9738735736821764,4.114181935006958,0.4368411600000002,0.7890489912863672,0.5866329858817764,1,1,ON,100.0,esp32-irrigation
34.95107323,65.18342573,854.06,375.3130154,9.070633709480632,1.9523373516229063,5.807477882227426,0.9938841537499998,0.8488227715086561,0.8387084861854345,1,1,ON,100.0,esp32-irrigation
29.39140922,43.74302238,854.09,732.7081562,62.38796627089182,2.3049494197675493,5.058907873158185,0.2989261525,0.0,0.0,0,1,ON,100.0,esp32-irrigation
18.23216026,67.52258734,854.83,742.6354412,63.86894990875584,0.6801781350671979,2.225889775041137,0.0,0.0,0.0,0,0,OFF,0.0,esp32-irrigation
27.55169062,65.16688,850.76,535.369764,32.94840349309373,1.2826864866858152,3.912375984996558,0.0689613274999998,0.4508599417817712,0.3700079595687434,1,1,ON,100.0,esp32-irrigation
29.76739106,75.23687082,852.98,657.8871424,51.22593181673862,1.0367781646901355,4.0569169743597095,0.3459238825000001,0.1462344697210229,0.1110204111434608,1,1,ON,100.0,esp32-irrigation
26.31360596,61.53205765,853.59,551.1378456,35.30073556073405,1.3172428584247535,3.7446183591926414,0.0,0.4116544073210992,0.3413894107062477,1,1,ON,100.0,esp32-irrigation
19.73742076,69.88302827,853.23,694.4871207,56.686031834868274,0.6928538676130636,2.419606580196431,0.0,0.0552328027521954,0.0371834666275897,0,0,OFF,0.0,esp32-irrigation
26.65230538,65.06504994,854.0,926.32183,91.27186382843574,1.220367312001164,3.7249741559059104,0.0,0.0,0.0,0,0,OFF,0.0,esp32-irrigation
26.10497323,64.14603057,855.48,677.0286429,54.08152113896177,1.2127086202013242,3.635525703783749,0.0,0.0986413143506372,0.0792264502305701,1,1,ON,100.0,esp32-irrigation
18.62938351,46.78770285,860.08,940.80097,93.4319075292404,1.142519681503576,2.512214655089299,0.0,0.0,0.0,0,0,OFF,0.0,esp32-irrigation
20.33003553,46.23138007,855.6,914.1188799,89.45138930475972,1.2831781876579065,2.82586678312949,0.0,0.0,0.0,0,0,OFF,0.0,esp32-irrigation
24.10797043,74.61265567,855.35,681.4306828,54.73823131350844,0.7624606123843531,3.0322393396571474,0.0,0.0876961447748592,0.0605642864496261,1,0,OFF,0.0,esp32-irrigation
25.37298077,63.96610751,854.37,766.5916511,67.44281274105452,1.1670804021915464,3.492031794836657,0.0,0.0,0.0,0,0,OFF,0.0,esp32-irrigation
32.12412901,56.49534371,848.95,332.1993221,2.638797175605791,2.083102601359645,5.390125695743493,0.6405161262499997,0.9560200470732368,0.9560200470732368,1,1,ON,100.0,esp32-irrigation
29.23046572,47.59271312,854.03,801.5378441,72.65619586026973,2.127388473712831,4.880391293185984,0.2788082150000002,0.0,0.0,0,0,OFF,0.0,esp32-irrigation
26.56890261,39.08373386,854.56,824.2833725,76.04944541389607,2.117543943854657,4.3822277686301145,0.0,0.0,0.0,0,0,OFF,0.0,esp32-irrigation
28.70185715,78.06252851,860.31,859.5793154,81.31500532457486,0.8637170780232667,3.7536118038370674,0.2127321437499998,0.0,0.0,0,0,OFF,0.0,esp32-irrigation
19.50081239,48.16378875,854.78,573.5841064,38.64933943138232,1.1751240826892675,2.649323056500629,0.0,0.3558443428102946,0.2824624856364255,1,1,ON,100.0,esp32-irrigation
19.49655406,55.29787959,856.01,761.2762369,66.64984251216816,1.0131264902698347,2.561609067015856,0.0,0.0,0.0,0,0,OFF,0.0,esp32-irrigation
29.63822079,41.08245597,853.96,738.718584,63.28462081726205,2.448500150219614,5.227742318414044,0.3297775987499998,0.0,0.0,0,1,ON,100.0,esp32-irrigation
32.67367917,60.30390769,850.76,984.6096034,99.96741741563768,1.9605125510896468,5.380370381935236,0.70920989625,0.0,0.0,0,0,OFF,0.0,esp32-irrigation
25.81300635,42.08328337,857.36,322.6057696,1.207600803033677,1.9254188473597071,4.106826321004269,0.0,0.9798733199494388,0.961603299538614,1,1,ON,100.0,esp32-irrigation
29.66185289,50.80355729,855.92,342.4431069,4.1669972503090085,2.0472902811900493,4.89375219240272,0.3327316112499998,0.9305500458281832,0.9305500458281832,1,1,ON,100.0,esp32-irrigation
37.98171538,39.37290809,855.02,459.3026495,21.60047181247518,4.0124285871647,7.016689685081131,1.0,0.6399921364587471,0.6399921364587471,1,1,ON,100.0,esp32-irrigation
34.11495609,47.51864582,851.23,708.9269297,58.84020801323746,2.809537594806048,6.188964856313572,0.88936951125,0.0193298664460423,0.0193298664460423,0,1,ON,100.0,esp32-irrigation
37.21007959,55.09380817,856.64,716.3284146,59.94438483830067,2.850183243946037,6.848976719966208,1.0,0.0009269193616554,0.0009269193616554,0,1,ON,100.0,esp32-irrigation
32.23315033,63.06073455,850.23,859.5118221,81.30493646154075,1.779652376114739,5.129560493083974,0.6541437912500001,0.0,0.0,0,0,OFF,0.0,esp32-irrigation
26.40488684,65.21626683,855.9,471.7307481,23.45453469838617,1.197512728117656,3.670054035204146,0.0,0.6090910883602305,0.4868941269037182,1,1,ON,100.0,esp32-irrigation
22.59447703,77.89861807,860.36,356.8913104,6.322425746622931,0.6058567467975133,2.7313026436135046,0.0,0.8946262375562845,0.5828169542495297,1,1,ON,100.0,esp32-irrigation
29.11025263,77.05742236,851.63,816.8858486,74.94585950328627,0.9248773254814402,3.8639729536405776,0.2637815787500002,0.0,0.0,0,0,OFF,0.0,esp32-irrigation
24.0014384,40.66397833,853.3,580.6395043,39.70188590793863,1.7706907874356577,3.6921248983825854,0.0,0.3383019015343562,0.3189079658718905,1,1,ON,100.0,esp32-irrigation
23.62404301,81.25390177,855.01,343.5821256,4.336919646807262,0.5468691228569531,2.825236589001174,0.0,0.9277180058865456,0.590694085977717,1,1,ON,100.0,esp32-irrigation
34.93016874,70.08273855,852.15,612.9542349,44.52269917970264,1.675670630455658,5.521868104585236,0.9912710925,0.2579550136716226,0.2370394169328928,1,1,ON,100.0,esp32-irrigation
36.05535467,64.95732428,849.4,550.3096529,35.17718316572388,2.088215865186039,6.165481869775519,1.0,0.413713613904602,0.413713613904602,1,1,ON,100.0,esp32-irrigation
30.65249738,44.64276776,854.09,530.7001898,32.25178170919288,2.438194185372939,5.42108394104457,0.4565621725,0.4624703048467852,0.4624703048467852,1,1,ON,100.0,esp32-irrigation
30.66098124,45.14644997,851.26,631.0901257,47.2282684801598,2.417179834308262,5.4043683348511165,0.4576226550000002,0.2128621919973367,0.2128621919973367,1,1,ON,100.0,esp32-irrigation
32.29177821,80.58091972,854.91,328.6156868,2.1041791764880093,0.938667104626679,4.35847870387679,0.6614722762499996,0.9649303470585332,0.7089022672892291,1,1,ON,100.0,esp32-irrigation
36.05820798,56.06359896,850.97,844.2972605,79.03518025056522,2.61860849553777,6.600959771184432,1.0,0.0,0.0,0,0,OFF,0.0,esp32-irrigation
31.18441036,58.3617159,857.73,653.7122726,50.60311159308103,1.8903673514288093,5.038568219260941,0.5230512950000001,0.1566148067819828,0.1523222827637393,1,1,ON,100.0,esp32-irrigation
32.47033071,59.3086458,851.75,760.850853,66.58638240240897,1.986802338725978,5.366585893191335,0.6837913387499999,0.0,0.0,0,0,OFF,0.0,esp32-irrigation
35.23507181,47.15566418,852.57,369.5251553,8.207182513474272,3.0100911374737245,6.425454593802043,1.0,0.8632136247754288,0.8632136247754288,1,1,ON,100.0,esp32-irrigation
25.18080081,68.34245666,856.61,501.6309849,27.915146181693004,1.0136914989985282,3.35525861427611,0.0,0.5347475636384499,0.4028910466618427,1,1,ON,100.0,esp32-irrigation
34.44437465,64.22987538,850.39,568.1737744,37.84220906619062,1.950291617869383,5.707801500774939,0.93054683125,0.3692965155634897,0.3647072324847059,1,1,ON,100.0,esp32-irrigation
24.54964016,72.93700533,855.22,651.7931828,50.316815733398165,0.8345650715877935,3.141546780511039,0.0,0.1613864044433639,0.1143650662660751,1,1,ON,100.0,esp32-irrigation
26.82470594,55.628312,857.65,942.9932157,93.75895364626813,1.5658049652335488,4.012222329237526,0.0,0.0,0.0,0,0,OFF,0.0,esp32-irrigation
29.73780117,42.36024859,850.01,518.5735772,30.442695454157835,2.409150674792388,5.214197115699813,0.3422251462500001,0.4926217424307027,0.4926217424307027,1,1,ON,100.0,esp32-irrigation
33.48468031,46.21275521,854.04,381.472308,9.98949637549828,2.7800068071834807,6.057087512038812,0.8105850387500002,0.8335083937416954,0.8335083937416954,1,1,ON,100.0,esp32-irrigation
22.02671892,59.30492665,855.61,664.9144841,52.27429278102841,1.0777032341834163,2.94688439765836,0.0,0.1287617869828598,0.0990726420590959,1,1,ON,100.0,esp32-irrigation
28.88158855,77.49552925,856.09,972.5860807,98.17371043652034,0.8953062812746556,3.805779465601863,0.23519856875,0.0,0.0,0,0,OFF,0.0,esp32-irrigation
36.28921986,70.51736779,850.15,625.3781277,46.37613463112534,1.7795492181381578,5.883860417930659,1.0,0.2270644228145776,0.2145502904289572,1,1,ON,100.0,esp32-irrigation
37.73960514,77.32795275,849.77,723.5181698,61.01697515996946,1.480948552361517,5.828475997597812,1.0,0.0,0.0,0,1,ON,100.0,esp32-irrigation
37.58065491,44.17612445,854.4,557.156998,36.19869167040653,3.615158004410547,6.92936401795265,1.0,0.3966884721598911,0.3966884721598911,1,1,ON,100.0,esp32-irrigation
26.57489179,42.06367334,855.15,756.9882074,66.01014076811848,2.014666687652369,4.3064594362003605,0.0,0.0,0.0,0,0,OFF,0.0,esp32-irrigation
30.97364476,78.23391407,854.51,836.9893805,77.94496769925097,0.9763952335111012,4.189715204905819,0.4967055949999999,0.0,0.0,0,0,OFF,0.0,esp32-irrigation
20.56784751,48.02534097,856.0,582.0687349,39.91510302957204,1.258695929977088,2.846162054755611,0.0,0.334748282840466,0.2727107167147614,1,1,ON,100.0,esp32-irrigation
27.41784152,52.71555125,852.61,911.7286463,89.09480672933525,1.7276216041521033,4.235372241674436,0.0522301899999999,0.0,0.0,0,0,OFF,0.0,esp32-irrigation
32.10803269,65.76854534,854.33,706.9059611,58.538713553348686,1.637591540544114,4.975595442476875,0.6385040862500002,0.0243547741108552,0.0221481800693774,0,1,ON,100.0,esp32-irrigation
19.62073242,71.92000363,855.98,932.2902582,92.16225274221895,0.6413313873851593,2.3770548488710888,0.0,0.0,0.0,0,0,OFF,0.0,esp32-irrigation
28.19932981,52.72026473,852.43,641.3743433,48.762500447292105,1.8079879591529724,4.433651970583457,0.1499162262499997,0.1872916592117982,0.1783010957820774,1,1,ON,100.0,esp32-irrigation
19.55502617,70.2242948,859.92,755.149757,65.73587494806551,0.677291119034434,2.388303009259786,0.0,0.0,0.0,0,0,OFF,0.0,esp32-irrigation
31.98781797,75.48149285,854.95,610.1538495,44.104928867163686,1.1649976557752728,4.519722967883556,0.6234772462499998,0.2649178522139385,0.2096160953075339,1,1,ON,100.0,esp32-irrigation
33.48002515,42.29105088,850.6,510.6256273,29.25699525954641,2.9819250915264344,6.056116688952595,0.8100031437500004,0.512383412340893,0.512383412340893,1,1,ON,100.0,esp32-irrigation
19.12130224,41.90681788,856.95,340.6481736,3.899223448271771,1.2862281363699342,2.655303931588808,0.0,0.9350129425288038,0.7681664599020499,1,1,ON,100.0,esp32-irrigation
36.3426164,48.32681051,850.8,463.3468855,22.203803674475783,3.1280842142116696,6.66193592320036,1.0,0.6299366054254035,0.6299366054254035,1,1,ON,100.0,esp32-irrigation
38.62305068,42.58714579,854.93,763.4836129,66.97914581499606,3.93348478323132,7.157032150136547,1.0,0.0,0.0,0,1,ON,100.0,esp32-irrigation
21.24906597,55.25218109,857.95,447.9522593,19.907184859438964,1.1300205916621455,2.8686352261709,0.0,0.6682135856760173,0.5228805706985828,1,1,ON,100.0,esp32-irrigation
31.75767614,60.7695804,851.74,419.1618849,15.612146143981596,1.8399270530894665,5.098172563251522,0.5947095175000001,0.7397975642669734,0.7101921702096111,1,1,ON,100.0,esp32-irrigation
28.3090488,77.69331312,856.61,466.8534619,22.72692578422887,0.8584692440544969,3.69214369447749,0.1636310999999999,0.6212179035961856,0.443933067821427,1,1,ON,100.0,esp32-irrigation
19.03325563,72.64587849,856.35,430.3409202,17.279869833429853,0.602325835924001,2.2839739621961046,0.0,0.7120021694428357,0.4632154101937574,1,1,ON,100.0,esp32-irrigation
28.69651794,52.68139078,856.21,411.0258824,14.398391670314242,1.862441345856564,4.565201452473656,0.2120647424999999,0.7600268054947626,0.733889739375564,1,1,ON,100.0,esp32-irrigation
34.3335776,79.16806373,858.22,376.8159253,9.294842541108205,1.1288525502168396,4.867072904188933,0.9166971999999998,0.8450859576481966,0.661037338435,1,1,ON,100.0,esp32-irrigation
26.06121777,65.19703963,853.86,474.9414563,23.933518258358088,1.1741208295629209,3.600641138231635,0.0,0.6011080290273652,0.4769973789383182,1,1,ON,100.0,esp32-irrigation
37.31260682,64.1780947,851.24,931.2166581,92.00208969847544,2.286314141621514,6.636264428946106,1.0,0.0,0.0,0,0,OFF,0.0,esp32-irrigation
27.30277475,72.48243227,852.1,502.0771967,27.9817134631624,0.9986574508147906,3.654690431446222,0.0378468437500001,0.5336381089472935,0.4000494728583791,1,1,ON,100.0,esp32-irrigation
33.84527375,48.88833906,851.5,876.6986199,83.86891707951207,2.695427499546177,6.132431652722146,0.8556592187499996,0.0,0.0,0,0,OFF,0.0,esp32-irrigation
21.96236733,70.66994998,854.77,730.7983229,62.1030513250282,0.7736893797533634,2.752819175525889,0.0,0.0,0.0,0,0,OFF,0.0,esp32-irrigation
27.95102439,66.91957896,855.1,743.533748,64.00296214599713,1.246855557419969,3.947022323655456,0.11887804875,0.0,0.0,0,0,OFF,0.0,esp32-irrigation
20.31032068,61.36242226,855.85,784.3275212,70.08870569379857,0.9209568283125328,2.619871235600599,0.0,0.0,0.0,0,0,OFF,0.0,esp32-irrigation
29.47721139,61.07487417,856.13,572.6359758,38.50789432275915,1.6027339981221227,4.486873358522591,0.3096514237500001,0.3582017612873475,0.3226264158942878,1,1,ON,100.0,esp32-irrigation
37.0110057,71.61838209,853.19,699.4168861,57.42146976134146,1.781961866597905,6.0240073294833385,1.0,0.0429755039776422,0.0406329293103174,0,1,ON,100.0,esp32-irrigation
24.88372851,66.14902746,858.25,519.7448901,30.61743560110829,1.0649193091694409,3.347974869255596,0.0,0.4897094066481952,0.3752299540794908,1,1,ON,100.0,esp32-irrigation
24.85574395,60.22665006,853.96,941.9526775,93.60372288088035,1.2491456313839655,3.471840718801621,0.0,0.0,0.0,0,0,OFF,0.0,esp32-irrigation
23.87928663,79.09572054,861.53,851.8605542,80.16349622195719,0.6192612261435253,2.9061100880486106,0.0,0.0,0.0,0,0,OFF,0.0,esp32-irrigation
38.43845355,69.31925453,854.55,602.4404926,42.95422599503847,2.081210136181612,6.639694774474489,1.0,0.2840962334160254,0.2840962334160254,1,1,ON,100.0,esp32-irrigation
38.98375275,48.98221872,850.78,676.8233332,54.05089239138428,3.56378269717679,7.236341102483865,1.0,0.0991517934769286,0.0991517934769286,1,1,ON,100.0,esp32-irrigation
21.59014837,59.86100468,852.33,691.1002766,56.18077176667277,1.0350237451837865,2.8600434252542764,0.0,0.0636538038887871,0.0482977015684352,0,0,OFF,0.0,esp32-irrigation
28.89722677,72.63972044,855.34,649.1586643,49.92378996732517,1.0894722329711597,3.967256451054544,0.2371533462499999,0.1679368338779138,0.1297090462897262,1,1,ON,100.0,esp32-irrigation
35.24369834,54.50933381,852.81,721.8148154,60.7628633866212,2.5924488936750105,6.42728638469065,1.0,0.0,0.0,0,1,ON,100.0,esp32-irrigation
29.2695669,60.31395542,855.87,533.7241018,32.702898423817345,1.614627876377474,4.461296137077136,0.2836958625000001,0.4549516929363776,0.4111202679232388,1,1,ON,100.0,esp32-irrigation
20.15028243,50.87311044,856.37,977.4477583,98.89899081057732,1.159454904725392,2.73125315673216,0.0,0.0,0.0,0,0,OFF,0.0,esp32-irrigation
37.76078676,42.93327343,852.89,335.7729138,3.171916838847725,3.731904457125648,6.968543595031332,1.0,0.947134719352538,0.947134719352538,1,1,ON,100.0,esp32-irrigation
21.44926502,61.91337371,852.91,510.7812676,29.28021416962024,0.973673054112592,2.804081722989783,0.0,0.5119964305063294,0.3806274972996255,1,1,ON,100.0,esp32-irrigation
25.93914854,45.85930493,850.7,975.7451713,98.64499352037762,1.8133706496541964,4.04724297068215,0.0,0.0,0.0,0,0,OFF,0.0,esp32-irrigation
32.73590714,48.09233533,852.56,479.5791021,24.62537686300264,2.5726017927379106,5.901540245876522,0.7169883925000002,0.5895770522832893,0.5895770522832893,1,1,ON,100.0,esp32-irrigation
28.64688311,38.79075255,856.3,459.3091915,21.6014477686363,2.4022537555788896,4.994621740794988,0.2058603887500001,0.6399758705227282,0.6399758705227282,1,1,ON,100.0,esp32-irrigation
21.17060744,57.89514171,855.59,622.4469442,45.93885144613799,1.0581740544199498,2.8155102670598686,0.0,0.2343524758977002,0.1791726653448558,1,1,ON,100.0,esp32-irrigation
36.90276604,64.55613427,850.06,487.8721177,25.86255504537084,2.2122852635125376,6.470302683702391,1.0,0.568957415910486,0.568957415910486,1,1,ON,100.0,esp32-irrigation
34.09282126,67.59127863,853.94,888.6196191,85.64732928004727,1.732833673747434,5.425214636531124,0.8866026575000001,0.0,0.0,0,0,OFF,0.0,esp32-irrigation
28.14159872,70.59726873,855.19,397.4314266,12.370327944384576,1.1205988998378855,3.876465769485548,0.1426998400000001,0.7938278675935904,0.6193045925683033,1,1,ON,100.0,esp32-irrigation
34.43222847,58.10239248,851.26,667.8889555,52.7180337912537,2.282840478666417,6.0383191372118965,0.9290285587499998,0.1213661034791049,0.1213661034791049,1,1,ON,100.0,esp32-irrigation
23.73334374,66.27881754,855.14,709.3983578,58.91053714174836,0.9902195617212486,3.132188705442516,0.0,0.018157714304194,0.0135738881271366,0,0,OFF,0.0,esp32-irrigation
38.62075263,38.85305738,853.11,882.3715166,84.71521767348038,4.1887974492480256,7.156527737728042,1.0,0.0,0.0,0,0,OFF,0.0,esp32-irrigation
20.77267631,54.9587865,852.25,981.7841172,99.54590248671092,1.1046312219391274,2.787117924088346,0.0,0.0,0.0,0,0,OFF,0.0,esp32-irrigation
23.81252476,43.53032638,855.64,511.9809734,29.459190058803493,1.6661404537240063,3.5916152500717846,0.0,0.5090134990199418,0.4665287450621533,1,1,ON,100.0,esp32-irrigation
31.48302944,59.44479937,855.22,660.3365648,51.59134436373587,1.872685763101475,5.07753079943193,0.5603786799999999,0.1401442606044021,0.1356836707057628,1,1,ON,100.0,esp32-irrigation
32.01421487,56.57617393,856.47,750.1707403,64.99308955756331,2.0663644877678924,5.353643295995163,0.6267768587500004,0.0,0.0,0,1,ON,100.0,esp32-irrigation
38.29929024,57.72419082,855.64,940.1995842,93.34219090179958,2.8463130129584,7.08607666617911,1.0,0.0,0.0,0,0,OFF,0.0,esp32-irrigation
26.72492867,76.46813156,850.95,369.8980818,8.26281686311024,0.8255465712511093,3.4393596330162786,0.0,0.8622863856148294,0.6091075850776232,1,1,ON,100.0,esp32-irrigation
34.59359525,63.29160206,851.1,899.4106889,87.25717505448092,2.0180832352948506,5.804711895669101,0.94919940625,0.0,0.0,0,0,OFF,0.0,esp32-irrigation
37.01726989,40.303152,854.45,690.2098359,56.04793301900025,3.7493917722970176,6.807265855236921,1.0,0.0658677830166625,0.0658677830166625,0,1,ON,100.0,esp32-irrigation
32.50128001,66.13008074,854.98,583.4102308,40.11523161237809,1.6566222531449073,5.06323863751584,0.6876600012500003,0.3314128064603652,0.3029628607700444,1,1,ON,100.0,esp32-irrigation
36.95236905,61.7302681,854.45,340.2268032,3.8363620850813103,2.3951319394025314,6.6792603216277255,1.0,0.9360606319153114,0.9360606319153114,1,1,ON,100.0,esp32-irrigation
37.40455316,70.60308703,862.74,971.6879052,98.03971778702652,1.885637742129568,6.213743234405503,1.0,0.0,0.0,0,0,OFF,0.0,esp32-irrigation
18.39314952,73.33170117,856.82,658.8075073,51.36323475080009,0.5641855131802078,2.186887003776513,0.0,0.1439460874866651,0.0922761180530694,1,0,OFF,0.0,esp32-irrigation
38.32882286,41.2526544,855.84,768.9803799,67.7991708256763,3.9616027655877897,7.092539975509838,1.0,0.0,0.0,0,1,ON,100.0,esp32-irrigation
36.83133191,71.52150595,855.57,450.553998,20.295320431722587,1.7706211633264206,5.977389367589072,1.0,0.6617446594712902,0.6237971044301707,1,1,ON,100.0,esp32-irrigation
32.74163727,70.13592877,855.3,845.6365296,79.23497663233495,1.4805734188856077,4.939942630532759,0.7177046587499998,0.0,0.0,0,0,OFF,0.0,esp32-irrigation
29.69820284,39.69339358,853.25,971.02305,97.9405325946251,2.5148858015837248,5.283179660826987,0.337275355,0.0,0.0,0,0,OFF,0.0,esp32-irrigation
22.06537271,79.81485839,856.85,646.2945361,49.49651030315263,0.53581144997173,2.620943284686605,0.0,0.1750581616141229,0.1109786226580236,1,0,OFF,0.0,esp32-irrigation
32.4772021,70.34219447,851.77,941.3723198,93.5171432916162,1.4486370052740705,4.864329652801818,0.6846502624999999,0.0,0.0,0,0,OFF,0.0,esp32-irrigation
23.70042927,51.19909658,854.16,931.7347173,92.07937540132824,1.4301998088504615,3.4178288116548945,0.0,0.0,0.0,0,0,OFF,0.0,esp32-irrigation
35.75297115,61.43612074,852.1,853.1525517,80.35624047757807,2.260208313418118,6.284956335112408,1.0,0.0,0.0,0,0,OFF,0.0,esp32-irrigation
26.50090955,69.8118863,854.62,815.8048516,74.7845929667075,1.0451933411409196,3.571266461316217,0.0,0.0,0.0,0,0,OFF,0.0,esp32-irrigation
33.59498799,71.55487495,859.36,314.5110162,0.0,1.4792815247458149,5.087133526930442,0.82437349875,1.0,0.8698203811864538,1,1,ON,100.0,esp32-irrigation
23.20531605,69.84782071,850.15,326.9246013,1.8518977162771784,0.8576835493729773,2.9722795397507578,0.0,0.969135038062047,0.6923703138477164,1,1,ON,100.0,esp32-irrigation
20.57919098,45.57045455,856.85,317.0477946,0.3784445901660807,1.3190689273248226,2.882114703485795,0.0,0.9936925901638988,0.824533549831479,1,1,ON,100.0,esp32-irrigation
30.87930817,53.51187938,849.86,538.8714092,33.47078995090219,2.0742140270990537,5.145038206491959,0.4849135212500002,0.4421535008182969,0.4421535008182969,1,1,ON,100.0,esp32-irrigation
27.57094964,44.28187623,853.11,603.1985948,43.067322068539816,2.054060577568356,4.5155303783967815,0.0713687049999998,0.2822112988576697,0.2822112988576697,1,1,ON,100.0,esp32-irrigation
33.46038092,81.26740715,856.31,601.8775081,42.87023819445946,0.966884457383,4.567468990494526,0.8075476149999998,0.2854960300923423,0.2117584335813799,1,1,ON,100.0,esp32-irrigation
31.56900143,74.51425823,853.97,936.2918345,92.75922049583582,1.1825866284844553,4.468199818267985,0.57112517875,0.0,0.0,0,0,OFF,0.0,esp32-irrigation
25.21726357,43.86851446,851.88,776.1083581,68.86254505994594,1.8012622682528752,3.9161255358123657,0.0,0.0,0.0,0,0,OFF,0.0,esp32-irrigation
25.28693515,54.68116237,852.78,487.3414107,25.783382503885434,1.4603200394577112,3.686643987750356,0.0,0.570276958268576,0.4933351966844356,1,1,ON,100.0,esp32-irrigation
20.02291105,46.04152574,856.9,387.8460711,10.940354426085277,1.2634914261203958,2.7709707208008445,0.0,0.8176607595652453,0.6671072195790672,1,1,ON,100.0,esp32-irrigation
20.1466308,80.1029758,853.36,961.0185752,96.44803353932215,0.469488182254617,2.346968769172646,0.0,0.0,0.0,0,0,OFF,0.0,esp32-irrigation
21.62493783,58.41349063,855.55,968.3064212,97.53525735542829,1.0746325422567256,2.8885892633772183,0.0,0.0,0.0,0,0,OFF,0.0,esp32-irrigation
19.96646722,76.25676716,855.32,953.3472039,95.3035942112199,0.5540321763814092,2.3719503040787355,0.0,0.0,0.0,0,0,OFF,0.0,esp32-irrigation
19.90370961,77.89804196,853.58,525.8158836,31.52312552932923,0.5137334634865905,2.342147507190051,0.0,0.4746145745111795,0.2982636345518004,1,1,ON,100.0,esp32-irrigation
30.78703296,48.30740647,859.27,875.2291588,83.64969824520061,2.294328354620136,5.321394376804823,0.4733791200000001,0.0,0.0,0,0,OFF,0.0,esp32-irrigation
21.14581903,44.554376,856.65,700.0782097,57.52012809853367,1.3913350330327765,3.0069215829775686,0.0,0.0413311983577722,0.0350419852369849,0,1,ON,100.0,esp32-irrigation
24.04732436,73.41661446,849.65,775.4065809,68.75785172731511,0.795482246646936,3.0461700351146184,0.0,0.0,0.0,0,0,OFF,0.0,esp32-irrigation
32.77765962,54.68038381,854.13,498.0949469,27.387628897675736,2.251366687667209,5.675066605952162,0.7222074525000002,0.543539518372071,0.543539518372071,1,1,ON,100.0,esp32-irrigation
21.83575819,38.76723376,853.33,502.6509058,28.06730119334176,1.6028158832517998,3.2376262590564813,0.0,0.5322116467776373,0.479365143565517,1,1,ON,100.0,esp32-irrigation
30.37214672,38.69525471,856.09,583.453298,40.12165651289506,2.6572421212644386,5.418597125442839,0.42151834,0.3313057247850823,0.3313057247850823,1,1,ON,100.0,esp32-irrigation
29.82178446,74.59444184,852.04,916.5955197,89.82086222919804,1.067004110983527,4.0909351530654,0.3527230575,0.0,0.0,0,0,OFF,0.0,esp32-irrigation
25.02030431,53.68977186,854.31,584.6279417,40.29689355907838,1.4687802678152084,3.6503806585054215,0.0,0.3283851073486937,0.2847739451538819,1,1,ON,100.0,esp32-irrigation
30.69075287,49.88830091,855.18,732.1867243,62.31017741803223,2.2119801778132144,5.230296699278074,0.4613441087500001,0.0,0.0,0,1,ON,100.0,esp32-irrigation
25.888154,77.83079457,856.66,744.7648632,64.18662378838233,0.7402916534521929,3.2595818150126714,0.0,0.0,0.0,0,0,OFF,0.0,esp32-irrigation
31.29363922,58.7362663,850.84,328.3617978,2.0663032159576447,1.8850278188153948,5.053850918594088,0.5367049024999999,0.9655616130673724,0.9378084318867522,1,1,ON,100.0,esp32-irrigation
20.19811065,42.37221302,854.34,907.9553649,88.53189672781349,1.3641138351229862,2.852074510372526,0.0,0.0,0.0,0,0,OFF,0.0,esp32-irrigation
21.95947665,53.09095552,853.78,596.6268785,42.08693273621135,1.2371828078963525,3.0344503763579374,0.0,0.2985511210631441,0.2416161390959481,1,1,ON,100.0,esp32-irrigation
20.52524238,39.82211644,853.5,647.815273,49.72337862277841,1.453535156346901,2.950534182077371,0.0,0.1712770229536931,0.1478778050612536,1,1,ON,100.0,esp32-irrigation
35.13893199,53.73724157,857.8,525.6421453,31.497206702623817,2.621248382402449,6.40505069405195,1.0,0.4750465549562697,0.4750465549562697,1,1,ON,100.0,esp32-irrigation
23.61996582,58.31014591,855.78,913.4611539,89.35326766886453,1.215895637977893,3.264525435699602,0.0,0.0,0.0,0,0,OFF,0.0,esp32-irrigation
27.98793106,75.64187376,851.09,549.4444564,35.048110427302746,0.9200733956475046,3.69430905116472,0.1234913825000001,0.4158648262116209,0.3035889538015318,1,1,ON,100.0,esp32-irrigation
21.09114645,57.3407776,857.36,925.4460291,91.14120909222876,1.0668914993375358,2.8095761211605628,0.0,0.0,0.0,0,0,OFF,0.0,esp32-irrigation
30.17273369,70.19543203,859.28,809.6380006,73.86460271477607,1.277210753372051,4.326154139553805,0.3965917112500001,0.0,0.0,0,0,OFF,0.0,esp32-irrigation
19.65435171,53.83813867,857.82,700.2228324,57.54170336834448,1.0565137041546653,2.606363174595821,0.0,0.040971610527592,0.0313075722647181,0,0,OFF,0.0,esp32-irrigation
32.32824783,52.84641391,849.92,444.7419024,19.42825370750731,2.283971242864211,5.616295422171525,0.6660309787500003,0.6761957715415449,0.6761957715415449,1,1,ON,100.0,esp32-irrigation
25.32425607,72.96533491,853.35,591.7704172,41.36243054621481,0.8730788779341689,3.276380764864612,0.0,0.3106261575630865,0.2231133630570887,1,1,ON,100.0,esp32-irrigation
20.89732904,41.66124511,858.26,375.5391579,9.104370359765754,1.4417631237425397,2.9992616194966844,0.0,0.8482604940039041,0.7298779218975667,1,1,ON,100.0,esp32-irrigation
32.82058782,67.90740174,851.89,499.9039972,27.65750871822818,1.598130320533811,5.064953269534161,0.7275734775,0.5390415213628637,0.4848854105105984,1,1,ON,100.0,esp32-irrigation
24.7932803,47.29524282,855.73,350.7498246,5.406219555103877,1.6491216350365123,3.7394204181952064,0.0,0.9098963407482688,0.8300806056662655,1,1,ON,100.0,esp32-irrigation
22.90275255,62.95637252,856.79,516.0959755,30.073079030448422,1.0346118707413337,3.043599004761048,0.0,0.498782016159193,0.3784024567872457,1,1,ON,100.0,esp32-irrigation
33.00537469,75.49172108,851.32,711.2870605,59.19229975816258,1.2331743597376457,4.749864006531257,0.7506718362499996,0.0134616706972902,0.0108809821344276,0,0,OFF,0.0,esp32-irrigation
29.7862007,73.90159317,853.88,750.2619903,65.00670251991454,1.0938648075714783,4.1082200806505815,0.3482750874999998,0.0,0.0,0,0,OFF,0.0,esp32-irrigation
28.36371128,65.17645312,846.09,850.7213582,79.99354737528662,1.344440022399245,4.090268312043163,0.17046391,0.0,0.0,0,0,OFF,0.0,esp32-irrigation
28.76767419,55.52940988,851.59,775.4189213,68.7596927070477,1.7575713906715176,4.492314559469769,0.2209592737500001,0.0,0.0,0,0,OFF,0.0,esp32-irrigation
25.18794099,42.38415751,853.95,829.2390953,76.7887557470425,1.84567385497011,3.942470670603867,0.0,0.0,0.0,0,0,OFF,0.0,esp32-irrigation
25.59238842,43.45129763,851.41,859.3998765,81.28823606440993,1.8555268503038165,4.0184493778384685,0.0,0.0,0.0,0,0,OFF,0.0,esp32-irrigation
20.34959659,72.13734976,859.24,540.8247005,33.76218809805744,0.665740528650465,2.481672670208244,0.0,0.4372968650323761,0.2914299940421493,1,1,ON,100.0,esp32-irrigation
23.97497287,46.0204047,851.15,713.5948282,59.53657981093544,1.608288590201368,3.5792698243063192,0.0,0.0077236698177427,0.0069673074194609,0,1,ON,100.0,esp32-irrigation
21.05278888,67.10195475,853.97,477.5211014,24.31835783781976,0.8208328818938097,2.6610035794916085,0.0,0.5946940360363374,0.4193831228793607,1,1,ON,100.0,esp32-irrigation
26.31763165,42.5794163,854.77,664.62704,52.23141096501319,1.966697665925053,4.225264657001534,0.0,0.1294764839164468,0.128398516635888,1,1,ON,100.0,esp32-irrigation
22.86411147,58.67516189,858.46,658.7575893,51.35578782636556,1.1514873688953469,3.112357234904904,0.0,0.1440702028939074,0.1135088561635847,1,1,ON,100.0,esp32-irrigation
29.51032647,79.75665544,850.47,560.1368757,36.64323920949057,0.8351062363712844,3.848269286109596,0.3137908087499998,0.3892793465084905,0.2759120757441899,1,1,ON,100.0,esp32-irrigation
37.3878475,53.65013921,856.02,854.2611814,80.52162934735969,2.970372644245551,6.887503048535571,1.0,0.0,0.0,0,0,OFF,0.0,esp32-irrigation
37.7600683,50.23740098,853.09,970.3550923,97.84088456150371,3.254121082181293,6.96838719099876,1.0,0.0,0.0,0,0,OFF,0.0,esp32-irrigation
25.28291315,75.69513723,852.11,795.678058,71.78201451708445,0.7829943657416237,3.2068370828680424,0.0,0.0,0.0,0,0,OFF,0.0,esp32-irrigation
21.05360584,61.23333244,856.23,400.6241727,12.846631861714858,0.9673082826905453,2.746388253090522,0.0,0.7858894689714191,0.5829940826395416,1,1,ON,100.0,esp32-irrigation
29.56103915,43.79085936,854.55,478.1030409,24.4051734049891,2.325594899489925,5.1090832545056095,0.3201298937499999,0.5932471099168484,0.5932471099168484,1,1,ON,100.0,esp32-irrigation
25.7703769,73.92037316,853.01,688.2043706,55.7487513902262,0.8648215615769319,3.333340775486416,0.0,0.07085414349623,0.0507461195037664,0,0,OFF,0.0,esp32-irrigation
34.12205639,60.50837005,853.68,347.9880239,4.994205429616248,2.1149807394506337,5.809104282641273,0.8902570487499997,0.9167632428397292,0.9167632428397292,1,1,ON,100.0,esp32-irrigation
22.51021124,63.80556755,853.94,515.549803,29.99159929697131,0.987122765523648,2.958643233053718,0.0,0.5001400117171448,0.3734949037373868,1,1,ON,100.0,esp32-irrigation
34.03259122,54.10872441,853.8,433.6503126,17.773575413119723,2.4455095319919686,6.117874428582539,0.8790739025000001,0.7037737431146713,0.7037737431146713,1,1,ON,100.0,esp32-irrigation
38.08855045,64.59754627,854.68,707.6423586,58.64857165135472,2.356579845369894,6.878459872707788,1.0,0.0225238058107546,0.0225238058107546,0,1,ON,100.0,esp32-irrigation
28.092736,52.22665191,858.19,418.5890937,15.526695349014735,1.815572883662173,4.421034899292678,0.1365919999999998,0.7412217441830877,0.7070463969714424,1,1,ON,100.0,esp32-irrigation
35.49308122,42.98836862,850.25,964.6941636,96.99636939146328,3.2939828724378564,6.480310257322454,1.0,0.0,0.0,0,0,OFF,0.0,esp32-irrigation
38.74010263,40.42691826,858.28,346.0072383,4.698705596205938,4.107273540194154,7.182739123490247,1.0,0.9216882400632344,0.9216882400632344,1,1,ON,100.0,esp32-irrigation
18.04562376,69.49223436,850.55,536.6965723,33.146340933479706,0.6314855894976528,2.1787960477608763,0.0,0.4475609844420048,0.2944375702451298,1,1,ON,100.0,esp32-irrigation
18.7885571,75.30520844,854.97,626.4433253,46.53504416345889,0.5355247511011668,2.219571323554687,0.0,0.2244159306090184,0.142253036650142,1,1,ON,100.0,esp32-irrigation
22.59559292,40.63851895,856.36,802.9147537,72.86160757036144,1.6273637974801336,3.3720062964515045,0.0,0.0,0.0,0,0,OFF,0.0,esp32-irrigation
33.05202452,63.483429,854.34,394.8078072,11.978928140371432,1.842204433398862,5.339043019775316,0.7565030650000004,0.800351197660476,0.7687782299817926,1,1,ON,100.0,esp32-irrigation
21.03142206,81.0624899,853.52,706.6801657,58.5050286845346,0.4718866896855908,2.4552588653699985,0.0,0.0249161885910899,0.0153974987340028,0,0,OFF,0.0,esp32-irrigation
37.05338508,68.59722314,852.63,474.0306089,23.79763517491775,1.976203020590804,6.243918421337426,1.0,0.6033727470847041,0.5997831348750929,1,1,ON,100.0,esp32-irrigation
37.29350844,70.03476391,851.89,566.2980198,37.56237808810869,1.9105312669669388,6.219383604421593,1.0,0.3739603651981885,0.3655959251784728,1,1,ON,100.0,esp32-irrigation
25.96981321,67.4054608,853.01,654.4342225,50.710814352622805,1.093692212949008,3.528245080855013,0.0,0.1548197607896199,0.1197411720913688,1,1,ON,100.0,esp32-irrigation
21.77420939,77.16772892,857.11,556.7583466,36.13921959917944,0.5954114224967215,2.620519805222705,0.0,0.3976796733470094,0.2580355916748983,1,1,ON,100.0,esp32-irrigation
19.10501023,63.80477998,856.2,745.3244493,64.27010460494758,0.8005768545649553,2.3971682713646256,0.0,0.0,0.0,0,0,OFF,0.0,esp32-irrigation
23.62544552,63.05003005,853.03,777.7898994,69.11340268634557,1.0780111902364762,3.174669789972534,0.0,0.0,0.0,0,0,OFF,0.0,esp32-irrigation
22.76031482,48.2711668,857.12,899.0348564,87.2011071786138,1.4323535781066574,3.2748437977174585,0.0,0.0,0.0,0,0,OFF,0.0,esp32-irrigation
21.90009999,72.92386873,855.74,699.3081603,57.40524970411396,0.7115268500330468,2.706894067798056,0.0,0.0432458382647672,0.0293155629017757,0,0,OFF,0.0,esp32-irrigation
37.03614625,42.74534302,855.19,323.8603118,1.3947573590517564,3.599703011326305,6.811345945466239,1.0,0.976754044015804,0.976754044015804,1,1,ON,100.0,esp32-irrigation
35.20084125,45.67611975,854.95,951.0137354,94.95548003216982,3.0885286649769066,6.418187516925044,1.0,0.0,0.0,0,0,OFF,0.0,esp32-irrigation
32.28461613,56.27765434,851.65,810.5694342,74.00355691235947,2.112569482309356,5.448328260345915,0.6605770162500004,0.0,0.0,0,0,OFF,0.0,esp32-irrigation
28.93410596,41.43890154,852.73,576.6421448,39.10554722982469,2.3368509623172184,4.996946971856001,0.241763245,0.3482408795029219,0.3482408795029219,1,1,ON,100.0,esp32-irrigation
37.47040537,51.12904756,854.97,952.4619199,95.17152475629211,3.1460101180983737,6.905417846315573,1.0,0.0,0.0,0,0,OFF,0.0,esp32-irrigation
37.7429928,39.53782934,854.6,603.3552253,43.09068869976783,3.950141673001361,6.964670285578531,1.0,0.2818218550038694,0.2818218550038694,1,1,ON,100.0,esp32-irrigation
36.15828165,69.67124858,853.21,691.5138807,56.24247452877272,1.817537304600188,5.899269515892677,1.0,0.0626254245204547,0.0597687235808148,0,1,ON,100.0,esp32-irrigation
27.97933696,62.35873129,854.54,314.8306485,0.0476837530536173,1.421102822529728,4.089257707544751,0.1224171200000001,0.9992052707824396,0.8545959930400965,1,1,ON,100.0,esp32-irrigation
21.06581973,53.92178816,858.27,874.0548841,83.47451624759928,1.150608887607656,2.854829375464459,0.0,0.0,0.0,0,0,OFF,0.0,esp32-irrigation
35.70978452,72.84550331,851.84,801.0478617,72.58309874285632,1.5877364544466743,5.573872676168911,1.0,0.0,0.0,0,0,OFF,0.0,esp32-irrigation
32.33313773,68.55599403,855.09,455.2842278,21.00099100903923,1.5234685247336777,4.90928529687908,0.6666422162499996,0.6499834831826796,0.5725490861477334,1,1,ON,100.0,esp32-irrigation
27.15720864,69.27381179,853.84,438.4273184,18.486224181416546,1.105637539834925,3.715020914630942,0.01965108,0.6918962636430576,0.5371947525103505,1,1,ON,100.0,esp32-irrigation
24.64555541,76.09591583,854.1,545.9472475,34.52638579069843,0.7413875926448645,3.090687961577016,0.0,0.4245602368216928,0.2909710413883385,1,1,ON,100.0,esp32-irrigation
37.3562437,79.46932094,855.86,591.8485728,41.37409004473909,1.3134702872931308,5.574393820199278,1.0,0.3104318325876819,0.2571516633773099,1,1,ON,100.0,esp32-irrigation
38.6600172,73.60851221,855.02,385.1969923,10.54515650860708,1.8117416989338329,6.376112083348937,1.0,0.8242473915232154,0.7854545381266202,1,1,ON,100.0,esp32-irrigation
28.92008812,52.11539667,856.16,682.278218,54.8646692835792,1.9092627003745668,4.643403380944412,0.2400110149999998,0.08558884527368,0.0836473200991318,0,1,ON,100.0,esp32-irrigation
19.34344335,80.55336687,858.54,786.1124603,70.35498852960752,0.4365611754850857,2.233467291181884,0.0,0.0,0.0,0,0,OFF,0.0,esp32-irrigation
23.23969115,52.90227943,854.86,732.2515907,62.31985439185206,1.3424857469894624,3.2901991200329346,0.0,0.0,0.0,0,0,OFF,0.0,esp32-irrigation
22.75061775,64.1561389,856.57,954.4160163,95.46304301080067,0.9919211240139246,2.9951701378176687,0.0,0.0,0.0,0,0,OFF,0.0,esp32-irrigation
30.94334925,76.71180447,853.11,400.3056792,12.79911799843139,1.0428740654958637,4.2439293402129765,0.4929186562500001,0.7866813666928102,0.5984430821295983,1,1,ON,100.0,esp32-irrigation
26.78647556,46.03085039,855.2,550.5436597,35.21209303704811,1.9002108303943248,4.257931638641074,0.0,0.4131317827158647,0.4028252633321326,1,1,ON,100.0,esp32-irrigation
24.94407796,52.00382716,854.28,950.3219321,94.85227463734935,1.5153549033414968,3.670797525302507,0.0,0.0,0.0,0,0,OFF,0.0,esp32-irrigation
21.77951708,62.41328463,855.23,900.5903422,87.43315944856775,0.9804899958673724,2.853473490275092,0.0,0.0,0.0,0,0,OFF,0.0,esp32-irrigation
33.88432762,78.86009641,855.02,595.1944838,41.87324358417601,1.1172644179285962,4.782074602502154,0.8605409525000001,0.3021126069303998,0.2354412199479459,1,1,ON,100.0,esp32-irrigation
38.00055277,58.95708995,850.99,767.541771,67.58455461971612,2.719074582829045,7.020799577751442,1.0,0.0,0.0,0,1,ON,100.0,esp32-irrigation
21.22292547,49.53367285,860.28,617.4804099,45.19792821937556,1.2723896417875376,2.948532719783588,0.0,0.2467011963437407,0.2018256098829626,1,1,ON,100.0,esp32-irrigation
34.85652452,53.26276815,850.9,743.8156669,64.0450196952772,2.607117977798413,6.345229715359027,0.982065565,0.0,0.0,0,1,ON,100.0,esp32-irrigation
28.01313321,58.22029426,851.2,678.2163406,54.25870562197286,1.580451820139945,4.220928155543096,0.1266416512499999,0.0956882396337857,0.0856517829406938,1,1,ON,100.0,esp32-irrigation
23.58289149,39.22574001,857.67,922.4233099,90.6902703232645,1.7685454410773511,3.6217384308989047,0.0,0.0,0.0,0,0,OFF,0.0,esp32-irrigation
25.90978881,43.39140052,856.47,548.7078119,34.93821548105888,1.8927401179682588,4.099904997782811,0.0,0.4176964086490187,0.4064958917698248,1,1,ON,100.0,esp32-irrigation
24.81508818,51.85650627,856.18,643.680569,49.10655045964912,1.5083615905393688,3.6453971502087072,0.0,0.1815574923391814,0.1592423331493574,1,1,ON,100.0,esp32-irrigation
19.58978838,66.36868278,856.82,783.105208,69.90635716149137,0.7666459849922886,2.440939588976014,0.0,0.0,0.0,0,0,OFF,0.0,esp32-irrigation
34.97003219,41.4853933,853.37,612.2345221,44.41533015778364,3.2846442132735203,6.369252883800865,0.9962540237499996,0.2597444973702726,0.2597444973702726,1,1,ON,100.0,esp32-irrigation
31.08826754,73.96810956,851.63,680.6630939,54.62371998422697,1.1753964976102322,4.384471030233189,0.5110334425,0.0896046669295504,0.0711325863844064,1,1,ON,100.0,esp32-irrigation
34.56218172,55.89046785,853.64,438.8704127,18.552326384418752,2.4207487107645345,6.203392622948589,0.9452727149999998,0.6907945602596876,0.6907945602596876,1,1,ON,100.0,esp32-irrigation
18.45160356,58.90983537,853.69,846.5366967,79.36926639498843,0.8724798992353665,2.3506740377191173,0.0,0.0,0.0,0,0,OFF,0.0,esp32-irrigation
35.00805429,67.80622545,855.84,315.0687518,0.0832047531479427,1.810959295970389,5.6742304402344965,1.0,0.9986132541142008,0.9514186159614384,1,1,ON,100.0,esp32-irrigation
24.42529874,48.60243681,854.3,352.1838214,5.620147713462315,1.5732498524654404,3.627794044942055,0.0,0.9063308714422948,0.8096366631665134,1,1,ON,100.0,esp32-irrigation
34.66289723,39.05143443,851.38,944.4580077,93.97747592953836,3.36360656481758,6.304313732550961,0.9578621537499998,0.0,0.0,0,0,OFF,0.0,esp32-irrigation
28.94137254,64.14341877,853.32,498.8830547,27.505201301074344,1.4314399668699145,4.254853325209815,0.2426715674999999,0.5415799783154276,0.464599795712025,1,1,ON,100.0,esp32-irrigation
31.68462827,70.65105297,854.83,320.3407851,0.8697032827634742,1.3707989123186295,4.658063902198563,0.5855785337500001,0.9855049452872754,0.8304847494147446,1,1,ON,100.0,esp32-irrigation
34.44553299,46.85157527,852.06,627.1491434,46.640340330276736,2.8979935610132967,6.2584780858084565,0.9306916237499996,0.2226609944953877,0.2226609944953877,1,1,ON,100.0,esp32-irrigation
21.05036779,39.15056198,853.02,818.4240494,75.17533314250879,1.518017099581722,3.066516137710188,0.0,0.0,0.0,0,0,OFF,0.0,esp32-irrigation
38.64525079,65.09017888,853.57,491.5146171,26.40595457629289,2.3946106065941777,7.041139327718553,1.0,0.5599007570617852,0.5599007570617852,1,1,ON,100.0,esp32-irrigation
25.06028839,71.29580483,855.21,396.8247143,12.27981669290032,0.9125555469492044,3.266970702517746,0.0,0.7953363884516613,0.5791153524688584,1,1,ON,100.0,esp32-irrigation
34.78510786,55.21350843,852.16,753.4293625,65.47922107893903,2.488445963094372,6.318426876556163,0.9731384824999996,0.0,0.0,0,1,ON,100.0,esp32-irrigation
30.62484714,76.69472676,852.75,629.0880023,46.92958540655157,1.0248554858127552,4.17867461785046,0.4531058925,0.2178402432241404,0.1647338136868315,1,1,ON,100.0,esp32-irrigation
25.34217794,42.43423806,855.14,472.4148053,23.556584505615746,1.8610549154659333,3.979620440016863,0.0,0.6073902582397376,0.5862917855456654,1,1,ON,100.0,esp32-irrigation
34.94844096,46.68273708,849.79,422.9271637,16.1738622924347,2.9893272765529004,6.364681105162483,0.99355512,0.7304356284594217,0.7304356284594217,1,1,ON,100.0,esp32-irrigation
26.11007528,68.80425056,850.95,920.3563143,90.38190941057417,1.055469094433299,3.5210900499846187,0.0,0.0,0.0,0,0,OFF,0.0,esp32-irrigation
34.24618538,70.39869471,851.69,396.1873216,12.184728442729815,1.596282369145955,5.31765305152023,0.9057731725,0.7969211926211698,0.7164884086555701,1,1,ON,100.0,esp32-irrigation
18.62049571,45.19446313,854.83,513.7249077,29.719355669422093,1.1760738791431906,2.5282236677710643,0.0,0.5046774055096318,0.4007231812582243,1,1,ON,100.0,esp32-irrigation
20.68289473,44.33889236,855.9,480.5654407,24.772521961384896,1.3575598319937907,2.919173825088409,0.0,0.5871246339769184,0.4928265218537395,1,1,ON,100.0,esp32-irrigation
25.29110443,62.95370189,858.25,839.8127319,78.36616415199111,1.19404781215368,3.498865794126175,0.0,0.0,0.0,0,0,OFF,0.0,esp32-irrigation
27.24063361,39.04218351,856.48,443.6530976,19.265822378737383,2.2042247230644736,4.571002042747882,0.0300792012499999,0.6789029603543769,0.6789029603543769,1,1,ON,100.0,esp32-irrigation
36.08807704,81.25275284,852.87,720.4648464,60.5614707600749,1.119167137688984,5.147570924520399,1.0,0.0,0.0,0,0,OFF,0.0,esp32-irrigation
29.32185133,38.62366615,854.03,591.5367559,41.32757221766859,2.5046374946049528,5.208002160181934,0.2902314162500001,0.3112071297055235,0.3112071297055235,1,1,ON,100.0,esp32-irrigation
20.09083503,69.96912367,852.68,803.9366874,73.01406285785261,0.7061645452793489,2.4715391196618803,0.0,0.0,0.0,0,0,OFF,0.0,esp32-irrigation
26.25967073,39.02872896,854.4,803.6978356,72.97843019417122,2.081184046536111,4.299478031741711,0.0,0.0,0.0,0,0,OFF,0.0,esp32-irrigation
25.12842393,78.17095604,853.86,844.9427376,79.13147455698595,0.6968029391975202,3.1249894333939108,0.0,0.0,0.0,0,0,OFF,0.0,esp32-irrigation
22.84876622,54.20839443,855.66,439.9940878,18.71995977435117,1.2747656594294063,3.1883622438696,0.0,0.6880006704274806,0.5632602422950805,1,1,ON,100.0,esp32-irrigation
25.46312651,65.96604603,852.48,870.4558609,82.93760263310214,1.1082214703004494,3.4635716348491057,0.0,0.0,0.0,0,0,OFF,0.0,esp32-irrigation
25.40140352,73.03983178,855.85,467.4725687,22.81928608625408,0.8746721421659277,3.288370645372303,0.0,0.6196785652290987,0.4453431771403604,1,1,ON,100.0,esp32-irrigation
27.21937541,45.90056323,858.17,776.0257868,68.8502268133904,1.9537928566236773,4.374973109121921,0.0274219262500001,0.0,0.0,0,0,OFF,0.0,esp32-irrigation
33.10112369,45.67730177,853.36,580.8616965,39.73503324003003,2.748049550675585,5.977255987083586,0.7626404612500002,0.3377494459994995,0.3377494459994995,1,1,ON,100.0,esp32-irrigation
37.28073676,79.15735017,854.13,984.177495,99.90295412379264,1.3279688729966062,5.577057450855471,1.0,0.0,0.0,0,0,OFF,0.0,esp32-irrigation
24.54923461,73.57998875,856.38,484.747617,25.39643219172105,0.8147170844998949,3.127890271811521,0.0,0.5767261301379825,0.4058302228942222,1,1,ON,100.0,esp32-irrigation
38.30106906,40.35068229,852.0,612.731316,44.48944343621682,4.016408631075781,7.086465915090375,1.0,0.2585092760630529,0.2585092760630529,1,1,ON,100.0,esp32-irrigation
37.8195853,70.85097646,853.62,637.8018802,48.22954915215221,1.9122931347872327,6.324869604897259,1.0,0.1961741807974631,0.1918727251891061,1,1,ON,100.0,esp32-irrigation
29.81101635,38.8661281,854.05,827.4999962,76.52931146678623,2.565964539470617,5.3057766123453405,0.3513770437499999,0.0,0.0,0,0,OFF,0.0,esp32-irrigation
30.52903301,79.903196,854.18,960.2863964,96.33880480026704,0.8789394399460204,4.036632651294124,0.4411291262499999,0.0,0.0,0,0,OFF,0.0,esp32-irrigation
30.11833525,77.59880016,852.05,952.5404898,95.18324606139502,0.9569680018372108,4.042327992903213,0.3897919062500001,0.0,0.0,0,0,OFF,0.0,esp32-irrigation
34.81907373,43.09319288,853.48,732.4813806,62.35413517275504,3.167830134942316,6.337309576850798,0.97738421625,0.0,0.0,0,1,ON,100.0,esp32-irrigation
24.13886404,48.92517527,855.95,717.6937348,60.14806760520474,1.536779565307663,3.557454710415718,0.0,0.0,0.0,0,1,ON,100.0,esp32-irrigation
28.20253893,67.51298597,857.84,622.636939,45.96719546870602,1.242542694773184,3.9830961724606095,0.1503173662499999,0.2338800755215662,0.1895915325838638,1,1,ON,100.0,esp32-irrigation
27.40750908,77.92590076,856.71,472.3562802,23.547853546899,0.8060293350823059,3.5213157819778846,0.050938635,0.60753577421835,0.4261908011421577,1,1,ON,100.0,esp32-irrigation
22.0667502,46.52886097,860.33,516.4788063,30.130190934747564,1.4195021992979346,3.1615630601286413,0.0,0.4978301510875406,0.425582824130167,1,1,ON,100.0,esp32-irrigation
30.04449357,80.63023241,852.08,489.694382,26.13440617205489,0.8239716284513091,3.917247141125796,0.38056169625,0.5644265637990851,0.3984811506282197,1,1,ON,100.0,esp32-irrigation
21.73983164,38.29166808,857.17,931.4820084,92.04167549183208,1.605832109422645,3.224504285809702,0.0,0.0,0.0,0,0,OFF,0.0,esp32-irrigation
29.03830794,76.74970929,854.57,768.6082338,67.74365289856985,0.9333954469169962,3.8602975401925033,0.2547884924999999,0.0,0.0,0,0,OFF,0.0,esp32-irrigation
25.536238,62.90982634,860.01,591.3579467,41.30089689813261,1.2129897951553672,3.549328108935972,0.0,0.3116517183644564,0.2503334476869082,1,1,ON,100.0,esp32-irrigation
36.17255827,56.40920628,851.24,406.0014434,13.648830038060726,2.614347758190717,6.625455381085482,1.0,0.7725194993656547,0.7725194993656547,1,1,ON,100.0,esp32-irrigation
19.84691837,69.92417688,853.12,970.1057219,97.80368269995068,0.696620687930589,2.4354496651302653,0.0,0.0,0.0,0,0,OFF,0.0,esp32-irrigation
19.57319679,42.86866478,853.75,820.9757999,75.55601131770084,1.301001683098506,2.727355448997344,0.0,0.0,0.0,0,0,OFF,0.0,esp32-irrigation
21.6781965,76.95323731,849.69,413.8153826,14.814538094439111,0.5974905662606269,2.6096401583452136,0.0,0.7530910317593481,0.4890367126325972,1,1,ON,100.0,esp32-irrigation
23.88780146,45.23588435,853.42,632.233656,47.39886393135332,1.623143515118107,3.575185849559352,0.0,0.2100189344774446,0.190232185125992,1,1,ON,100.0,esp32-irrigation
31.10317827,43.16950969,851.97,745.1945798,64.25073026397142,2.5681979181633228,5.566632967764734,0.5128972837500001,0.0,0.0,0,1,ON,100.0,esp32-irrigation
29.76043996,71.17944254,854.4,768.5427327,67.73388123820531,1.206171983038568,4.199378353851874,0.3450549949999999,0.0,0.0,0,0,OFF,0.0,esp32-irrigation
28.01483927,78.3721853,855.09,340.1917219,3.831128546274376,0.8182229581024753,3.6176006815557495,0.1268549087499999,0.9361478575620936,0.6595683460899846,1,1,ON,100.0,esp32-irrigation
23.75044919,73.54626134,859.44,954.3504479,95.45326131041018,0.7776112584742826,2.9940142853685034,0.0,0.0,0.0,0,0,OFF,0.0,esp32-irrigation
30.36600999,43.2572783,856.33,910.2128794,88.86867984996027,2.4586389258708765,5.381508617238566,0.4207512487499998,0.0,0.0,0,0,OFF,0.0,esp32-irrigation
37.32422617,72.92041943,851.68,982.0529366,99.58600581132993,1.7294315324737402,6.02624128834832,1.0,0.0,0.0,0,0,OFF,0.0,esp32-irrigation
21.58123623,55.8568377,852.76,502.8338906,28.09459944203492,1.1376550231199376,2.920123030869021,0.0,0.5317566759660847,0.4171172513556366,1,1,ON,100.0,esp32-irrigation
23.06153037,42.66778546,856.06,917.4931595,89.95477496127894,1.6167170019636656,3.439065793791701,0.0,0.0,0.0,0,0,OFF,0.0,esp32-irrigation
28.44902869,39.504915,850.89,335.346961,3.108371858795034,2.347141977336197,4.911744254799556,0.1811285862499998,0.948193802353416,0.948193802353416,1,1,ON,100.0,esp32-irrigation
21.36529747,53.66568181,859.61,646.240886,49.48850661228754,1.1784482804923702,2.913662233356164,0.0,0.1751915564618742,0.1392093253482565,1,1,ON,100.0,esp32-irrigation
24.85938228,39.35000841,857.57,953.3265446,95.30051219178864,1.9052232337922528,3.928100419040016,0.0,0.0,0.0,0,0,OFF,0.0,esp32-irrigation
28.1304323,71.87059266,853.05,467.1645847,22.7733400632756,1.0713737997418826,3.835594079781929,0.1413040374999998,0.6204443322787401,0.4764041165898173,1,1,ON,100.0,esp32-irrigation
28.15343986,55.54104585,849.94,617.0574443,45.13482887922572,1.6955900338176404,4.33612508320945,0.1441799824999998,0.2477528520129046,0.2288982426871967,1,1,ON,100.0,esp32-irrigation
27.89910931,46.21754781,857.64,843.2137374,78.87353686243364,2.0210273480286824,4.549138268079876,0.11238866375,0.0,0.0,0,0,OFF,0.0,esp32-irrigation
20.36099588,53.03179025,854.87,626.8416068,46.594461051839154,1.1230321637047949,2.740258828878251,0.0,0.2234256491360141,0.1744413721120986,1,1,ON,100.0,esp32-irrigation
26.93680757,40.22559701,857.46,436.420616,18.18685799816881,2.123272641297356,4.453395981056577,0.0,0.6968857000305199,0.6968857000305199,1,1,ON,100.0,esp32-irrigation
34.72321388,44.42303498,849.45,353.0036516,5.742452564388506,3.077426043687907,6.317050773028052,0.9654017350000004,0.9042924572601916,0.9042924572601916,1,1,ON,100.0,esp32-irrigation
36.27439013,60.54049124,851.75,448.9210151,20.05170690034802,2.379812724620197,6.519465568572996,1.0,0.6658048849941997,0.6658048849941997,1,1,ON,100.0,esp32-irrigation
22.83539244,47.55073016,854.87,575.8246037,38.983583874045,1.4589224344732434,3.3031605913470323,0.0,0.3502736020992499,0.3028923051262124,1,1,ON,100.0,esp32-irrigation
26.00784015,58.12462164,854.6,862.0829708,81.68850852129479,1.4082681525921288,3.7634053717484295,0.0,0.0,0.0,0,0,OFF,0.0,esp32-irrigation
22.59322997,63.13648497,853.76,835.5262897,77.72669920635391,1.0104490099718413,2.984824227582965,0.0,0.0,0.0,0,0,OFF,0.0,esp32-irrigation
34.44929749,70.28475545,855.02,918.0926036,90.04420191979922,1.6206045651923664,5.378571138962308,0.93116218625,0.0,0.0,0,0,OFF,0.0,esp32-irrigation
26.57203514,59.46495826,851.74,371.4096402,8.488315905202407,1.409320775718526,3.853784163630218,0.0,0.8585280682466265,0.7317493949026791,1,1,ON,100.0,esp32-irrigation
30.04343366,54.76592841,853.64,594.7727141,41.81032265215414,1.9240977662199343,4.859225331528456,0.3804292075000002,0.3031612891307643,0.2974086343705969,1,1,ON,100.0,esp32-irrigation
24.9617897,43.81799127,854.91,502.4192963,28.032748958780765,1.7756745100953284,3.855246330477583,0.0,0.5327875173536539,0.5029080621422909,1,1,ON,100.0,esp32-irrigation
35.11111829,67.32314988,854.67,900.0608184,87.35416342058431,1.8486292355392075,5.732236222034779,1.0,0.0,0.0,0,0,OFF,0.0,esp32-irrigation
28.61179163,78.32114465,855.95,871.6862324,83.12115332797937,0.849092529926711,3.728602683168619,0.2014739537499998,0.0,0.0,0,0,OFF,0.0,esp32-irrigation
38.84395622,42.16186924,850.13,705.8785979,58.38544827594972,4.009984349963164,7.205571362200265,1.0,0.0269091954008379,0.0269091954008379,0,1,ON,100.0,esp32-irrigation
33.31756932,66.38175876,849.77,812.8163182,74.3387541430402,1.721403709884968,5.272040162499255,0.7896961649999996,0.0,0.0,0,0,OFF,0.0,esp32-irrigation
30.80433448,71.2069125,857.1,431.0813607,17.390331078907526,1.2792160989404686,4.430516038938192,0.4755418100000002,0.7101611486848747,0.5821929679023742,1,1,ON,100.0,esp32-irrigation
20.35116486,46.97948873,855.99,670.2607412,53.071864250862745,1.266976417629378,2.819795404626974,0.0,0.1154689291522875,0.0943085671273602,1,1,ON,100.0,esp32-irrigation
32.9784717,66.1443331,851.77,884.4500056,85.02529320777606,1.7009347018202106,5.190855839408926,0.7473089625,0.0,0.0,0,0,OFF,0.0,esp32-irrigation
33.23731968,47.22353265,857.49,548.2942007,34.87651165975856,2.690278032031982,6.005566397312912,0.7796649599999999,0.4187248056706906,0.4187248056706906,1,1,ON,100.0,esp32-irrigation
30.87874237,43.38539929,854.18,413.4421956,14.75886488259281,2.525957414158912,5.5210574829568175,0.4848427962500001,0.7540189186234532,0.7540189186234532,1,1,ON,100.0,esp32-irrigation
36.16843671,62.85887501,856.21,786.8011496,70.45772936810185,2.227027326527089,6.335239654856956,1.0,0.0,0.0,0,0,OFF,0.0,esp32-irrigation
25.91637957,43.35571559,854.66,754.2779219,65.60581184239105,1.894671779601108,4.102448596648324,0.0,0.0,0.0,0,0,OFF,0.0,esp32-irrigation
20.22050148,76.04881326,860.33,805.0151715,73.1749545120961,0.5677363306551303,2.410699177456628,0.0,0.0,0.0,0,0,OFF,0.0,esp32-irrigation
38.23912474,58.38012305,857.4,640.1042214,48.57301966256671,2.793067212565409,7.072914893037429,1.0,0.1904496722905548,0.1904496722905548,1,1,ON,100.0,esp32-irrigation
21.19904137,77.79926767,854.43,698.3912156,57.26845700625889,0.5589199700370884,2.526699363176148,0.0,0.0455257165623518,0.0291241663154125,0,0,OFF,0.0,esp32-irrigation
24.86785461,45.0416189,857.04,831.5097276,77.12749582390194,1.7273027051936625,3.8059213503345046,0.0,0.0,0.0,0,0,OFF,0.0,esp32-irrigation
37.69139443,49.77786395,854.69,918.6044897,90.1205667001546,3.2719745437167136,6.953442343588669,1.0,0.0,0.0,0,0,OFF,0.0,esp32-irrigation
22.91570594,62.37813802,858.27,394.9206133,11.99575690960202,1.0515858435935557,3.0562324809531805,0.0,0.8000707181732997,0.6103711193628426,1,1,ON,100.0,esp32-irrigation
23.25463649,40.81264793,852.4,338.9192405,3.6412957639087726,1.6886146180935295,3.5162389003378727,0.0,0.9393117372681872,0.866189751258566,1,1,ON,100.0,esp32-irrigation
18.81566942,41.1710621,857.06,847.7095883,79.54424205737628,1.2779119008676931,2.6078798264300804,0.0,0.0,0.0,0,0,OFF,0.0,esp32-irrigation
28.09736731,62.12873366,856.87,956.4178092,95.7616767793781,1.4396431822801463,4.123169493580767,0.1371709137499999,0.0,0.0,0,0,OFF,0.0,esp32-irrigation
28.36327999,74.64132024,849.8,445.1059596,19.482564907039364,0.9790033823303748,3.796799024757709,0.1704099987499998,0.6752905848826773,0.5029232341053382,1,1,ON,100.0,esp32-irrigation
24.92426424,77.96384798,851.65,414.42393,14.905323111920188,0.6949134114631851,3.096151269210548,0.0,0.7515779481346635,0.5063593730470217,1,1,ON,100.0,esp32-irrigation
28.05777885,67.38825919,849.13,537.7852107,33.30874743817363,1.2368542491982777,3.955846531761886,0.1322223562499997,0.4448542093637728,0.359982059463217,1,1,ON,100.0,esp32-irrigation
22.34839496,43.57907194,854.24,820.4306482,75.47468387038228,1.523703065986687,3.268738137402206,0.0,0.0,0.0,0,0,OFF,0.0,esp32-irrigation
34.40309337,42.53055423,855.27,715.3101417,59.79247568048156,3.1262305076957504,6.249540729959501,0.92538667125,0.0034587386586406,0.0034587386586406,0,1,ON,100.0,esp32-irrigation
21.86492988,75.00202916,858.73,888.8947055,85.68836753546141,0.6555074158208949,2.668392872014714,0.0,0.0,0.0,0,0,OFF,0.0,esp32-irrigation
19.40220642,81.00867517,855.46,415.5595049,15.074731751489724,0.4279011667761253,2.235761742680029,0.0,0.7487544708085047,0.4544754633262021,1,1,ON,100.0,esp32-irrigation
35.43919959,65.91462083,857.42,327.568788,1.947999516762365,1.9635277945211205,5.913585961289518,1.0,0.967533341387294,0.9587113226786078,1,1,ON,100.0,esp32-irrigation
24.49442632,72.16404542,851.21,499.7401757,27.633069310975305,0.8555727252164026,3.1482812231550747,0.0,0.5394488448170783,0.3851088519772861,1,1,ON,100.0,esp32-irrigation
28.81186087,78.64252082,849.88,898.5554216,87.12958358538339,0.8462541395512906,3.75542618298717,0.22648260875,0.0,0.0,0,0,OFF,0.0,esp32-irrigation
20.15140322,39.18421171,855.04,795.8522761,71.80800492186479,1.4354267346423497,2.8849486478798827,0.0,0.0,0.0,0,0,OFF,0.0,esp32-irrigation
24.64131032,57.13450433,855.6,537.670384,33.291617229472074,1.3291406465623092,3.494491767553443,0.0,0.4451397128421321,0.3704831778554541,1,1,ON,100.0,esp32-irrigation
22.35436314,39.09841951,854.84,407.2511016,13.835257983578822,1.645304309826256,3.34505249807165,0.0,0.769412366940353,0.7011855543103224,1,1,ON,100.0,esp32-irrigation
26.60654188,58.19144948,849.24,782.6377895,69.83662619773494,1.4565529330140072,3.894615232178524,0.0,0.0,0.0,0,0,OFF,0.0,esp32-irrigation
29.32708738,53.81771787,853.86,679.6052505,54.46590757460818,1.885169552956311,4.696617088388451,0.2908859224999998,0.0922348737565303,0.0895870308099101,1,1,ON,100.0,esp32-irrigation
24.55747789,48.11375794,851.39,668.0506646,52.74215806402252,1.600810835530293,3.6678762228986095,0.0,0.1209640322662913,0.1088921495234744,1,1,ON,100.0,esp32-irrigation
32.77953595,54.91967854,855.34,815.6572895,74.76257918794839,2.239715212167176,5.6644208778436695,0.7224419937500004,0.0,0.0,0,0,OFF,0.0,esp32-irrigation
36.46921183,59.79386426,854.14,867.4053279,82.48251451386672,2.4508296737371102,6.636507736994167,1.0,0.0,0.0,0,0,OFF,0.0,esp32-irrigation
20.29009658,44.2838586,852.82,891.0547276,86.01060643436728,1.3263800251845164,2.844339008474713,0.0,0.0,0.0,0,0,OFF,0.0,esp32-irrigation
18.53019064,78.16440849,854.09,559.7621657,36.587338791708255,0.4659295473115863,2.153148904198956,0.0,0.3902110201381957,0.2405582210613433,1,1,ON,100.0,esp32-irrigation
27.46324246,53.03971003,851.66,834.2239138,77.5324066683389,1.7203387971649629,4.237492003639941,0.0579053075,0.0,0.0,0,0,OFF,0.0,esp32-irrigation
28.19751304,52.17352557,854.06,732.7618468,62.395976003674456,1.8287022238603128,4.449856794741551,0.14968913,0.0,0.0,0,1,ON,100.0,esp32-irrigation
26.07715885,64.22311969,856.86,624.5672426,46.25516423838575,1.2081145378719205,3.6279249105174456,0.0,0.2290805960269041,0.1837291976145689,1,1,ON,100.0,esp32-irrigation
38.99276957,51.17163807,850.46,457.1252841,21.27564558546032,3.412495099253253,7.238327133406367,1.0,0.6454059069089947,0.6454059069089947,1,1,ON,100.0,esp32-irrigation
26.12793092,50.5161481,855.72,371.7473063,8.538689997329444,1.675990627482203,3.978738501050513,0.0,0.8576885000445092,0.7882137218657213,1,1,ON,100.0,esp32-irrigation
26.23397111,67.97755607,853.13,356.8972374,6.323309955147376,1.0913930107715455,3.56585196721438,0.0,0.8946115007475437,0.6913989351916999,1,1,ON,100.0,esp32-irrigation
26.51987971,61.74242461,852.44,444.9895453,19.46519785517036,1.326060179500481,3.7834169925625374,0.0,0.6755800357471606,0.5617549637410356,1,1,ON,100.0,esp32-irrigation
19.84993106,38.38359734,854.95,676.8666745,54.057358183002414,1.4274347790145463,2.836164543255737,0.0,0.0990440302832931,0.0848667385116821,1,1,ON,100.0,esp32-irrigation
24.45746477,65.82223707,852.08,666.2053415,52.46686695294105,1.048176596608547,3.274601710846115,0.0,0.1255522174509825,0.095676332721598,1,1,ON,100.0,esp32-irrigation
31.5460751,62.43318087,852.43,595.209673,41.87550955686363,1.7409071498831303,4.969840851972867,0.5682593874999999,0.3020748407189394,0.2825084828613221,1,1,ON,100.0,esp32-irrigation
26.55487622,52.27685703,851.42,682.4074539,54.883949102112105,1.6575614200696718,4.036343079657934,0.0,0.0852675149647982,0.0779677932801148,0,1,ON,100.0,esp32-irrigation
25.15093141,40.53539916,859.49,613.1324855,44.54929116553155,1.9007079463121337,3.9748942967299232,0.0,0.2575118139078075,0.251119594694859,1,1,ON,100.0,esp32-irrigation
19.24440366,69.94039473,855.38,693.2586806,56.50276927232515,0.6706666331483443,2.3460415651436546,0.0,0.0582871787945807,0.0389164058867596,0,0,OFF,0.0,esp32-irrigation
30.14880995,76.9855141,852.23,346.7220599,4.805344933506295,0.9848855952639206,4.070947576214491,0.39360124375,0.9199109177748952,0.6864572118480743,1,1,ON,100.0,esp32-irrigation
32.90652728,38.82544451,854.19,629.4443263,46.98274294295536,3.0610735065728267,5.936876457384244,0.7383159099999999,0.2169542842840774,0.2169542842840774,1,1,ON,100.0,esp32-irrigation
20.00700272,72.031064,854.92,604.4545063,43.2546829010439,0.6542759438773148,2.432264971477772,0.0,0.279088618315935,0.185194551451486,1,1,ON,100.0,esp32-irrigation
29.2605884,58.48992882,853.54,960.2631669,96.33533935030606,1.687964146446849,4.520727403530684,0.2825735499999999,0.0,0.0,0,0,OFF,0.0,esp32-irrigation
36.31753572,57.29779336,854.78,625.1267353,46.338631121244894,2.5814712561909303,6.656551799148021,1.0,0.2276894813125851,0.2276894813125851,1,1,ON,100.0,esp32-irrigation
28.6403978,77.83656883,856.06,622.4788974,45.94361832513638,0.8695121084903839,3.749338606648652,0.2050497249999998,0.2342730279143937,0.1680623225732646,1,1,ON,100.0,esp32-irrigation
38.10159934,64.73351041,851.7,482.1926291,25.01527105100226,2.349185161701202,6.872911537847356,1.0,0.583078815816629,0.583078815816629,1,1,ON,100.0,esp32-irrigation
36.13200848,77.87473608,851.82,473.9364675,23.783590864409327,1.3240118686862683,5.3717677126906045,1.0,0.6036068189265112,0.5015990575329217,1,1,ON,100.0,esp32-irrigation
22.6017739,48.68205707,854.2,501.9243508,27.95891143048029,1.407382107345743,3.234998666893708,0.0,0.5340181428253284,0.4549009662152569,1,1,ON,100.0,esp32-irrigation
24.10637738,64.75963108,848.95,580.1724019,39.63220210097559,1.0582763578355,3.230789152467491,0.0,0.3394632983170735,0.2595431448989913,1,1,ON,100.0,esp32-irrigation
29.78512136,54.10094859,850.24,467.3680592,22.803695029937945,1.9236516699198527,4.811789689339454,0.3481401700000002,0.619938416167701,0.6081056004609672,1,1,ON,100.0,esp32-irrigation
33.24415566,71.11914019,857.03,699.8725208,57.48944278070606,1.4727641263098894,5.019693385852532,0.7805194574999996,0.0418426203215657,0.0363273877008846,0,1,ON,100.0,esp32-irrigation
24.58548821,77.91166663,858.76,825.4780262,76.22766761489198,0.6826179676375258,3.042215752032776,0.0,0.0,0.0,0,0,OFF,0.0,esp32-irrigation
22.97600015,64.3056719,854.22,541.2447639,33.82485447887208,1.0013551147950532,3.032720768941564,0.0,0.4362524253521319,0.327337112043092,1,1,ON,100.0,esp32-irrigation
20.15627798,60.32897602,856.62,517.7784592,30.32407724704772,0.9366320133191622,2.6080910144104834,0.0,0.4945987125492047,0.3631136032546091,1,1,ON,100.0,esp32-irrigation
31.05469027,75.38852134,854.65,404.4113304,13.41161197336782,1.109140699457417,4.320185945649846,0.5068362837499998,0.7764731337772031,0.6035410555654863,1,1,ON,100.0,esp32-irrigation
22.74895478,81.00904267,862.57,548.0308517,34.83722442663813,0.5254911962126645,2.700346556404784,0.0,0.4193795928893645,0.2647848674283353,1,1,ON,100.0,esp32-irrigation
33.05502689,65.67555505,856.43,916.0314823,89.7367173536814,1.731906596900602,5.234285137855019,0.7568783612500001,0.0,0.0,0,0,OFF,0.0,esp32-irrigation
35.54655948,60.28069941,853.01,944.930323,94.04793741333908,2.301644536061525,6.2856719542295725,1.0,0.0,0.0,0,0,OFF,0.0,esp32-irrigation
27.05934195,39.86156831,851.96,579.630127,39.55130382374025,2.15161566398794,4.497338089045498,0.00741774375,0.3408116029376625,0.3408116029376625,1,1,ON,100.0,esp32-irrigation
29.41618253,45.22584642,850.05,318.4070049,0.581215862947742,2.24740088599478,5.015568963706399,0.30202281625,0.9903130689508708,0.9903130689508708,1,1,ON,100.0,esp32-irrigation
30.02525645,59.47810081,854.51,326.3505069,1.766252505830482,1.7218628868593135,4.68283630287921,0.37815705625,0.9705624582361588,0.9030750981720256,1,1,ON,100.0,esp32-irrigation
20.04961418,71.52226406,853.3,414.6357796,14.93692750237418,0.6679374328946218,2.44515912807734,0.0,0.7510512082937637,0.500939408156917,1,1,ON,100.0,esp32-irrigation
22.15266556,58.39780898,851.39,732.4378223,62.34763700839357,1.1102101031585554,2.98460525377295,0.0,0.0,0.0,0,0,OFF,0.0,esp32-irrigation
18.81609313,78.49030942,853.73,838.6247357,78.18893513781002,0.4672567313674476,2.187458744565769,0.0,0.0,0.0,0,0,OFF,0.0,esp32-irrigation
35.24888224,40.01884344,850.67,946.4140835,94.26928947717214,3.419219255629164,6.428387230915607,1.0,0.0,0.0,0,0,OFF,0.0,esp32-irrigation
25.87646756,49.61678191,858.71,697.1038105,57.076397859331735,1.6812733805755309,3.940712619415167,0.0,0.048726702344471,0.0448440780659821,0,1,ON,100.0,esp32-irrigation
27.61188098,39.46857363,856.49,574.8592823,38.83957418774306,2.236845066196511,4.665397006505315,0.0764851224999998,0.3526737635376156,0.3526737635376156,1,1,ON,100.0,esp32-irrigation
28.00397306,79.81674815,854.22,641.8108033,48.82761292452855,0.7630893710771502,3.5723994171863622,0.1254966324999999,0.1862064512578576,0.1286262665741454,1,1,ON,100.0,esp32-irrigation
28.76178771,45.76211392,857.85,494.839251,26.90193393094908,2.1428651349965424,4.805484562456362,0.22022346375,0.551634434484182,0.551634434484182,1,1,ON,100.0,esp32-irrigation
23.46437176,50.78125746,854.98,405.5148042,13.576231669751238,1.422087358980658,3.376126062014873,0.0,0.7737294721708127,0.6619424614966287,1,1,ON,100.0,esp32-irrigation
26.96046668,66.80331615,852.21,524.7637816,31.36616963984244,1.180832399365661,3.742412452299329,0.0,0.4772305060026261,0.3794975638647054,1,1,ON,100.0,esp32-irrigation
21.90644025,64.20777441,858.78,454.2769165,20.85071713722679,0.9409387283687392,2.846949211165588,0.0,0.6524880477128867,0.4797318423291346,1,1,ON,100.0,esp32-irrigation
26.8937136,42.21870247,855.72,344.5576357,4.482449315459981,2.047288829881861,4.388032823393783,0.0,0.9252925114090004,0.9252925114090004,1,1,ON,100.0,esp32-irrigation
25.26013847,58.31039404,851.98,645.5056887,49.37882756389698,1.3412363531653384,3.598236000855364,0.0,0.1770195406017169,0.147866031069771,1,1,ON,100.0,esp32-irrigation
24.77847347,70.12354246,854.15,567.8731964,37.79736789361404,0.9340030874929368,3.2420345083153563,0.0,0.370043868439766,0.2714274631275259,1,1,ON,100.0,esp32-irrigation
25.12174385,43.64597522,852.4,562.9062045,37.05637640064258,1.7981567825829428,3.897840600348774,0.0,0.382393726655957,0.3630978316288728,1,1,ON,100.0,esp32-irrigation
35.4764371,76.10637261,849.89,946.7498406,94.31937877866764,1.37924637876361,5.315349578526094,1.0,0.0,0.0,0,0,OFF,0.0,esp32-irrigation
27.95296405,60.91751272,856.56,512.6146204,29.553719513652595,1.4732497574391603,4.126169459250852,0.1191205062499998,0.5074380081057901,0.4406147346422115,1,1,ON,100.0,esp32-irrigation
19.76831492,74.37512727,860.0,423.5743346,16.270409285273296,0.5906418552185136,2.3677377316135524,0.0,0.7288265119121118,0.4720321167381078,1,1,ON,100.0,esp32-irrigation
21.03731179,45.94132695,851.58,717.9804936,60.19084718600791,1.3475264718871984,2.965356231535804,0.0,0.0,0.0,0,0,OFF,0.0,esp32-irrigation
32.66366387,55.98388839,855.09,503.8111697,28.24039301567831,2.1726459966231007,5.578277342079125,0.7079579837500001,0.5293267830720282,0.5293267830720282,1,1,ON,100.0,esp32-irrigation
36.51254933,67.7612299,851.59,630.9723678,47.21070098581172,1.9698276303619748,6.130237604392189,1.0,0.2131549835698046,0.2115471358311908,1,1,ON,100.0,esp32-irrigation
21.65722545,59.26445598,853.78,837.1342555,77.96658060797026,1.0547222174890103,2.8811729994975224,0.0,0.0,0.0,0,0,OFF,0.0,esp32-irrigation
23.41660756,49.7526696,853.31,914.6207622,89.52626168672855,1.4476324957156768,3.385422691967956,0.0,0.0,0.0,0,0,OFF,0.0,esp32-irrigation
33.15171533,62.62039607,851.46,772.223124,68.28293360209302,1.8963093912209987,5.409406061979407,0.7689644162500002,0.0,0.0,0,0,OFF,0.0,esp32-irrigation
23.08208429,63.76951298,854.95,781.9736213,69.7375434941569,1.022937433626894,3.061465586497583,0.0,0.0,0.0,0,0,OFF,0.0,esp32-irrigation
22.64607889,75.48222748,852.81,657.0425591,51.09993422040556,0.6742034464545866,2.78087278693171,0.0,0.1483344296599073,0.0991691107560999,1,0,OFF,0.0,esp32-irrigation
31.87608619,55.49852492,854.45,801.0760446,72.58730315662783,2.1011738090252607,5.3591506684048005,0.6095107737499998,0.0,0.0,0,0,OFF,0.0,esp32-irrigation
23.0519635,64.49727489,854.71,920.9471006,90.47004477122655,1.0005661022893988,3.042883759199858,0.0,0.0,0.0,0,0,OFF,0.0,esp32-irrigation
27.55410419,75.98350497,853.7,629.9144482,47.052877208436975,0.884502385868408,3.6031799443912367,0.06926302375,0.2157853798593837,0.1556083607599782,1,1,ON,100.0,esp32-irrigation
32.74453903,72.18578631,851.4,726.4616954,61.45609957830076,1.3791723588523792,4.844668591038585,0.7180673787499998,0.0,0.0,0,0,OFF,0.0,esp32-irrigation
37.77859552,41.40815689,851.62,856.8759288,80.91170559847443,3.835337851464432,6.972420791725101,1.0,0.0,0.0,0,0,OFF,0.0,esp32-irrigation
37.5303185,63.79991839,854.98,723.4846117,61.01196885693516,2.3379270174797058,6.739021354188857,1.0,0.0,0.0,0,1,ON,100.0,esp32-irrigation
33.84121767,52.62807631,854.79,640.0376859,48.56309368715278,2.4976437211465643,6.129270950092004,0.8551522087499999,0.1906151052141203,0.1906151052141203,1,1,ON,100.0,esp32-irrigation
30.22145048,57.10509277,851.53,727.3764752,61.59256930955642,1.843305095650411,4.822081375845318,0.4026813100000002,0.0,0.0,0,1,ON,100.0,esp32-irrigation
28.67201329,77.8440927,854.41,683.9032897,55.10710259722495,0.8708105935008306,3.7550164976585614,0.2090016612499998,0.0815482900462508,0.0585274237366637,0,0,OFF,0.0,esp32-irrigation
20.86421022,44.97898717,856.97,464.0177106,22.303879475358755,1.3570037079735982,2.9454346493240684,0.0,0.6282686754106874,0.5272750682393347,1,1,ON,100.0,esp32-irrigation
23.4970212,49.37469553,850.61,347.1089122,4.863056777839375,1.4656081957237617,3.409598097239394,0.0,0.9189490537026772,0.7961793429911482,1,1,ON,100.0,esp32-irrigation
28.12585734,46.79624196,855.58,476.8238527,24.214340081079413,2.0258494748423224,4.594086029943315,0.1407321674999999,0.5964276653153431,0.5964276653153431,1,1,ON,100.0,esp32-irrigation
19.02432627,66.46415534,853.66,476.3099234,24.137670489713912,0.7380335242514237,2.354066054205,0.0,0.5977054918381015,0.4091344185704769,1,1,ON,100.0,esp32-irrigation
36.18497602,48.18850146,854.68,956.5886084,95.78715714189016,3.1094977130455312,6.628117131377268,1.0,0.0,0.0,0,0,OFF,0.0,esp32-irrigation
31.62558139,66.26971235,851.9,652.9174016,50.48453023420872,1.5701764223619663,4.8291442661488135,0.5781976737500001,0.158591162763188,0.1415496075230257,1,1,ON,100.0,esp32-irrigation
37.42083024,60.64973856,848.6,625.2829594,46.36193712444114,2.5263181133471937,6.894658477834082,1.0,0.227301047925981,0.227301047925981,1,1,ON,100.0,esp32-irrigation
30.08986712,70.18569499,849.92,826.4000674,76.3652206246662,1.271575737459954,4.307912604791116,0.3862333900000001,0.0,0.0,0,0,OFF,0.0,esp32-irrigation
22.46918252,77.19585126,855.02,567.1477765,37.68914746854505,0.6203849929663675,2.7243270686523853,0.0,0.3718475421909158,0.243595929807126,1,1,ON,100.0,esp32-irrigation
28.41635239,69.11804008,854.84,775.5239668,68.77536372553175,1.195915576567644,3.979235383732735,0.17704404875,0.0,0.0,0,0,OFF,0.0,esp32-irrigation
26.22079778,45.34636263,852.19,959.0000596,96.14690502569802,1.8612647516091656,4.130615016507873,0.0,0.0,0.0,0,0,OFF,0.0,esp32-irrigation
35.75140227,68.88446655,854.91,382.4424039,10.134218336745384,1.823507495170528,5.827993749144056,1.0,0.8310963610542436,0.7944257914249628,1,1,ON,100.0,esp32-irrigation
19.69214955,58.49462092,851.08,776.8831149,68.97812571912154,0.9521710051691382,2.554808911922912,0.0,0.0,0.0,0,0,OFF,0.0,esp32-irrigation
18.73960288,60.4239302,855.19,652.0644108,50.35727838054999,0.855614278272794,2.3790560686611606,0.0,0.1607120269908334,0.1147328897412966,1,1,ON,100.0,esp32-irrigation
25.21024574,68.06460263,851.55,800.4200495,72.48943974184532,1.0243809468104788,3.367058264855688,0.0,0.0,0.0,0,0,OFF,0.0,esp32-irrigation
19.72869198,78.96414539,853.6,872.5388816,83.2483542206744,0.4836769064332528,2.3046415402633618,0.0,0.0,0.0,0,0,OFF,0.0,esp32-irrigation
21.01989215,53.51615,855.2,480.0748866,24.69933955596517,1.1574691561967814,2.852333120088636,0.0,0.5883443407339136,0.4644197772725655,1,1,ON,100.0,esp32-irrigation
36.95020006,47.53961581,851.01,857.9497034,81.07189467467742,3.282873615480264,6.792774925908034,1.0,0.0,0.0,0,0,OFF,0.0,esp32-irrigation
28.19888511,43.49551198,853.25,667.0091975,52.5867887224076,2.160688763986588,4.714921496910861,0.1498606387499998,0.1235535212932066,0.1235535212932066,1,1,ON,100.0,esp32-irrigation
33.78016805,66.04181872,856.06,444.9091712,19.45320739382992,1.7843316724713243,5.418161405417576,0.84752100625,0.6757798767695015,0.6393437978193982,1,1,ON,100.0,esp32-irrigation
27.54149467,62.90485645,852.85,559.6378999,36.568800428344446,1.365169225140706,3.974867819584692,0.0676868337499998,0.3905199928609259,0.328541465444439,1,1,ON,100.0,esp32-irrigation
35.50887541,43.99354238,855.43,974.0068394,98.38566369343329,3.238722224407544,6.483672907596654,1.0,0.0,0.0,0,0,OFF,0.0,esp32-irrigation
35.96848966,57.78761402,850.46,883.9055337,84.94406717516223,2.503504388051023,6.581760207547399,1.0,0.0,0.0,0,0,OFF,0.0,esp32-irrigation
25.46710245,80.78954298,855.87,755.5170315,65.79066611454303,0.6256829765029096,3.120085741887113,0.0,0.0,0.0,0,0,OFF,0.0,esp32-irrigation
29.68374997,65.29827498,857.64,411.7343309,14.504080248487355,1.4459177375705747,4.389749706454433,0.3354687462500001,0.7582653291918774,0.6532299869117704,1,1,ON,100.0,esp32-irrigation
22.55504333,64.98600184,848.71,486.8212671,25.70578584367676,0.9575313208409022,2.9463610791795425,0.0,0.5715702359387206,0.4226092187122976,1,1,ON,100.0,esp32-irrigation
28.33013051,40.69928737,852.21,342.8508553,4.227826440643046,2.284974701883052,4.839021199394085,0.16626631375,0.9295362259892826,0.9295362259892826,1,1,ON,100.0,esp32-irrigation
24.37850784,54.5680037,856.12,931.7229442,92.07761905319607,1.3867590960339211,3.493470417027769,0.0,0.0,0.0,0,0,OFF,0.0,esp32-irrigation
35.71578529,54.87595667,852.81,420.7140873,15.843708585983943,2.6392951287013378,6.527774172308805,1.0,0.7359381902336009,0.7359381902336009,1,1,ON,100.0,esp32-irrigation
31.80604766,43.935236,854.71,743.5847407,64.01056939756195,2.6366755190223343,5.710085301819812,0.6007559575000001,0.0,0.0,0,1,ON,100.0,esp32-irrigation
20.22641955,41.83541442,853.66,437.2699805,18.313568868974123,1.3792313291613605,2.8646418175366946,0.0,0.6947738521837646,0.5869503919953754,1,1,ON,100.0,esp32-irrigation
18.57742084,47.38207512,855.59,397.6508479,12.40306190488826,1.1260901044944334,2.496717677565444,0.0,0.7932823015851956,0.6199679882640121,1,1,ON,100.0,esp32-irrigation
20.1334337,46.49824521,854.79,760.0383363,66.46516860244338,1.26139224765605,2.7855603857940823,0.0,0.0,0.0,0,0,OFF,0.0,esp32-irrigation
25.04818379,58.3105613,857.51,332.9186418,2.746107553628908,1.324423810100791,3.5536968299143536,0.0,0.9542315407728515,0.793067513623608,1,1,ON,100.0,esp32-irrigation
19.72984713,54.3525619,855.87,317.2485158,0.4083888108641346,1.049645674823049,2.612888834316681,0.0,0.9931935198189312,0.7572220804945209,1,1,ON,100.0,esp32-irrigation
32.73055813,75.73273778,854.52,808.0426108,73.62659744044223,1.2023510847389214,4.675362896795017,0.7163197662499998,0.0,0.0,0,0,OFF,0.0,esp32-irrigation
27.94168801,66.18250604,853.22,321.9519001,1.1100544919528217,1.2739440419327817,3.96694701956582,0.11771100125,0.9814990918007864,0.8033432759409053,1,1,ON,100.0,esp32-irrigation
19.57349816,72.09926813,854.03,537.2446327,33.22810230982392,0.6353707369219009,2.367976502665155,0.0,0.446198294836268,0.2939744822689878,1,1,ON,100.0,esp32-irrigation
26.94169863,62.05557324,853.29,778.9710956,69.28961725511307,1.348227523289391,3.866493355674756,0.0,0.0,0.0,0,0,OFF,0.0,esp32-irrigation
26.86229526,46.28328142,855.36,741.1128924,63.6418112841823,1.899765771135384,4.270867918471832,0.0,0.0,0.0,0,0,OFF,0.0,esp32-irrigation
38.29410775,39.31009086,851.95,891.2876483,86.04535427787332,4.084940882832347,7.084942649518382,1.0,0.0,0.0,0,0,OFF,0.0,esp32-irrigation
22.39097429,38.10423005,855.64,965.3628289,97.09612298658092,1.6758880085438692,3.3698374731738063,0.0,0.0,0.0,0,0,OFF,0.0,esp32-irrigation
28.05013039,42.60057533,859.42,719.7986989,60.462092778289936,2.175999311802161,4.699403260646936,0.1312662987499999,0.0,0.0,0,1,ON,100.0,esp32-irrigation
23.46914078,55.03389225,856.96,954.9616493,95.54444225996885,1.2995885701941,3.296879818977187,0.0,0.0,0.0,0,0,OFF,0.0,esp32-irrigation
36.82570401,66.94867241,852.37,498.2775594,27.41487160548249,2.054301792137762,6.283413798836238,1.0,0.5430854732419585,0.5430854732419585,1,1,ON,100.0,esp32-irrigation
34.72979139,73.59711735,856.44,747.9941152,64.6683737708337,1.462521792087364,5.269601171573036,0.9662239237500004,0.0,0.0,0,0,OFF,0.0,esp32-irrigation
36.76337377,66.00233782,852.17,534.1396539,32.764891794691664,2.105948555657028,6.326729235415136,1.0,0.4539184700884722,0.4539184700884722,1,1,ON,100.0,esp32-irrigation
21.84857719,72.01291034,849.88,843.832403,78.9658313448535,0.7331574322841431,2.713290393045476,0.0,0.0,0.0,0,0,OFF,0.0,esp32-irrigation
27.80596701,71.52907877,851.74,640.6292134,48.65133962235527,1.0640822196876751,3.7807440170013376,0.1007458762499999,0.1891443396274122,0.1448884520017302,1,1,ON,100.0,esp32-irrigation
23.75255547,70.99852868,850.07,746.2443139,64.40733290267957,0.852610196069319,3.0438987587490764,0.0,0.0,0.0,0,0,OFF,0.0,esp32-irrigation
32.93323398,41.46368936,852.77,508.2848129,28.907785196001704,2.93345379191054,5.942413303162575,0.7416542474999996,0.5182035800666382,0.5182035800666382,1,1,ON,100.0,esp32-irrigation
36.12916014,55.84923085,853.31,474.8386517,23.918181544392773,2.6416415417161825,6.616155549648193,1.0,0.6013636409267871,0.6013636409267871,1,1,ON,100.0,esp32-irrigation
34.05696358,54.56956747,857.7,590.6910264,41.20140362761008,2.424238010272328,6.101920049930147,0.8821204475000002,0.3133099395398319,0.3133099395398319,1,1,ON,100.0,esp32-irrigation
30.19661408,73.48937866,854.79,583.6209197,40.14666284595096,1.137610744440933,4.209780346102764,0.39957676,0.3308889525674841,0.259550183198136,1,1,ON,100.0,esp32-irrigation
31.80548785,56.52548695,853.24,521.8640974,30.933585619622107,2.044502548888265,5.293830282751483,0.6006859812499998,0.4844402396729649,0.4844402396729649,1,1,ON,100.0,esp32-irrigation
25.17815146,70.38481056,856.65,652.4186022,50.4101177689701,0.9481447995098669,3.3087134028212333,0.0,0.1598313705171649,0.1178015059471786,1,1,ON,100.0,esp32-irrigation
18.01840675,43.29315263,849.91,984.3243712,99.92486557782983,1.1717784852192572,2.443766013556675,0.0,0.0,0.0,0,0,OFF,0.0,esp32-irrigation
32.35752179,59.21822333,854.31,942.3638069,93.66505645944136,1.978602932358621,5.337593767552245,0.66969022375,0.0,0.0,0,0,OFF,0.0,esp32-irrigation
35.2900845,40.64796429,855.29,907.3036274,88.43466847520644,3.391054646863124,6.437138937911347,1.0,0.0,0.0,0,0,OFF,0.0,esp32-irrigation
24.02391081,73.24790493,851.02,790.8170323,71.05683139552237,0.79940680305381,3.045610533164785,0.0,0.0,0.0,0,0,OFF,0.0,esp32-irrigation
31.04963498,59.61775864,856.73,975.5447393,98.61509244344626,1.8193422812200093,4.950699679934583,0.5062043725,0.0,0.0,0,0,OFF,0.0,esp32-irrigation
21.4734207,64.14521188,855.87,680.6427015,54.62067778177819,0.9179729745194484,2.7742831177198264,0.0,0.0896553703036968,0.0654029868916802,1,0,OFF,0.0,esp32-irrigation
24.49479856,61.12188411,853.62,771.2760712,68.1416492830679,1.1949939009459505,3.380358467784564,0.0,0.0,0.0,0,0,OFF,0.0,esp32-irrigation
25.76096353,68.90622878,856.09,473.8705539,23.77375766599579,1.0305200280321165,3.4516501528640617,0.0,0.6037707055667368,0.4574348038897695,1,1,ON,100.0,esp32-irrigation
29.60297671,58.21297714,859.72,498.3994025,27.433048542831084,1.733071568083597,4.618174305562624,0.32537208875,0.5427825242861485,0.5065615022663164,1,1,ON,100.0,esp32-irrigation
33.33856507,52.20580811,854.05,673.0862128,53.49337700171552,2.4501523598153234,5.978571824674018,0.7923206337500002,0.1084437166380746,0.1084437166380746,1,1,ON,100.0,esp32-irrigation
25.71093142,56.47390364,855.14,395.6381592,12.102802666555348,1.4382875269415438,3.7381301754688367,0.0,0.7982866222240775,0.6861847340293354,1,1,ON,100.0,esp32-irrigation
30.75669221,69.09468698,852.76,685.4373887,55.33596431700671,1.3693326076243943,4.5019985846124335,0.4695865262500001,0.0777339280498881,0.0654778646243041,0,1,ON,100.0,esp32-irrigation
30.63761089,59.41953716,851.8,425.6412849,16.57876343996697,1.7858372509988665,4.84692808250378,0.4547013612500001,0.7236872760005505,0.6849405618891954,1,1,ON,100.0,esp32-irrigation
30.10319277,58.59310201,856.06,916.6585693,89.83026816707269,1.7673474735420918,4.735590885669581,0.3878990962499999,0.0,0.0,0,0,OFF,0.0,esp32-irrigation
35.73131517,44.77704542,851.17,410.4161286,14.307426678282134,3.232737117067288,6.531087939134012,1.0,0.7615428886952977,0.7615428886952977,1,1,ON,100.0,esp32-irrigation
27.17543191,47.20828179,854.52,407.0573779,13.80635767196628,1.9016632383071816,4.327259560742299,0.02192898875,0.769894038800562,0.7509668171449989,1,1,ON,100.0,esp32-irrigation
25.43978047,45.11999818,853.35,671.5833809,53.26917980637357,1.7845404936054767,3.941802215206899,0.0,0.1121803365604404,0.1061377565748194,1,1,ON,100.0,esp32-irrigation
27.7042163,67.82522732,855.47,832.0385016,77.20637999436023,1.195394934673618,3.868108551944885,0.0880270374999998,0.0,0.0,0,0,OFF,0.0,esp32-irrigation
20.32325713,68.29130011,856.0,638.5471007,48.34072349308236,0.75640561734273,2.5292399543050825,0.0,0.194321275115294,0.1339070635742496,1,1,ON,100.0,esp32-irrigation
25.23349972,54.74496931,857.17,730.5140918,62.06064883447089,1.4536390116692632,3.673463016218041,0.0,0.0,0.0,0,0,OFF,0.0,esp32-irrigation
25.52777925,59.87356,853.26,420.7514415,15.84928120317036,1.3116289021685603,3.6185647567403727,0.0,0.735845313280494,0.6092116517462407,1,1,ON,100.0,esp32-irrigation
30.20413301,45.53785951,853.3,541.7405904,33.89882343752688,2.3380591926082164,5.24522090809184,0.4005166262499999,0.435019609374552,0.435019609374552,1,1,ON,100.0,esp32-irrigation
31.23650744,57.6786761,851.4,974.3445003,98.43603700980796,1.927075371346369,5.08099216596702,0.5295634300000001,0.0,0.0,0,0,OFF,0.0,esp32-irrigation
36.45235764,72.7084295,852.11,501.2320154,27.855626655306207,1.6620690621828411,5.789190717830652,1.0,0.5357395557448965,0.4904788131202413,1,1,ON,100.0,esp32-irrigation
36.64127902,60.70541468,854.15,574.3519172,38.763883864404576,2.4178924814383342,6.637790277684849,1.0,0.3539352689265904,0.3539352689265904,1,1,ON,100.0,esp32-irrigation
18.36303376,46.80062237,857.29,726.8058242,61.50743779636517,1.123345191750072,2.4662514166718874,0.0,0.0,0.0,0,0,OFF,0.0,esp32-irrigation
36.91711905,45.00168312,850.86,911.3978929,89.04546389556266,3.4354939339233463,6.7856310322139946,1.0,0.0,0.0,0,0,OFF,0.0,esp32-irrigation
28.54326434,70.7859597,856.35,968.5409504,97.57024516002956,1.1396853259709665,3.953597489800465,0.1929080425,0.0,0.0,0,0,OFF,0.0,esp32-irrigation
35.47763637,46.69355782,856.73,760.894452,66.5928866385246,3.0772880436007664,6.477022499259749,1.0,0.0,0.0,0,1,ON,100.0,esp32-irrigation
36.77791161,78.27305058,854.22,562.6595618,37.01958146596522,1.346920383780158,5.509236240409613,1.0,0.3830069755672463,0.3204734634140013,1,1,ON,100.0,esp32-irrigation
35.95690549,70.93853978,857.98,672.1083575,53.34749746874164,1.722462520120296,5.760780272485554,1.0,0.1108750421876392,0.1031820472400609,1,1,ON,100.0,esp32-irrigation
37.5611885,53.81314163,851.16,837.4040795,78.0068338019808,2.9879075462353715,6.925134059969573,1.0,0.0,0.0,0,0,OFF,0.0,esp32-irrigation
32.37639824,68.60120116,850.6,406.6898188,13.75152404796455,1.5249919034398618,4.918227882156746,0.67204978,0.7708079325339241,0.6792729303223254,1,1,ON,100.0,esp32-irrigation
26.25972293,39.93499329,850.0,840.1336676,78.4140423503612,2.050256072492804,4.276683379421776,0.0,0.0,0.0,0,0,OFF,0.0,esp32-irrigation
25.88820244,56.74030984,858.23,734.4740377,62.65140603391937,1.4445659515202256,3.770834643732967,0.0,0.0,0.0,0,0,OFF,0.0,esp32-irrigation
20.33726038,71.98448006,856.8,629.4435306,46.98262423792367,0.6688835207368391,2.481883377175336,0.0,0.2169562627012722,0.1447577485610195,1,1,ON,100.0,esp32-irrigation
38.70308114,56.81103692,852.82,851.6921987,80.1383804183065,2.971744618749977,7.174605369498135,1.0,0.0,0.0,0,0,OFF,0.0,esp32-irrigation
38.90902362,64.13079839,853.63,911.4341077,89.05086653346906,2.495562568420495,7.214761843049226,1.0,0.0,0.0,0,0,OFF,0.0,esp32-irrigation
35.35432129,43.91535155,850.54,575.5471893,38.94219832025987,3.215743884924488,6.450790631951968,1.0,0.3509633613290022,0.3509633613290022,1,1,ON,100.0,esp32-irrigation
29.88694145,55.26455524,860.13,507.7236934,28.82407562199567,1.8858795550993408,4.798163116412396,0.3608676812499998,0.5195987396334055,0.5047745297992091,1,1,ON,100.0,esp32-irrigation
34.91465199,38.37572156,853.73,917.9840782,90.0280117588748,3.448625186172245,6.357528559366034,0.9893314987500004,0.0,0.0,0,0,OFF,0.0,esp32-irrigation
32.95860003,75.35370469,853.92,577.9736509,39.30418550280832,1.2368690550139076,4.745643147164844,0.7448250037499999,0.3449302416198614,0.2791235063094499,1,1,ON,100.0,esp32-irrigation
36.94115672,69.30608399,854.98,702.2161232,57.83906876687034,1.9198221243522653,6.160440245238235,1.0,0.0360155205521609,0.035293608570106,0,1,ON,100.0,esp32-irrigation
33.46930097,67.41736224,854.79,700.5239089,57.58661890872087,1.6825945378317029,5.262124384559893,0.8086626212499999,0.0402230181879854,0.0370312667685451,0,1,ON,100.0,esp32-irrigation
21.59501479,50.85266349,855.57,762.648205,66.85451703372883,1.2676898894457087,2.999818213200923,0.0,0.0,0.0,0,0,OFF,0.0,esp32-irrigation
38.89675329,45.33180417,850.96,885.6475861,85.20395203801263,3.8009768573139775,7.2171874184707585,1.0,0.0,0.0,0,0,OFF,0.0,esp32-irrigation
38.14785909,52.255365,854.2,971.7346925,98.0466976637763,3.188342360352287,7.052964120592296,1.0,0.0,0.0,0,0,OFF,0.0,esp32-irrigation
32.0414131,54.49200984,858.46,498.7048698,27.478619116578333,2.1688716248219926,5.453285032864861,0.6301766375,0.5420230147236945,0.5420230147236945,1,1,ON,100.0,esp32-irrigation
28.21391606,74.46994242,857.58,975.6234451,98.62683402253916,0.977103486198544,3.77301985647349,0.1517395074999998,0.0,0.0,0,0,OFF,0.0,esp32-irrigation
28.64825535,53.17756899,858.15,916.5796661,89.81849713922621,1.8377665000899863,4.536593279655022,0.2060319187499999,0.0,0.0,0,0,OFF,0.0,esp32-irrigation
23.99036927,38.19091139,853.44,783.9051622,70.02569684814695,1.8432663376755367,3.738808960809598,0.0,0.0,0.0,0,0,OFF,0.0,esp32-irrigation
18.72143396,54.42975652,852.88,413.7146546,14.799511174201124,0.9840867829163318,2.443018136485008,0.0,0.7533414804299813,0.5620090886934324,1,1,ON,100.0,esp32-irrigation
28.60660591,47.58883136,853.85,554.1383891,35.748366088939825,2.052163618878421,4.703011537351053,0.2008257387499998,0.4041938985176695,0.4041938985176695,1,1,ON,100.0,esp32-irrigation
33.38183815,70.97653144,853.73,867.9401117,82.56229524521419,1.4914840800545908,5.061722985060693,0.79772976875,0.0,0.0,0,0,OFF,0.0,esp32-irrigation
26.66862357,75.20192806,857.14,390.3967397,11.320871200028352,0.8670920301608444,3.4625465346576445,0.0,0.8113188133328608,0.5815314259065498,1,1,ON,100.0,esp32-irrigation
25.68603928,69.55235487,850.29,927.9091175,91.50866037614098,1.004637044383099,3.422070044323725,0.0,0.0,0.0,0,0,OFF,0.0,esp32-irrigation
25.70500064,55.41683378,858.34,515.0843874,29.9221671321441,1.4727000625344304,3.7619773288814176,0.0,0.501297214464265,0.4352137170045972,1,1,ON,100.0,esp32-irrigation
33.96287335,43.35551267,853.13,957.9237901,95.98634375245643,3.006844734241416,6.157064539997901,0.8703591687500003,0.0,0.0,0,0,OFF,0.0,esp32-irrigation
27.97185624,63.51520955,853.18,619.337888,45.47503265163379,1.3768413622575697,4.053051744862051,0.1214820300000001,0.2420827891394368,0.2043687938641819,1,1,ON,100.0,esp32-irrigation
22.19584144,41.10080655,852.41,372.8504234,8.703256480083594,1.575940043197391,3.2773288254448167,0.0,0.85494572533194,0.7643086634937305,1,1,ON,100.0,esp32-irrigation
23.32198087,57.68391449,850.66,836.7289689,77.90611867671258,1.212194211595307,3.218130132400648,0.0,0.0,0.0,0,0,OFF,0.0,esp32-irrigation
32.1532988,72.30983131,855.8,604.9764408,43.33254673335421,1.3280537587932066,4.69728959202768,0.6441623500000002,0.2777908877774299,0.2311257520565443,1,1,ON,100.0,esp32-irrigation
19.89251078,44.95408168,855.4,380.8852258,9.901913604148287,1.2785888662942184,2.760699255519942,0.0,0.8349681065975285,0.6843792845003553,1,1,ON,100.0,esp32-irrigation
23.78902838,67.16824608,851.52,692.3914251,56.373389365800094,0.967335205612576,3.1249060437359266,0.0,0.0604435105699984,0.044839039216293,0,0,OFF,0.0,esp32-irrigation
27.40100389,64.91408706,851.07,696.1225582,56.93001155120051,1.280664584669265,3.8871363926731486,0.0501254862499997,0.0511664741466582,0.0419650099138342,0,1,ON,100.0,esp32-irrigation
34.45009124,48.90047128,852.63,812.7698039,74.33181499329014,2.786979499771752,6.259438238555916,0.931261405,0.0,0.0,0,0,OFF,0.0,esp32-irrigation
23.87392715,74.19660163,858.91,489.9562961,26.17347934227473,0.7641449617245867,3.001753057240056,0.0,0.5637753442954211,0.3895891943696831,1,1,ON,100.0,esp32-irrigation
36.43738829,45.94353961,852.58,904.0105666,87.94339929503366,3.2893690738577703,6.6822928751556026,1.0,0.0,0.0,0,0,OFF,0.0,esp32-irrigation
26.03326337,77.86482996,850.72,492.3112121,26.52479312691416,0.745524738311507,3.283383434303735,0.0,0.5579201145514306,0.3829458691256356,1,1,ON,100.0,esp32-irrigation
26.83977622,50.02656456,853.76,453.6654316,20.759493894245352,1.7650433774666556,4.165177240341715,0.0,0.6540084350959108,0.6155925318412975,1,1,ON,100.0,esp32-irrigation
20.40917963,73.70908102,854.47,809.1117591,73.78609635064275,0.630500536706076,2.469319722338103,0.0,0.0,0.0,0,0,OFF,0.0,esp32-irrigation
35.77896897,38.90138032,846.56,687.6139345,55.6606682735126,3.586077752243125,6.541259524993438,1.0,0.0723221954414567,0.0723221954414567,0,1,ON,100.0,esp32-irrigation
21.02343507,51.86790091,854.94,850.4715333,79.95627770999234,1.198772120436682,2.8768442732903345,0.0,0.0,0.0,0,0,OFF,0.0,esp32-irrigation
19.06198849,60.80330689,854.74,332.057034,2.617570188774769,0.8646420546815611,2.425347543320226,0.0,0.9563738301870872,0.6849171734877029,1,1,ON,100.0,esp32-irrigation
38.66050659,39.23412749,854.7,861.7625223,81.64070300495491,4.17160886920705,7.165255118431388,1.0,0.0,0.0,0,0,OFF,0.0,esp32-irrigation
30.18661901,77.54397708,858.6,855.4026727,80.6919206141123,0.9630703208773445,4.057928665243501,0.3983273762500001,0.0,0.0,0,0,OFF,0.0,esp32-irrigation
22.69905376,43.93425267,857.69,721.1758449,60.667539755278106,1.5466876606216595,3.337537981726053,0.0,0.0,0.0,0,0,OFF,0.0,esp32-irrigation
28.47292829,76.2137333,853.51,435.0541775,17.983008399749153,0.9241613708095318,3.768945459457131,0.1841160362499998,0.7002831933375141,0.5119352656461754,1,1,ON,100.0,esp32-irrigation
23.1078656,71.50559101,852.06,442.865314,19.148298340515687,0.8057703475012511,2.9256452222184066,0.0,0.6808616943247385,0.4775853881714531,1,1,ON,100.0,esp32-irrigation
36.38845995,58.35962974,859.67,709.4169493,58.913310680264026,2.5270696566883486,6.671780711587069,1.0,0.0181114886622662,0.0181114886622662,0,1,ON,100.0,esp32-irrigation
24.33102213,40.73048798,854.83,840.3268702,78.44286492263477,1.8039981420876263,3.7693025862405984,0.0,0.0,0.0,0,0,OFF,0.0,esp32-irrigation
24.72002091,60.50140282,854.67,534.6177819,32.83622043538291,1.2305120857717216,3.438467980739887,0.0,0.4527296594102848,0.36563715907806,1,1,ON,100.0,esp32-irrigation
31.59703142,68.78009305,853.75,702.321477,57.85478577851923,1.450966295157735,4.71607964099676,0.5746289275,0.0357535703580128,0.0308460915592632,0,1,ON,100.0,esp32-irrigation
32.99289867,75.86806903,854.14,446.7461953,19.7272604339574,1.2133883617023924,4.72894858866439,0.7491123337500003,0.67121232610071,0.5392164692308031,1,1,ON,100.0,esp32-irrigation
26.54421327,72.30082104,854.05,460.8372706,21.829411420779056,0.9614681007698924,3.515209702307053,0.0,0.6361764763203491,0.4710040852707267,1,1,ON,100.0,esp32-irrigation
34.58036835,43.04910898,852.02,743.0968015,63.93777709115869,3.128640811933078,6.286898848508144,0.94754604375,0.0,0.0,0,1,ON,100.0,esp32-irrigation
33.9658341,59.90989295,852.16,599.6748243,42.54163488880356,2.128443768695928,5.791616894727713,0.8707292625000003,0.290972751853274,0.290972751853274,1,1,ON,100.0,esp32-irrigation
20.12530997,60.39301835,855.1,425.8689854,16.612732517598303,0.9333310169638774,2.602126363029265,0.0,0.723121124706695,0.530288406030988,1,1,ON,100.0,esp32-irrigation
32.98528146,56.38715733,852.28,779.3837278,69.35117502611047,2.1919799287170694,5.659815070322676,0.7481601825000004,0.0,0.0,0,0,OFF,0.0,esp32-irrigation
27.78895655,42.29285071,852.48,715.6634456,59.84518266885689,2.1546289156763017,4.634058167649892,0.0986195687500002,0.0025802888523851,0.0025802888523851,0,1,ON,100.0,esp32-irrigation
26.98276246,78.18892941,854.63,802.9490589,72.86672532812639,0.7768527988473701,3.4389317553799352,0.0,0.0,0.0,0,0,OFF,0.0,esp32-irrigation
33.59937806,50.20342435,852.93,376.1633394,9.197487721517469,2.590293268875687,6.0810223622811925,0.8249222574999999,0.8467085379747089,0.8467085379747089,1,1,ON,100.0,esp32-irrigation
27.99637431,63.57329888,858.0,577.4513375,39.22626514500281,1.3766132864692286,4.0568191786987295,0.12454678875,0.3462289142499531,0.2922702880040517,1,1,ON,100.0,esp32-irrigation
30.78551938,42.72451509,847.28,399.3862141,12.661949299367448,2.541900474834592,5.502159925550276,0.4731899225,0.7889675116772091,0.7889675116772091,1,1,ON,100.0,esp32-irrigation
23.14027166,71.20822945,857.55,787.0575418,70.49597876389092,0.8157750713457993,2.936449653774635,0.0,0.0,0.0,0,0,OFF,0.0,esp32-irrigation
27.64621972,42.72817209,857.4,947.6328325,94.45110629089947,2.120639286763044,4.581146053872031,0.0807774650000001,0.0,0.0,0,0,OFF,0.0,esp32-irrigation
33.14001294,54.5052747,848.44,651.1959941,50.22772524255225,2.3064857803546777,5.800015972944306,0.7675016174999998,0.1628712459574624,0.1628712459574624,1,1,ON,100.0,esp32-irrigation
22.90714959,72.072791,853.99,742.9896138,63.92178649253276,0.7802020186134141,2.8823511464768,0.0,0.0,0.0,0,0,OFF,0.0,esp32-irrigation
23.41035349,38.53929711,853.86,489.6547301,26.128490776746894,1.7700237438866775,3.5943831629769347,0.0,0.5645251537208851,0.5320683083872534,1,1,ON,100.0,esp32-irrigation
25.82448203,50.675926,850.98,367.8108207,7.951432679312754,1.640874041727217,3.902818704647935,0.0,0.8674761220114541,0.7895928236124238,1,1,ON,100.0,esp32-irrigation
28.94368769,77.3372467,852.18,319.2512018,0.7071558149120012,0.9048468123265806,3.822772001163388,0.2429609612500001,0.9882140697514666,0.7176526226034563,1,1,ON,100.0,esp32-irrigation
34.91222027,74.56392577,850.63,874.0564308,83.47474698917593,1.4232651804656655,5.261842986207281,0.98902753375,0.0,0.0,0,0,OFF,0.0,esp32-irrigation
23.93169981,56.2109954,859.11,623.3584348,46.07483048417981,1.301280782630999,3.367653947112452,0.0,0.2320861585970031,0.1915453938227341,1,1,ON,100.0,esp32-irrigation
35.712238,62.88543114,855.65,699.2353919,57.39439388505028,2.170399421980624,6.182807934385637,1.0,0.0434267685824953,0.0434267685824953,0,1,ON,100.0,esp32-irrigation
31.23235489,75.18022473,857.03,984.82801,100.0,1.1298864726426774,4.366846594460355,0.52904436125,0.0,0.0,0,0,OFF,0.0,esp32-irrigation
28.44604515,40.18544002,855.99,903.6334164,87.88713484053103,2.3203365989318865,4.889578461983181,0.1807556437499999,0.0,0.0,0,0,OFF,0.0,esp32-irrigation
25.83183256,59.81048603,851.68,757.1386934,66.03259074348712,1.3375745999566262,3.6843845524131056,0.0,0.0,0.0,0,0,OFF,0.0,esp32-irrigation
27.01805963,62.14647639,853.05,860.3480459,81.42968696133927,1.3510374656675137,3.880714928052992,0.0022574537499999,0.0,0.0,0,0,OFF,0.0,esp32-irrigation
28.07773935,71.19040029,855.45,770.3903504,68.00951466494061,1.0939217414924542,3.845504258909516,0.1347174187500002,0.0,0.0,0,0,OFF,0.0,esp32-irrigation
22.48429453,39.14201991,851.85,484.193576,25.31377861063561,1.657156462054595,3.373008470616492,0.0,0.5781036898227399,0.5285539112432096,1,1,ON,100.0,esp32-irrigation
20.0189767,60.86032399,856.98,678.6498186,54.32337323505882,0.9162713568404386,2.578539574498246,0.0,0.094610446082353,0.0689774334919657,1,0,OFF,0.0,esp32-irrigation
34.44388461,55.36779609,852.87,724.2664083,61.12859973564347,2.4334118723990303,6.191456126192331,0.9304855762499996,0.0,0.0,0,1,ON,100.0,esp32-irrigation
24.35454604,60.26419122,853.74,671.7595742,53.29546487770992,1.2111512725352802,3.370466427730339,0.0,0.111742252038168,0.0897053187070803,1,1,ON,100.0,esp32-irrigation
33.86919461,38.99546814,855.31,360.0948893,6.800345735170291,3.221430748940461,6.1374397823258215,0.8586493262500001,0.8866609044138285,0.8866609044138285,1,1,ON,100.0,esp32-irrigation
18.794435,41.99485572,856.46,461.3095335,21.899865087382786,1.2583464011052985,2.5947596901249166,0.0,0.6350022485436202,0.5172643228089693,1,1,ON,100.0,esp32-irrigation
36.45469506,49.92157565,852.32,629.3884295,46.974404082309285,3.050188688456584,6.686012419681273,1.0,0.2170932652948452,0.2170932652948452,1,1,ON,100.0,esp32-irrigation
20.27056037,55.73200607,858.07,566.8116834,37.63900804151148,1.0525741807737017,2.688247981202004,0.0,0.372683199308142,0.2844107779540434,1,1,ON,100.0,esp32-irrigation
18.18041223,70.05120973,852.72,721.969067,60.78587512605593,0.6251866984979333,2.191985555147443,0.0,0.0,0.0,0,0,OFF,0.0,esp32-irrigation
26.23165573,69.50815744,855.99,437.9751566,18.41876926021028,1.039084881170658,3.526984109332059,0.0,0.6930205123298288,0.5265370403406816,1,1,ON,100.0,esp32-irrigation
27.39232035,58.22151072,855.8,699.9463154,57.5004516915173,1.524174761522113,4.073865320514911,0.0490400437499998,0.0416591384747116,0.0367035210998334,0,1,ON,100.0,esp32-irrigation
18.70188587,50.44729727,854.58,833.3418831,77.40082255094993,1.068780600495413,2.4840953234344902,0.0,0.0,0.0,0,0,OFF,0.0,esp32-irrigation
18.05214092,47.4936568,856.25,795.5955559,71.76970659400281,1.0872832842685307,2.406323840439577,0.0,0.0,0.0,0,0,OFF,0.0,esp32-irrigation
26.50351313,49.94184892,851.29,686.8016318,55.53948639874092,1.7334129976749135,4.0842653064236405,0.0,0.074341893354318,0.0693872477301933,0,1,ON,100.0,esp32-irrigation
18.19315095,46.51607435,857.73,648.4295505,49.81501847462189,1.1173804487985193,2.440294395184801,0.0,0.1697496920896352,0.1322935928274493,1,1,ON,100.0,esp32-irrigation
25.6458634,46.33247757,854.06,897.9951889,87.04600630699393,1.7665786487584931,3.963692992298157,0.0,0.0,0.0,0,0,OFF,0.0,esp32-irrigation
27.78411163,72.4180631,852.96,712.9489055,59.44021902850347,1.0295440001142762,3.750345828972754,0.0980139537500002,0.0093296828582754,0.0070661711815643,0,0,OFF,0.0,esp32-irrigation
21.2268205,62.26926798,857.68,711.5386211,59.22982836064868,0.9515188180086424,2.7606854303966752,0.0,0.0128361939891887,0.009471567027675,0,0,OFF,0.0,esp32-irrigation
35.28401903,49.98946395,851.61,609.1803281,43.95969587903949,2.85637610436013,6.435850352551515,1.0,0.2673384020160084,0.2673384020160084,1,1,ON,100.0,esp32-irrigation
25.79780967,70.01424246,850.98,435.1471051,17.99687163175125,0.9959684757059178,3.4320534064841697,0.0,0.7000521394708126,0.5243335353012593,1,1,ON,100.0,esp32-irrigation
32.7985974,55.25685843,849.77,755.9642393,65.85738198242888,2.225344935051257,5.654603983124121,0.7248246749999998,0.0,0.0,0,1,ON,100.0,esp32-irrigation
32.73069409,76.95463813,855.19,465.3671989,22.505200389565303,1.1418192676997792,4.618238681154536,0.71633676125,0.6249133268405783,0.4908411827275246,1,1,ON,100.0,esp32-irrigation
19.67811221,64.79199413,852.04,910.4323692,88.90142402950968,0.8070002880597231,2.474124668300197,0.0,0.0,0.0,0,0,OFF,0.0,esp32-irrigation
27.04684361,55.2017289,858.74,768.933636,67.7921974234752,1.6016054467169574,4.076123782443112,0.0058554512499999,0.0,0.0,0,0,OFF,0.0,esp32-irrigation
26.26584676,78.6916488,849.24,706.5374772,58.48374196477071,0.7276010638425725,3.302298444170062,0.0,0.0252709672538215,0.0172322792914636,0,0,OFF,0.0,esp32-irrigation
36.07811706,44.20900954,857.51,867.3441138,82.47338240166215,3.328774145074011,6.605222604155892,1.0,0.0,0.0,0,0,OFF,0.0,esp32-irrigation
21.8388425,38.99022701,855.51,663.4944454,52.06244693598279,1.597279486508428,3.2347577056685792,0.0,0.1322925510669534,0.118973320042755,1,1,ON,100.0,esp32-irrigation
34.21381612,73.77577857,853.25,516.9320715,30.197810464640504,1.4116273418020728,5.128368484346328,0.9017270149999996,0.4967031589226582,0.4236415194350003,1,1,ON,100.0,esp32-irrigation
36.48523746,62.93299446,851.86,820.9254016,75.54849274059984,2.261459599617505,6.437146055181361,1.0,0.0,0.0,0,0,OFF,0.0,esp32-irrigation
33.42914637,76.16170841,854.59,435.135891,17.995198676999443,1.228268822823294,4.8153871233230285,0.8036432962499998,0.7000800220500093,0.5650116271663723,1,1,ON,100.0,esp32-irrigation
18.31721797,62.32108401,855.31,510.6888574,29.266428124979463,0.7933362839680125,2.293464541128904,0.0,0.512226197917009,0.3577050060601404,1,1,ON,100.0,esp32-irrigation
30.16844617,48.95169003,856.74,505.3483682,28.46971712863056,2.1870284749471103,5.108275994301449,0.3960557712499999,0.5255047145228241,0.5255047145228241,1,1,ON,100.0,esp32-irrigation
20.63152831,60.58010387,855.41,969.3546491,97.69163529447732,0.9584041827138694,2.6841092717319546,0.0,0.0,0.0,0,0,OFF,0.0,esp32-irrigation
23.07666529,57.66709954,855.21,767.0516365,67.51143481154573,1.1948425108202323,3.170936525184453,0.0,0.0,0.0,0,0,OFF,0.0,esp32-irrigation
36.2049117,53.26167815,852.35,503.2820153,28.161452095950136,2.808093484019804,6.632391039435623,1.0,0.5306424650674978,0.5306424650674978,1,1,ON,100.0,esp32-irrigation
18.37924489,44.27375687,855.25,694.4691873,56.68335647378302,1.1778984122185898,2.4960781395315657,0.0,0.0552773921036163,0.0439164841494166,0,0,OFF,0.0,esp32-irrigation
34.30773303,50.57219325,854.25,379.9232561,9.758403935007031,2.674579099758945,6.229472996665812,0.9134666287500002,0.8373599344165494,0.8373599344165494,1,1,ON,100.0,esp32-irrigation
24.9215272,46.0858193,850.33,748.5227546,64.7472378612401,1.699914575709431,3.795743793194122,0.0,0.0,0.0,0,0,OFF,0.0,esp32-irrigation
27.09788078,46.51351304,850.98,337.115929,3.3722720756121194,1.9179532401932693,4.326063250545655,0.0122350975,0.9437954654064648,0.9244366254422434,1,1,ON,100.0,esp32-irrigation
36.00288262,78.86525363,855.14,757.6933222,66.1153320144276,1.2558133984424775,5.277423398145291,1.0,0.0,0.0,0,0,OFF,0.0,esp32-irrigation
28.43521759,38.01201815,854.61,506.7921398,28.68510352243437,2.403137853241941,4.954170268849322,0.17940219875,0.5219149412927604,0.5219149412927604,1,1,ON,100.0,esp32-irrigation
37.4575479,61.77933201,852.65,586.5633448,40.58562308822671,2.4586939243439456,6.857007604004942,1.0,0.3235729485295548,0.3235729485295548,1,1,ON,100.0,esp32-irrigation
26.50294561,61.8366087,854.47,782.4941879,69.81520325883764,1.321477247374091,3.777350253298964,0.0,0.0,0.0,0,0,OFF,0.0,esp32-irrigation
32.54846524,59.79923203,854.56,715.1088449,59.76244558996291,1.9715017924155749,5.367037532299971,0.6935581549999998,0.0039592401672848,0.0039310323552438,0,1,ON,100.0,esp32-irrigation
18.64515394,52.7789324,854.01,414.5975971,14.931231316785397,1.0148830148238772,2.4487706880186138,0.0,0.7511461447202434,0.5661544383418751,1,1,ON,100.0,esp32-irrigation
18.85689838,39.48508657,853.39,428.7620405,17.044327587805228,1.3179253742353934,2.6344754572038105,0.0,0.7159278735365795,0.5938488144323513,1,1,ON,100.0,esp32-irrigation
29.53159772,73.85535503,854.55,879.4522214,84.27970802252396,1.0798762329525609,4.056988143558653,0.3164497150000001,0.0,0.0,0,0,OFF,0.0,esp32-irrigation
37.32858556,58.6756124,850.67,430.874041,17.359402473200436,2.6397982854467945,6.874652244463788,1.0,0.7106766254466594,0.7106766254466594,1,1,ON,100.0,esp32-irrigation
26.97180171,46.68964404,855.38,326.9497742,1.855653088770015,1.897553451980296,4.2883774207540695,0.0,0.9690724485204998,0.944252916737518,1,1,ON,100.0,esp32-irrigation
37.17586944,80.53714457,848.88,531.6635899,32.39550476991056,1.233005485424713,5.454653134779402,1.0,0.4600749205014907,0.3718561854219145,1,1,ON,100.0,esp32-irrigation
19.62083299,59.08825783,857.82,590.0747719,41.10946884068091,0.9344071078184422,2.5357118630174083,0.0,0.3148421859886515,0.2309687871015487,1,1,ON,100.0,esp32-irrigation
37.17599078,51.02193658,854.32,788.4986446,70.71096701770655,3.102865337231406,6.8415965171894655,1.0,0.0,0.0,0,0,OFF,0.0,esp32-irrigation
29.02897312,70.12247535,854.76,464.1783134,22.327838706809764,1.198802615136925,4.077591386919977,0.25362164,0.627869354886504,0.5021075335938208,1,1,ON,100.0,esp32-irrigation
28.16642354,55.06735401,856.68,969.2149582,97.670795766121,1.714950273887545,4.353774001529617,0.1458029425,0.0,0.0,0,0,OFF,0.0,esp32-irrigation
19.41909307,74.87145788,859.43,595.2575195,41.88264744840488,0.5667761542728643,2.31213339695556,0.0,0.3019558758599187,0.1937632854499541,1,1,ON,100.0,esp32-irrigation
38.47085764,52.5198045,855.52,902.9610913,87.78683526492448,3.2264205552404963,7.123650201289035,1.0,0.0,0.0,0,0,OFF,0.0,esp32-irrigation
20.58287287,58.13518977,850.53,893.6475039,86.3974049675958,1.0147999754695556,2.709619113405184,0.0,0.0,0.0,0,0,OFF,0.0,esp32-irrigation
33.06048529,67.53187096,850.43,519.8483537,30.632870626768824,1.6387440129624984,5.146307886977497,0.7575606612500003,0.4894521562205196,0.4452477757697503,1,1,ON,100.0,esp32-irrigation
22.66517758,55.61628353,853.32,772.5768001,68.33569611643644,1.2219027308163222,3.1279279240053217,0.0,0.0,0.0,0,0,OFF,0.0,esp32-irrigation
29.18450132,55.82843798,854.16,670.5695383,53.117931574659714,1.78832349368872,4.590734529828787,0.2730626649999998,0.1147011404223381,0.108631256253708,1,1,ON,100.0,esp32-irrigation
25.24171199,47.71536187,855.87,788.963652,70.78033828597232,1.68025760786424,3.8347978331261663,0.0,0.0,0.0,0,0,OFF,0.0,esp32-irrigation
24.31132972,47.04387765,852.87,773.0264373,68.40277440986459,1.6099368585731937,3.634428130796457,0.0,0.0,0.0,0,0,OFF,0.0,esp32-irrigation
30.19115425,73.16611957,854.44,800.745598,72.53800609224537,1.1511222560340235,4.220556220567364,0.39889428125,0.0,0.0,0,0,OFF,0.0,esp32-irrigation
30.20991754,68.4283879,852.09,623.6280745,46.11505618373599,1.3558180917269815,4.399913795351961,0.4012396924999999,0.2314157302710668,0.1941472735884644,1,1,ON,100.0,esp32-irrigation
22.92443277,74.93948423,853.32,708.8129409,58.82320280509647,0.7008479814667442,2.834132852609897,0.0,0.0196132865817254,0.0132431263685455,0,0,OFF,0.0,esp32-irrigation
28.49687312,78.3947496,850.66,584.6458122,40.29955953654357,0.8405898092442605,3.705031053820957,0.18710914,0.3283406743909405,0.2331702934088234,1,1,ON,100.0,esp32-irrigation
38.94895601,46.12533294,850.62,879.4496598,84.27932587496935,3.7563219287355865,7.228678410560795,1.0,0.0,0.0,0,0,OFF,0.0,esp32-irrigation
36.8529194,49.09134547,849.8,503.1673515,28.14434618918355,3.168921566803883,6.771773625065851,1.0,0.5309275635136075,0.5309275635136075,1,1,ON,100.0,esp32-irrigation
30.8037134,76.32652754,851.46,530.252788,32.18503689977612,1.051725166915398,4.230009933462698,0.4754641749999999,0.4635827183370646,0.3536817621240681,1,1,ON,100.0,esp32-irrigation
20.18349609,48.25448038,857.81,666.5456946,52.51764190018959,1.2237680410609642,2.7717353484716343,0.0,0.1247059683301735,0.1005057788080935,1,1,ON,100.0,esp32-irrigation
29.18153652,40.7576471,851.72,871.5664408,83.10328243986108,2.398067020210811,5.095572520780974,0.2726920650000002,0.0,0.0,0,0,OFF,0.0,esp32-irrigation
29.46358763,80.93009743,860.65,357.1233579,6.357043323403208,0.7845835166622583,3.799093683698709,0.3079484537499999,0.8940492779432798,0.6223887206111628,1,1,ON,100.0,esp32-irrigation
27.9929879,70.84495697,855.47,591.6013313,41.33720577919205,1.101590457284786,3.838670565288517,0.1241234874999999,0.3110465703467992,0.2411847685896983,1,1,ON,100.0,esp32-irrigation
31.26598014,70.23519053,854.31,813.4999344,74.44073816050106,1.3575939915936903,4.576210253628923,0.5332475175,0.0,0.0,0,0,OFF,0.0,esp32-irrigation
32.11005997,58.09322343,851.6,762.0788052,66.76957217849369,2.0049991842858788,5.315290635399127,0.6387574962500002,0.0,0.0,0,0,OFF,0.0,esp32-irrigation
21.00923167,44.19856667,856.83,415.234006,15.026172800573873,1.3885717973096263,2.9850778283866792,0.0,0.7495637866571021,0.6349876769377164,1,1,ON,100.0,esp32-irrigation
23.45606039,71.57778551,853.35,551.3029898,35.32537229253818,0.820797683185356,2.982499559109024,0.0,0.4112437951243637,0.2900088861277896,1,1,ON,100.0,esp32-irrigation
36.50454595,62.63280594,853.52,853.6724309,80.43379769376213,2.2821818495148065,6.463342759989293,1.0,0.0,0.0,0,0,OFF,0.0,esp32-irrigation
35.37805399,62.89538353,859.75,705.8360981,58.37910802195151,2.1302645588049223,6.073924322285797,1.0,0.0270148663008081,0.0270148663008081,0,1,ON,100.0,esp32-irrigation
20.86374102,80.96447944,854.86,491.4209942,26.39198761724725,0.4694665803889797,2.433495884522623,0.0,0.5601335397125458,0.3458077642187788,1,1,ON,100.0,esp32-irrigation
37.88971527,58.58522277,855.93,782.077727,69.75307431031744,2.7273094599820378,6.996628028662022,1.0,0.0,0.0,0,0,OFF,0.0,esp32-irrigation
26.7484045,58.31329798,852.63,387.2431466,10.850408250533006,1.4644752465847608,3.923420035723873,0.0,0.8191598624911165,0.7094897666490624,1,1,ON,100.0,esp32-irrigation
30.09274062,42.0021602,853.9,876.6907768,83.86774702115571,2.474006811808425,5.340030283986251,0.3865925775000001,0.0,0.0,0,0,OFF,0.0,esp32-irrigation
28.9854808,38.43428436,858.55,639.4683006,48.47815099507329,2.46405562209989,5.111514386914952,0.2481851000000001,0.1920308167487784,0.1920308167487784,1,1,ON,100.0,esp32-irrigation
31.65550976,52.36330075,852.23,539.6158807,33.58185255365371,2.221296443245752,5.426016005394139,0.5819387200000001,0.4403024574391048,0.4403024574391048,1,1,ON,100.0,esp32-irrigation
26.14096895,38.31936499,858.99,892.1538802,86.174581480527,2.090698001510005,4.285172618264771,0.0,0.0,0.0,0,0,OFF,0.0,esp32-irrigation
27.29025202,66.797263,856.09,342.8729662,4.231125014333485,1.2040985615868005,3.810870389537872,0.0362815025,0.9294812497611086,0.7445373838453674,1,1,ON,100.0,esp32-irrigation
21.58129401,46.75826526,853.6,396.3036918,12.202088915621948,1.3721477533234574,3.0602289890219616,0.0,0.7966318514063009,0.6715900769864159,1,1,ON,100.0,esp32-irrigation
18.71287712,57.54126694,856.94,671.3286322,53.23117559308998,0.916403474533624,2.4069758072087706,0.0,0.112813740115167,0.0822525959117515,1,0,OFF,0.0,esp32-irrigation
20.05131877,56.8297585,857.63,794.7089644,71.63744208210764,1.0126529002805766,2.636176700988188,0.0,0.0,0.0,0,0,OFF,0.0,esp32-irrigation
38.15488888,60.21823105,854.58,674.9186791,53.76675009488623,2.657598467836482,7.054500220977329,1.0,0.1038874984185628,0.1038874984185628,1,1,ON,100.0,esp32-irrigation
25.94845224,60.29486328,850.56,344.4982398,4.473588448057044,1.3306027131245497,3.697487868821616,0.0,0.9254401925323826,0.7705684040207148,1,1,ON,100.0,esp32-irrigation
26.84400076,38.43752254,852.56,513.8966684,29.74497947153193,2.1749036947008524,4.475495487264915,0.0,0.5042503421411345,0.5042503421411345,1,1,ON,100.0,esp32-irrigation
25.98052435,73.63609724,853.86,865.1109938,82.140238527845,0.8851869688708037,3.377888201023808,0.0,0.0,0.0,0,0,OFF,0.0,esp32-irrigation
32.3030616,80.33104385,853.54,589.039116,40.95496643218178,0.9513505079372028,4.372016964966956,0.6628826999999999,0.3174172261303036,0.2342023728919223,1,1,ON,100.0,esp32-irrigation
37.30552714,76.49268791,854.68,407.0810749,13.809892865049427,1.4997646101025537,5.770250702416198,1.0,0.7698351189158429,0.6735604261989395,1,1,ON,100.0,esp32-irrigation
38.21162092,50.07303514,853.46,323.1527597,1.2892025086534542,3.3455762446734267,7.066900693020455,1.0,0.9785132915224424,0.9785132915224424,1,1,ON,100.0,esp32-irrigation
27.14525385,60.94045561,851.0,798.5256028,72.20682021742293,1.4045170525684296,3.941775374127886,0.0181567312499999,0.0,0.0,0,0,OFF,0.0,esp32-irrigation
30.17623297,70.42048822,854.93,811.1821248,74.0949600254637,1.267820561660158,4.318638811387663,0.3970291212500001,0.0,0.0,0,0,OFF,0.0,esp32-irrigation
36.45073547,72.51398423,854.75,700.1678444,57.533500085344265,1.6737623813201457,5.801396284225035,1.0,0.0411083319109289,0.0377555608332982,0,1,ON,100.0,esp32-irrigation
33.61340666,68.15827479,854.97,594.3900566,41.75323660129472,1.657624896016462,5.263956658509597,0.8266758325000003,0.3041127233117547,0.2780825669951099,1,1,ON,100.0,esp32-irrigation
23.53830032,65.95445359,857.48,693.4917887,56.53754507275331,0.9880764834843836,3.103239772404069,0.0,0.0577075821207781,0.0431086672634602,0,0,OFF,0.0,esp32-irrigation
19.75202558,53.54305033,857.31,720.0234299,60.49561885656017,1.0697306818009182,2.626848698504368,0.0,0.0,0.0,0,0,OFF,0.0,esp32-irrigation
19.23267256,73.50879262,856.44,597.4279971,42.20644613172568,0.5906196943161529,2.30212929051481,0.0,0.2965592311379053,0.1920680461792783,1,1,ON,100.0,esp32-irrigation
31.24550578,75.93661188,853.68,425.3398894,16.533800310166036,1.0962719829646772,4.338842454831343,0.5306882224999998,0.7244366614972327,0.560763234606587,1,1,ON,100.0,esp32-irrigation
35.69010972,68.35547865,849.16,425.0433845,16.489566775473868,1.8482696808614425,5.842172091299892,1.0,0.7251738870754355,0.6976661707462095,1,1,ON,100.0,esp32-irrigation
29.15402932,55.81934674,855.18,574.5621388,38.7952453846919,1.785548516758924,4.583063993440428,0.2692536649999999,0.3534125769218016,0.3344651140925688,1,1,ON,100.0,esp32-irrigation
24.82694231,44.73354458,855.14,900.7409551,87.45562835527802,1.7327525434432498,3.802923101634528,0.0,0.0,0.0,0,0,OFF,0.0,esp32-irrigation
36.31276182,73.75800258,853.92,499.9197741,27.659862365852497,1.5859897337663331,5.68221190767946,1.0,0.5390022939024584,0.4832141731026799,1,1,ON,100.0,esp32-irrigation
38.35999162,65.19923706,849.8,738.6523352,63.27473761265697,2.3507235866986256,6.929800537031412,1.0,0.0,0.0,0,1,ON,100.0,esp32-irrigation
23.62108923,63.36879835,852.06,892.3493002,86.20373485151528,1.0684309505156158,3.1677450061384174,0.0,0.0,0.0,0,0,OFF,0.0,esp32-irrigation
28.44158436,46.7915701,856.82,343.8721494,4.380186310592092,2.0635362265050805,4.681910220143813,0.180198045,0.9269968948234651,0.9269968948234651,1,1,ON,100.0,esp32-irrigation
25.4774334,63.93430947,854.44,833.6903704,77.45281098376952,1.1753769895453774,3.5135967054545985,0.0,0.0,0.0,0,0,OFF,0.0,esp32-irrigation
33.0977186,42.17321493,855.33,422.5618034,16.119356692341103,2.9247542852787243,5.976548706115525,0.762214825,0.7313440551276483,0.7313440551276483,1,1,ON,100.0,esp32-irrigation
35.6946425,71.29051778,853.39,374.0224999,8.878110543286668,1.6772601198481871,5.664551698973109,1.0,0.8520314909452222,0.7832853556269144,1,1,ON,100.0,esp32-irrigation
38.05274832,63.1508986,853.11,440.5951193,18.809623546202275,2.44813504329957,6.97383546317917,1.0,0.6865062742299621,0.6865062742299621,1,1,ON,100.0,esp32-irrigation
19.57886369,80.83453849,857.6,842.7628242,78.80626821130728,0.4365918441749773,2.2612759258704864,0.0,0.0,0.0,0,0,OFF,0.0,esp32-irrigation
29.30883462,54.1016629,852.79,761.6534908,66.70612243696334,1.8716083315816665,4.682042159974697,0.2886043274999998,0.0,0.0,0,0,OFF,0.0,esp32-irrigation
38.64445903,53.17040977,853.2,323.1759468,1.292661633248906,3.2121005333675283,7.161731722836401,1.0,0.9784556394458516,0.9784556394458516,1,1,ON,100.0,esp32-irrigation
38.54811678,65.37268937,851.82,468.5261717,22.97646589964762,2.362842941284279,6.98388897108152,1.0,0.6170589016725396,0.6170589016725396,1,1,ON,100.0,esp32-irrigation
27.28525346,69.63839321,853.24,707.3200815,58.6004933387085,1.1007427227512767,3.730610020782812,0.0356566824999999,0.0233251110215249,0.0180812920643397,0,0,OFF,0.0,esp32-irrigation
36.71423043,54.45736854,852.42,806.01156,73.32359888620805,2.8135337043249,6.741867570945964,1.0,0.0,0.0,0,0,OFF,0.0,esp32-irrigation
30.75128698,38.97049951,854.47,965.88821,97.17450099353276,2.703222104590844,5.495225414307179,0.4689108724999999,0.0,0.0,0,0,OFF,0.0,esp32-irrigation
29.85451294,57.50803105,852.82,328.6294037,2.106225506825281,1.787970986229676,4.709044628022977,0.3568141174999999,0.964896241552912,0.913749741931123,1,1,ON,100.0,esp32-irrigation
27.93869403,43.00183981,857.39,440.3097397,18.76704971879829,2.1468120537847657,4.65561647868459,0.11733675375,0.6872158380200285,0.6872158380200285,1,1,ON,100.0,esp32-irrigation
32.09551657,38.35733591,851.51,475.6455436,24.038556218981544,2.946827394821548,5.769482036169485,0.6369395712500001,0.5993573963503077,0.5993573963503077,1,1,ON,100.0,esp32-irrigation
22.78952732,49.34129442,854.4,709.5416642,58.93191604178006,1.4052070641754215,3.2621270113549348,0.0,0.0178013993036656,0.0151543626652623,0,1,ON,100.0,esp32-irrigation
23.2126338,74.356478,853.72,750.9186249,65.10466133732086,0.7297564804566916,2.890728981548858,0.0,0.0,0.0,0,0,OFF,0.0,esp32-irrigation
19.48222522,51.30534486,858.88,862.9338313,81.81544257009108,1.10263072653229,2.607782996020937,0.0,0.0,0.0,0,0,OFF,0.0,esp32-irrigation
21.67048878,43.23987897,855.49,981.4868555,99.50155605021156,1.4708212352883168,3.132699810342878,0.0,0.0,0.0,0,0,OFF,0.0,esp32-irrigation
29.31050308,48.36467146,856.66,812.0749943,74.22816110916864,2.105749664995705,4.877361888993264,0.288812885,0.0,0.0,0,0,OFF,0.0,esp32-irrigation
31.20393761,65.91190474,850.14,521.274195,30.845582121955147,1.5493096584924415,4.737269327403148,0.5254922012500001,0.4859069646340809,0.4311585706761222,1,1,ON,100.0,esp32-irrigation
25.01759801,48.13878335,855.27,927.1263778,91.3918888028048,1.6445709367936348,3.7728984291514367,0.0,0.0,0.0,0,0,OFF,0.0,esp32-irrigation
29.72921444,71.25738398,856.26,355.3889229,6.098294848272433,1.2007534215204054,4.1898333505553245,0.341151805,0.8983617525287928,0.7188586132924003,1,1,ON,100.0,esp32-irrigation
29.4770315,58.75196714,854.27,362.8196189,7.206829477220998,1.698361621521085,4.567000901782186,0.3096289374999998,0.87988617537965,0.813534315582767,1,1,ON,100.0,esp32-irrigation
18.26086759,56.57816887,858.07,904.0569505,87.9503189913011,0.9110281042483346,2.34558781248126,0.0,0.0,0.0,0,0,OFF,0.0,esp32-irrigation
35.68187907,41.11006756,852.02,872.086284,83.18083428545177,3.438042885524996,6.5205410510303725,1.0,0.0,0.0,0,0,OFF,0.0,esp32-irrigation
36.72641576,52.25578127,856.72,341.6621065,4.050485151223989,2.951505692183805,6.744493510293172,1.0,0.9324919141462668,0.9324919141462668,1,1,ON,100.0,esp32-irrigation
22.17382726,50.12264883,860.69,357.3274674,6.387493021365203,1.3327595961900771,3.124415115906841,0.0,0.8935417829772466,0.7444899879535525,1,1,ON,100.0,esp32-irrigation
19.98620505,56.93256438,854.29,942.7781588,93.7268707807002,1.0061781456445638,2.6237935450287377,0.0,0.0,0.0,0,0,OFF,0.0,esp32-irrigation
36.87212725,67.44757849,852.06,425.9922393,16.631119922533586,2.028420489192028,6.264657191332467,1.0,0.7228146679577736,0.7228146679577736,1,1,ON,100.0,esp32-irrigation
22.13355636,59.15217298,858.58,395.900673,12.141965301909671,1.0888113745208865,2.968761997204076,0.0,0.7976339116348388,0.6159351747403194,1,1,ON,100.0,esp32-irrigation
34.55651433,45.64965959,857.4,966.0803383,97.20316329834932,2.981831143202549,6.281868013103346,0.94456429125,0.0,0.0,0,0,OFF,0.0,esp32-irrigation
32.39962106,48.24355558,852.4,667.4131316,52.6470488834562,2.5170232180036614,5.832080655301249,0.6749526325000001,0.1225491852757299,0.1225491852757299,1,1,ON,100.0,esp32-irrigation
26.63453562,55.07723856,853.35,814.3565358,74.56852865483775,1.5676276212457363,3.9823023665334407,0.0,0.0,0.0,0,0,OFF,0.0,esp32-irrigation
18.83400802,67.22120849,854.64,340.4556604,3.8705037228611614,0.7128536791167152,2.317082833567885,0.0,0.9354916046189806,0.6344629603433503,1,1,ON,100.0,esp32-irrigation
21.40493418,50.04087473,851.67,400.2106577,12.784942391833486,1.2737282784548496,2.9757532647308014,0.0,0.7869176268027753,0.6440386219197064,1,1,ON,100.0,esp32-irrigation
35.73159044,65.11287701,851.02,662.354097,51.89232617065124,2.042313834452311,6.052872203948332,1.0,0.1351278971558127,0.1351278971558127,1,1,ON,100.0,esp32-irrigation
38.30284017,67.5840328,850.49,599.7250641,42.549129820375455,2.182895251803045,6.7272895011381735,1.0,0.2908478363270757,0.2908478363270757,1,1,ON,100.0,esp32-irrigation
25.63613139,47.28561083,852.6,423.2431232,16.220998125618465,1.7342035816125854,3.938801099679172,0.0,0.7296500312396923,0.6811654399947484,1,1,ON,100.0,esp32-irrigation
37.76170433,44.15751245,852.98,618.7068134,45.38088695551732,3.652026298445639,6.968743345581755,1.0,0.2436518840747113,0.2436518840747113,1,1,ON,100.0,esp32-irrigation
28.90119217,41.41291755,854.72,484.6347643,25.37959647055572,2.333442502793135,4.987792222357077,0.2376490212500002,0.577006725490738,0.577006725490738,1,1,ON,100.0,esp32-irrigation
24.19783629,43.92679013,858.57,953.1336148,95.27173031667812,1.6931497720556703,3.672303509615601,0.0,0.0,0.0,0,0,OFF,0.0,esp32-irrigation
24.64797762,74.74610067,852.15,424.4061013,16.394494860858178,0.7833655671997642,3.119905866381137,0.0,0.7267584189856972,0.5057085897693322,1,1,ON,100.0,esp32-irrigation
27.09043107,39.38194843,856.81,782.2422489,69.77761820544794,2.172732390325645,4.519151946058862,0.0113038837500001,0.0,0.0,0,0,OFF,0.0,esp32-irrigation
18.47339685,74.25255052,854.85,572.8755349,38.54363250368189,0.547450328754906,2.187991209735744,0.0,0.3576061249386352,0.2277459601349236,1,1,ON,100.0,esp32-irrigation
18.07593127,58.10187373,855.31,675.4801916,53.85051829786984,0.8689101194695472,2.3007325415782898,0.0,0.1024913617021693,0.0735096261863918,1,0,OFF,0.0,esp32-irrigation
28.19839263,46.44838944,855.9,863.2876259,81.86822276263764,2.047714338315187,4.6247125657329455,0.1497990787500001,0.0,0.0,0,0,OFF,0.0,esp32-irrigation
37.42252748,68.93555719,850.3,607.859578,43.76266222000712,1.994545771493256,6.33740747897527,1.0,0.2706222963332146,0.2702532873724093,1,1,ON,100.0,esp32-irrigation
22.27909468,73.54269231,855.88,876.6394268,83.86008646645176,0.7115013879492594,2.756263950064461,0.0,0.0,0.0,0,0,OFF,0.0,esp32-irrigation
21.01410832,70.65750846,855.49,332.0784971,2.620772121621247,0.7303819855188152,2.60335407359602,0.0,0.956320464639646,0.6527800422587682,1,1,ON,100.0,esp32-irrigation
37.94420375,44.70716149,854.28,730.9987723,62.13295499774633,3.6519794466852415,7.0085077105335,1.0,0.0,0.0,0,1,ON,100.0,esp32-irrigation
32.64694052,41.4682221,854.41,606.4611969,43.55404732393046,2.88642704331357,5.883140140991304,0.7058675650000001,0.2740992112678256,0.2740992112678256,1,1,ON,100.0,esp32-irrigation
38.07495678,69.15321821,859.17,432.6823792,17.629176060432446,2.0518217051909784,6.5324243360032215,1.0,0.7061803989927926,0.7061803989927926,1,1,ON,100.0,esp32-irrigation
35.24177069,78.80344603,851.78,804.5683272,73.10829287228493,1.2078332460140575,5.098141549996231,1.0,0.0,0.0,0,0,OFF,0.0,esp32-irrigation
31.08128481,45.84165676,852.54,982.1877243,99.60611386486978,2.444395734568641,5.512697235296411,0.51016060125,0.0,0.0,0,0,OFF,0.0,esp32-irrigation
24.18572475,45.7949139,853.14,797.350174,72.0314660475493,1.635553465282322,3.631488297024782,0.0,0.0,0.0,0,0,OFF,0.0,esp32-irrigation
22.68256366,77.70804396,853.49,931.782114,92.08644619028902,0.6143544259557375,2.7479396381669754,0.0,0.0,0.0,0,0,OFF,0.0,esp32-irrigation
26.30190233,58.38738149,852.85,407.2633133,13.837079763440128,1.4239415992860018,3.821602617152775,0.0,0.7693820039426645,0.658579762260329,1,1,ON,100.0,esp32-irrigation
18.05740359,44.29926645,858.41,839.5885439,78.33271908017082,1.153813188236878,2.4401330600701434,0.0,0.0,0.0,0,0,OFF,0.0,esp32-irrigation
20.08399936,55.14512296,858.74,732.9626254,62.42592878748527,1.054299324328823,2.6636924365564,0.0,0.0,0.0,0,0,OFF,0.0,esp32-irrigation
31.89898456,54.38997534,852.35,345.0795971,4.56031716079701,2.1563055953982366,5.414083610231407,0.6123730699999999,0.9239947139867164,0.9239947139867164,1,1,ON,100.0,esp32-irrigation
24.7346162,40.1650604,852.55,367.9184041,7.967482309710765,1.8656811306217769,3.8794543515647377,0.0,0.8672086281714873,0.8380880075587287,1,1,ON,100.0,esp32-irrigation
21.08835487,48.25107659,856.25,522.4686311,31.02377186069784,1.2939998376590955,2.941637041522809,0.0,0.482937135655036,0.3976987116118092,1,1,ON,100.0,esp32-irrigation
28.20830458,56.02569065,852.83,470.7973446,23.31528662491743,1.682465327484456,4.335056726853866,0.1510380725,0.6114118895847095,0.5628757710518618,1,1,ON,100.0,esp32-irrigation
30.52331085,57.56976465,855.52,886.5590165,85.33992209522886,1.8550918439668964,4.886842419717475,0.4404138562500002,0.0,0.0,0,0,OFF,0.0,esp32-irrigation
31.44562955,67.23705294,854.33,468.8336887,23.022342254095484,1.509662271845925,4.743280403961233,0.55570369375,0.6162942957650752,0.5407462095501345,1,1,ON,100.0,esp32-irrigation
21.90054682,67.47675705,851.18,885.9350033,85.24682984100112,0.8546934243010736,2.793815924263726,0.0,0.0,0.0,0,0,OFF,0.0,esp32-irrigation
23.97579295,40.02660668,858.59,422.4634254,16.1046803525034,1.7869580615079723,3.6987546633479806,0.0,0.73158866079161,0.6926238941731522,1,1,ON,100.0,esp32-irrigation
24.48055654,76.14676172,859.15,552.2592641,35.46803230397231,0.732551153549355,3.0623138102478134,0.0,0.4088661282671282,0.2793119026108999,1,1,ON,100.0,esp32-irrigation
22.99498504,77.66145071,853.31,397.6379739,12.40114132102734,0.6273972698001379,2.796484435504426,0.0,0.793314311316211,0.5210879639113973,1,1,ON,100.0,esp32-irrigation
31.25597591,76.27255568,852.88,742.2543921,63.81210380407337,1.081610491017166,4.327364392113992,0.53199698875,0.0,0.0,0,0,OFF,0.0,esp32-irrigation
25.57356278,38.20297558,855.25,950.2357817,94.83942244938504,2.0254770312242805,4.136963376681583,0.0,0.0,0.0,0,0,OFF,0.0,esp32-irrigation
30.44841487,66.58213769,854.78,976.3798191,98.73967227772228,1.4548215777188949,4.525268372910646,0.43105185875,0.0,0.0,0,0,OFF,0.0,esp32-irrigation
18.23209406,55.68756602,857.06,546.9600203,34.677474426279424,0.9280364723471232,2.3504146331348483,0.0,0.4220420928953429,0.3089386602158192,1,1,ON,100.0,esp32-irrigation
20.51501014,71.7933516,860.16,814.1097198,74.53170786672065,0.6808730436988508,2.511118567205481,0.0,0.0,0.0,0,0,OFF,0.0,esp32-irrigation
32.27188661,67.89965606,853.29,718.4518042,60.26115878549879,1.5499064183874616,4.923199487315696,0.6589858262500004,0.0,0.0,0,1,ON,100.0,esp32-irrigation
36.75426279,41.07802965,851.19,975.2514899,98.57134457449584,3.648043979444047,6.750495727363099,1.0,0.0,0.0,0,0,OFF,0.0,esp32-irrigation
24.76200913,77.71975153,851.18,452.3763078,20.567178346239928,0.6958451082721046,3.0749813642163475,0.0,0.6572136942293345,0.4429365806693975,1,1,ON,100.0,esp32-irrigation
32.42877892,68.97117622,851.88,980.7641314,99.3937377930758,1.5114767936682896,4.914718836405674,0.6785973649999999,0.0,0.0,0,0,OFF,0.0,esp32-irrigation
27.50930489,80.51741124,854.22,879.6801175,84.31370628037926,0.7156475502433336,3.465650404022957,0.0636631112499999,0.0,0.0,0,0,OFF,0.0,esp32-irrigation
26.71082076,80.45076871,858.88,897.6143085,86.98918536950869,0.6852588119673263,3.3319715644309653,0.0,0.0,0.0,0,0,OFF,0.0,esp32-irrigation
38.63988486,58.99234199,851.67,726.7364701,61.497091333327326,2.812074491774656,7.160727518279212,1.0,0.0,0.0,0,1,ON,100.0,esp32-irrigation
20.97992539,42.97906318,855.64,846.4935848,79.36283482598469,1.4163660820333688,2.9968652454973066,0.0,0.0,0.0,0,0,OFF,0.0,esp32-irrigation
25.27489966,61.09237726,854.53,846.7601467,79.4026013696447,1.252833333434696,3.538002449768096,0.0,0.0,0.0,0,0,OFF,0.0,esp32-irrigation
34.01132762,73.7192969,856.49,918.04739,90.03745681257112,1.3988209171041035,5.080628029879858,0.8764159525000004,0.0,0.0,0,0,OFF,0.0,esp32-irrigation
37.8441562,50.40741548,859.38,954.1026612,95.4162957102103,3.257803699296465,6.986699933743217,1.0,0.0,0.0,0,0,OFF,0.0,esp32-irrigation
33.59275485,55.6593418,852.24,645.4177772,49.36571264948886,2.305637142638936,5.890574492434822,0.8240943562499998,0.1772381225085189,0.1772381225085189,1,1,ON,100.0,esp32-irrigation
31.25957928,41.82728616,852.63,762.2144158,66.78980299484688,2.65233376809857,5.598458987467267,0.5324474100000001,0.0,0.0,0,0,OFF,0.0,esp32-irrigation
30.70600684,71.19470995,856.53,557.7440752,36.28627369584078,1.2726012815209058,4.408684271295587,0.4632508550000001,0.3952287717359871,0.3233565462192812,1,1,ON,100.0,esp32-irrigation
24.61716841,71.87563779,856.35,360.3301275,6.835439310624268,0.8708021210689066,3.175785728125589,0.0,0.8860760114895956,0.6359372233031519,1,1,ON,100.0,esp32-irrigation
30.83042594,79.57117599,858.52,527.6233676,31.792771684315323,0.9089605443613504,4.108279366023662,0.4788032425000001,0.4701204719280779,0.3418904759838291,1,1,ON,100.0,esp32-irrigation
28.49162975,78.77063915,855.64,673.972722,53.62562923583752,0.8257139815418849,3.692266896561783,0.1864537187500001,0.1062395127360413,0.0750506191326072,1,0,OFF,0.0,esp32-irrigation
18.37289862,67.49269141,854.5,649.1782883,49.92671753744221,0.6868411350999633,2.2465657270896724,0.0,0.1678880410426298,0.1127721236911722,1,0,OFF,0.0,esp32-irrigation
31.08167795,66.48331559,855.35,643.5344802,49.084756472423486,1.5127839611690044,4.683677417146134,0.5102097437499999,0.1819207254596085,0.1597620516496857,1,1,ON,100.0,esp32-irrigation
19.41243624,77.82986375,858.04,658.1311962,51.2623405311614,0.4998421330819569,2.2754852379777457,0.0,0.1456276578139766,0.0910115386863552,1,0,OFF,0.0,esp32-irrigation
23.47959571,65.79993766,856.83,983.3655943,99.7818322206469,0.9890565313878796,3.0956063706579613,0.0,0.0,0.0,0,0,OFF,0.0,esp32-irrigation
33.61330121,79.71811717,854.83,977.7821994,98.94888378704864,1.0558333676703189,4.678136423030012,0.8266626512500004,0.0,0.0,0,0,OFF,0.0,esp32-irrigation
23.88598901,80.09424299,857.4,686.6749468,55.520587131502936,0.5899188230837612,2.887463013504933,0.0,0.0746568811416177,0.0483388154353507,0,0,OFF,0.0,esp32-irrigation
34.36573162,70.77204819,856.4,561.2225033,36.80519655355932,1.5866512559833623,5.329543640780493,0.9207164524999998,0.386580057440678,0.346631962139432,1,1,ON,100.0,esp32-irrigation
18.48241237,70.98328367,858.84,680.0244345,54.528442763761554,0.6173110304980061,2.224655180806176,0.0,0.0911926206039741,0.0596698629517002,1,0,OFF,0.0,esp32-irrigation
33.3009106,75.72270838,855.23,376.7388043,9.283337387469954,1.2419470958554484,4.807283868278391,0.7876138250000002,0.845277710208834,0.6850864044507182,1,1,ON,100.0,esp32-irrigation
25.30031995,65.69345957,854.15,747.0047477,64.52077681161126,1.1063478175252763,3.438162384349991,0.0,0.0,0.0,0,0,OFF,0.0,esp32-irrigation
37.93172032,55.04461156,853.41,636.5583543,48.04403604245906,2.9672074284702847,7.005785499653443,1.0,0.1992660659590156,0.1992660659590156,1,1,ON,100.0,esp32-irrigation
24.92993202,47.47622721,857.62,760.5319971,66.5388144751523,1.6569047704612974,3.76716436686149,0.0,0.0,0.0,0,0,OFF,0.0,esp32-irrigation
35.12440433,41.73879456,851.34,886.4363529,85.32162275310645,3.29843352578063,6.401969191723705,1.0,0.0,0.0,0,0,OFF,0.0,esp32-irrigation
32.97066224,59.10194741,854.57,461.2870641,21.896513031533416,2.0538495209876824,5.525427783447451,0.7463327800000004,0.6350581161411097,0.6350581161411097,1,1,ON,100.0,esp32-irrigation
20.14363104,64.1104686,854.2,804.1518423,73.04616034336918,0.8466887119479941,2.5563832416938213,0.0,0.0,0.0,0,0,OFF,0.0,esp32-irrigation
22.25104907,69.81767232,855.0,702.2189435,57.83948950810564,0.8102927539058251,2.813552125031813,0.0,0.0360085081982394,0.0252986124171176,0,0,OFF,0.0,esp32-irrigation
37.89936423,73.22187079,856.25,899.2919095,87.23945516954609,1.7643554635953889,6.174958713527943,1.0,0.0,0.0,0,0,OFF,0.0,esp32-irrigation
28.31537409,70.89210411,854.68,828.2778995,76.6453615307403,1.1206243502288928,3.90314444269657,0.1644217612499998,0.0,0.0,0,0,OFF,0.0,esp32-irrigation
27.70943467,71.0070568,854.39,713.29294,59.49154317859696,1.077507938673341,3.776690274017088,0.08867933375,0.0084742803567174,0.0065199162680853,0,0,OFF,0.0,esp32-irrigation
19.72571016,66.20948621,851.83,720.738578,60.60230690215868,0.7768007805239924,2.463824251132644,0.0,0.0,0.0,0,0,OFF,0.0,esp32-irrigation
23.20149613,67.83004771,856.68,778.8797434,69.275989046244,0.9148683543420204,3.0086397688593167,0.0,0.0,0.0,0,0,OFF,0.0,esp32-irrigation
29.98127917,75.98088505,855.62,728.881115,61.817036213113546,1.018052840411981,4.073774740427208,0.37265989625,0.0,0.0,0,0,OFF,0.0,esp32-irrigation
37.85732807,59.35866294,858.47,491.0434715,26.3356675920216,2.6716884564136305,6.989569860385872,1.0,0.56107220679964,0.56107220679964,1,1,ON,100.0,esp32-irrigation
23.34926443,65.0488235,854.03,696.3692955,56.96682059860379,1.0028670383959648,3.08622399180894,0.0,0.0505529900232701,0.0379509768583095,0,0,OFF,0.0,esp32-irrigation
19.32067266,50.26199772,855.83,786.3477819,70.39009454693614,1.1149969198649414,2.5922842919984266,0.0,0.0,0.0,0,0,OFF,0.0,esp32-irrigation
26.64820143,41.12715694,855.03,326.0379663,1.7196267149150146,2.056082834926029,4.350553071736473,0.0,0.9713395547514164,0.9713395547514164,1,1,ON,100.0,esp32-irrigation
36.8545772,74.10406404,857.12,596.3301604,42.042667395671806,1.6120954065712745,5.810050304111904,1.0,0.2992888767388032,0.2702649942265269,1,1,ON,100.0,esp32-irrigation
26.07920803,58.79196184,854.23,838.3281249,78.14468580462238,1.3916824749394032,3.7625677864543583,0.0,0.0,0.0,0,0,OFF,0.0,esp32-irrigation
24.5834023,43.27391214,855.35,380.1275034,9.788874190406965,1.752844817247199,3.77639293282686,0.0,0.8368520968265506,0.7851440135944929,1,1,ON,100.0,esp32-irrigation
30.43094156,53.56085507,855.47,401.3004366,12.947519039908912,2.019674808986578,5.013117353655543,0.4288676950000001,0.7842080160015181,0.7842080160015181,1,1,ON,100.0,esp32-irrigation
19.615956,72.70407988,855.71,722.5064336,60.86604116764078,0.6232386743344431,2.3666708710570163,0.0,0.0,0.0,0,0,OFF,0.0,esp32-irrigation
19.07139366,62.47023993,854.2,647.2316932,49.63631835048965,0.828356735362013,2.4074844876704624,0.0,0.1727280274918391,0.1221341199855845,1,1,ON,100.0,esp32-irrigation
22.91808785,50.69336673,855.34,516.6863026,30.16114588619877,1.3783909159325582,3.2646060948362114,0.0,0.4973142352300204,0.420030473666262,1,1,ON,100.0,esp32-irrigation
22.28741954,60.06749015,857.61,890.6671931,85.9527928172899,1.0744262175771078,2.981650697794768,0.0,0.0,0.0,0,0,OFF,0.0,esp32-irrigation
37.33762089,49.592546,850.55,494.7681259,26.89132326455424,3.221605003274187,6.876611055208839,1.0,0.5518112789240959,0.5518112789240959,1,1,ON,100.0,esp32-irrigation
24.63175213,42.42653509,854.98,426.4310123,16.69657746039379,1.7841752480065567,3.805963559038207,0.0,0.7217237089934369,0.6827822488681128,1,1,ON,100.0,esp32-irrigation
27.33770784,48.80320832,852.57,483.0640456,25.145271708610533,1.86181768426416,4.325110458312397,0.04221348,0.5809121381898243,0.5608441920662923,1,1,ON,100.0,esp32-irrigation
19.08214059,80.35809054,858.3,781.4022531,69.65230498681116,0.4338267530439789,2.201285927202539,0.0,0.0,0.0,0,0,OFF,0.0,esp32-irrigation
31.51902557,77.81874128,850.01,874.6790474,83.56763089421767,1.0263399285487762,4.318860795192487,0.56487819625,0.0,0.0,0,0,OFF,0.0,esp32-irrigation
29.70420865,43.41450119,852.64,329.4853781,2.233922463327532,2.360524257770867,5.166455030852898,0.3380260812500002,0.9627679589445411,0.9627679589445411,1,1,ON,100.0,esp32-irrigation
27.05235987,54.74178803,855.3,413.2763132,14.734118023788051,1.6185725507106818,4.08996698679847,0.00654498375,0.7544313662701991,0.6824911583451247,1,1,ON,100.0,esp32-irrigation
21.69915528,41.61840053,858.91,876.9448452,83.90564974514302,1.5154905931433438,3.1638884492713,0.0,0.0,0.0,0,0,OFF,0.0,esp32-irrigation
25.07858805,59.94619131,854.43,485.7559857,25.5468638097953,1.2747672441764792,3.523555090446803,0.0,0.5742189365034117,0.4701083410618066,1,1,ON,100.0,esp32-irrigation
30.66842968,39.14049839,852.53,599.0167321,42.4434586220392,2.682978773596662,5.478451688882637,0.4585537099999999,0.2926090229660134,0.2926090229660134,1,1,ON,100.0,esp32-irrigation
28.57007507,62.48264165,858.87,446.0232521,19.61940949079367,1.4658877473403973,4.221772492848323,0.1962593837500001,0.6730098418201055,0.5831441411509506,1,1,ON,100.0,esp32-irrigation
20.10784656,58.87827766,851.57,773.2885733,68.44188068382522,0.9679795577779629,2.6190334791580017,0.0,0.0,0.0,0,0,OFF,0.0,esp32-irrigation
28.41088245,80.95799472,848.69,919.5322165,90.25896790564109,0.7371747647642656,3.6093808356255206,0.1763603062499998,0.0,0.0,0,0,OFF,0.0,esp32-irrigation
23.86526806,71.34237672,855.84,372.4940917,8.65009779496956,0.8482289126043668,3.0564762566212065,0.0,0.855831703417174,0.6094011504990601,1,1,ON,100.0,esp32-irrigation
35.43072106,54.40643263,852.09,865.5559124,82.20661288566605,2.62524372949016,6.46703872923118,1.0,0.0,0.0,0,0,OFF,0.0,esp32-irrigation
26.64441472,72.50663254,851.85,396.6267998,12.25029118454673,0.9599680858837316,3.5286724617160328,0.0,0.7958284802575545,0.5889067258499282,1,1,ON,100.0,esp32-irrigation
25.22176579,63.35090637,856.34,617.519886,45.20381738828596,1.1763862154945182,3.4759821066907186,0.0,0.2466030435285674,0.195826627040784,1,1,ON,100.0,esp32-irrigation
28.79608871,45.60927759,854.75,379.1747318,9.646736722789027,2.1531744357609948,4.820309579941276,0.2245110887499999,0.8392210546201828,0.8392210546201828,1,1,ON,100.0,esp32-irrigation
36.06630913,63.81323217,851.86,675.3259838,53.82751309265704,2.157688945220866,6.241066210042884,1.0,0.1028747817890494,0.1028747817890494,1,1,ON,100.0,esp32-irrigation
23.93414469,56.64448541,851.53,436.581624,18.21087767863181,1.288587910427357,3.3595600919809736,0.0,0.696485372022803,0.5726133435559225,1,1,ON,100.0,esp32-irrigation
24.99339347,42.07593718,856.78,369.4074741,8.189626461473733,1.834183606768393,3.9014148200222127,0.0,0.8635062256421044,0.8277103536748515,1,1,ON,100.0,esp32-irrigation
19.72947031,57.53570336,856.86,425.6853679,16.58533988072675,0.9764277092950772,2.5729791520987746,0.0,0.7235776686545542,0.5384191557026368,1,1,ON,100.0,esp32-irrigation
35.41293153,70.11919088,853.1,622.2195738,45.90493161386416,1.718829162729946,5.655429355816143,1.0,0.2349178064355972,0.2184047973543119,1,1,ON,100.0,esp32-irrigation
38.47741171,50.12764151,857.6,739.9549103,63.46905986795529,3.3901722720588343,7.125086772083351,1.0,0.0,0.0,0,1,ON,100.0,esp32-irrigation
25.0073193,62.77044738,851.92,707.1903173,58.581134706717926,1.1798637385799156,3.4463518754113323,0.0,0.0236477548880345,0.0187991595668217,0,0,OFF,0.0,esp32-irrigation
32.51395714,40.65205347,849.88,617.6732179,45.22669192397851,2.9048584382003364,5.855668832068043,0.6892446425000003,0.2462218012670249,0.2462218012670249,1,1,ON,100.0,esp32-irrigation
26.02036865,48.89028704,852.75,795.4988324,71.75527707768522,1.7200919470427785,3.9930107173200295,0.0,0.0,0.0,0,0,OFF,0.0,esp32-irrigation
31.37914766,43.07253055,853.72,788.1285893,70.65576100272816,2.613244286238676,5.622826542288048,0.5473934575000001,0.0,0.0,0,0,OFF,0.0,esp32-irrigation
30.98339134,48.74499081,854.49,770.9687913,68.09580829994468,2.3005021737217204,5.365386175190696,0.4979239175000001,0.0,0.0,0,0,OFF,0.0,esp32-irrigation
29.33508269,48.76620408,853.48,829.2691404,76.79323796967417,2.092337437753108,4.8707705177464335,0.29188533625,0.0,0.0,0,0,OFF,0.0,esp32-irrigation
20.14229474,75.3019959,856.06,453.4756323,20.731179036982965,0.5826153933681278,2.4093578310627923,0.0,0.6544803493836172,0.4225677562437701,1,1,ON,100.0,esp32-irrigation
37.22239903,63.88904297,850.0,734.0066259,62.58167606969001,2.293488205601155,6.625253209706804,1.0,0.0,0.0,0,1,ON,100.0,esp32-irrigation
26.92032034,78.38350672,857.98,641.4498373,48.77376287994686,0.7671061345206747,3.4227754820215948,0.0,0.1871039520008857,0.1294341233436781,1,1,ON,100.0,esp32-irrigation
30.52028304,43.60626753,853.73,585.9516894,40.494374409518365,2.465163253746451,5.418129595136973,0.4400353799999998,0.3250937598413606,0.3250937598413606,1,1,ON,100.0,esp32-irrigation
30.89023685,48.61972264,856.69,968.0971501,97.50403763372412,2.293921034733388,5.341268225370366,0.4862796062500001,0.0,0.0,0,0,OFF,0.0,esp32-irrigation
33.57128237,80.72514205,854.43,511.5206779,29.390521726617763,1.001057860252622,4.618147415561468,0.8214102962499998,0.5101579712230373,0.3827533973773567,1,1,ON,100.0,esp32-irrigation
25.92688976,51.97678446,855.63,536.5095156,33.118435225921914,1.6073080297598896,3.895323364585494,0.0,0.4480260795679681,0.4040420185918436,1,1,ON,100.0,esp32-irrigation
36.67648,56.81978959,854.62,874.3519026,83.5188264027568,2.6620964288139475,6.733734347555058,1.0,0.0,0.0,0,0,OFF,0.0,esp32-irrigation
32.72893827,56.24458252,854.79,410.5405675,14.32599086524905,2.167718126616443,5.586419000452194,0.71611728375,0.7612334855791825,0.7612334855791825,1,1,ON,100.0,esp32-irrigation
36.36742465,53.98272215,854.84,634.3039424,47.70771577595054,2.7894828814625274,6.667262878934784,1.0,0.2048714037341576,0.2048714037341576,1,1,ON,100.0,esp32-irrigation
34.79982796,73.62375573,856.75,796.4657376,71.89952304025864,1.466722670864195,5.286201597747728,0.9749784950000002,0.0,0.0,0,0,OFF,0.0,esp32-irrigation
29.09178765,59.27203915,854.6,675.2985915,53.82342662308319,1.6401044752993728,4.451970491182667,0.26147345625,0.1029428896152801,0.0936807182972076,1,1,ON,100.0,esp32-irrigation
29.63645957,50.17803181,855.82,498.6045572,27.463654167020465,2.070295740101838,4.908441063360322,0.3295574462499999,0.5422724305496589,0.5422724305496589,1,1,ON,100.0,esp32-irrigation
32.48200212,62.10873054,853.48,790.6187043,71.02724419993662,1.851301268973852,5.241987598562711,0.6852502649999996,0.0,0.0,0,0,OFF,0.0,esp32-irrigation
27.0130087,56.75215512,857.96,464.3781898,22.35765689758349,1.5431099593742283,4.026007673029747,0.0016260875,0.627372385040275,0.5557123364181404,1,1,ON,100.0,esp32-irrigation
20.01091431,44.93320418,853.51,608.4282052,43.8474918163413,1.2884867782844045,2.783068324942933,0.0,0.269208469727645,0.2213221233253845,1,1,ON,100.0,esp32-irrigation
25.90610897,50.5239875,858.99,723.1974299,60.96912617165994,1.6538980296892682,3.9257576305133575,0.0,0.0,0.0,0,1,ON,100.0,esp32-irrigation
29.45825373,55.45278424,853.96,569.5335604,38.0450662237112,1.832221036625458,4.675857829969072,0.3072817162499999,0.3659155629381467,0.3505673294800532,1,1,ON,100.0,esp32-irrigation
27.51024923,52.98211816,850.72,756.4100947,65.92389609502392,1.7271877688079298,4.250836911450498,0.0637811537499999,0.0,0.0,0,0,OFF,0.0,esp32-irrigation
20.30076346,69.96168156,855.48,753.1586596,65.43883676785877,0.7155643073521286,2.50345224517523,0.0,0.0,0.0,0,0,OFF,0.0,esp32-irrigation
26.90342179,50.74993063,852.67,732.8145781,62.40384262506221,1.7460079506755142,4.161644508545594,0.0,0.0,0.0,0,0,OFF,0.0,esp32-irrigation
24.73719508,42.66242571,856.73,535.8542096,33.020674613247444,1.7880873276468008,3.8262820069525256,0.0,0.4496554231125426,0.4258335025250707,1,1,ON,100.0,esp32-irrigation
26.61158251,76.25474083,852.78,836.7289306,77.90611296299797,0.8274978716198452,3.42478135349027,0.0,0.0,0.0,0,0,OFF,0.0,esp32-irrigation
23.17140371,49.6750278,853.7,896.9207261,86.88571456294773,1.4285728677676672,3.33534072955962,0.0,0.0,0.0,0,0,OFF,0.0,esp32-irrigation
27.0837717,77.41663319,849.63,430.8908044,17.3619032900013,0.8091394819392281,3.477762304963147,0.0104714624999999,0.7106349451666449,0.4990681704283352,1,1,ON,100.0,esp32-irrigation
27.28413799,78.7987682,853.2,822.6040683,75.7989215251192,0.7685883654598951,3.474999678032185,0.0355172487500001,0.0,0.0,0,0,OFF,0.0,esp32-irrigation
35.03191653,77.80299688,847.34,833.7799071,77.46616835063148,1.2502700644439373,5.1061653621932654,1.0,0.0,0.0,0,0,OFF,0.0,esp32-irrigation
25.53966099,56.55549352,850.58,352.3194882,5.6403869139085,1.4210891884868082,3.698692291812027,0.0,0.9059935514348584,0.7748711859131402,1,1,ON,100.0,esp32-irrigation
27.46201095,76.26126693,856.21,376.9424616,9.31371962481194,0.869579880465082,3.5782904919542218,0.0577513687499999,0.8447713395864677,0.6060347099177158,1,1,ON,100.0,esp32-irrigation
21.04947849,74.7220189,857.04,318.361253,0.5743904504304997,0.6305779245436117,2.5498249927654992,0.0,0.9904268258261584,0.6513487359735232,1,1,ON,100.0,esp32-irrigation
20.39740386,42.87430127,856.22,413.1312798,14.712481484457934,1.368975351017517,2.883881639954794,0.0,0.7547919752590345,0.6357188899483778,1,1,ON,100.0,esp32-irrigation
18.01462164,70.74577566,853.02,582.2780793,39.94633368640101,0.6043593670364603,2.1615749989024127,0.0,0.3342277718933165,0.217612307113521,1,1,ON,100.0,esp32-irrigation
35.32201167,72.54191904,853.24,343.7628907,4.363886753664463,1.5715709859205569,5.486687021799271,1.0,0.9272685541055924,0.8279513660000101,1,1,ON,100.0,esp32-irrigation
21.42281732,51.54945455,855.02,392.1738541,11.585986722450906,1.236619716656608,2.956353938931113,0.0,0.806900221292485,0.6529072914024592,1,1,ON,100.0,esp32-irrigation
34.41407157,73.9541795,850.57,829.4950396,76.82693832369912,1.4177076983095576,5.169239204473542,0.9267589462499995,0.0,0.0,0,0,OFF,0.0,esp32-irrigation
18.92674114,62.47289158,859.09,814.5781532,74.60159023645508,0.8208568772426316,2.3850145778509027,0.0,0.0,0.0,0,0,OFF,0.0,esp32-irrigation
20.02776363,73.33629501,857.39,509.1839476,29.041920941972105,0.6245447545957724,2.4184263115503426,0.0,0.5159679843004649,0.3385452666837847,1,1,ON,100.0,esp32-irrigation
36.6035372,72.98299987,852.66,733.8928674,62.56470521842826,1.6589991147325769,5.814048839110316,1.0,0.0,0.0,0,1,ON,100.0,esp32-irrigation
32.0863196,51.42143814,853.82,852.5334564,80.26388189115906,2.3210922252566384,5.602493319998253,0.6357899500000004,0.0,0.0,0,0,OFF,0.0,esp32-irrigation
26.83801608,38.84517637,854.9,537.8761427,33.32231296028348,2.159742595576486,4.462947250684649,0.0,0.4446281173286087,0.4446281173286087,1,1,ON,100.0,esp32-irrigation
37.15785355,80.0388574,848.04,395.2369078,12.042942719140717,1.2633340496624792,5.484724470152004,1.0,0.7992842880143215,0.6520829081093418,1,1,ON,100.0,esp32-irrigation
37.67862155,39.52411741,852.46,951.7781585,95.06951907743804,3.937280104095497,6.950663794659901,1.0,0.0,0.0,0,0,OFF,0.0,esp32-irrigation
36.45793153,42.74833658,851.52,572.997861,38.56188149649145,3.48771526949392,6.686708067430525,1.0,0.3573019750584758,0.3573019750584758,1,1,ON,100.0,esp32-irrigation
26.13175196,41.719567,851.96,399.3546084,12.657234261513368,1.974371425261064,4.198205483822907,0.0,0.7890460956414439,0.7839905639327907,1,1,ON,100.0,esp32-irrigation
38.02073374,52.36803162,852.33,715.7459405,59.85748951781983,3.1590418958390494,7.0252034342365,1.0,0.0023751747030028,0.0023751747030028,0,1,ON,100.0,esp32-irrigation
36.83052089,51.41369879,857.67,551.5824727,35.36706643166713,3.0206698495851287,6.766940988716946,1.0,0.4105488928055478,0.4105488928055478,1,1,ON,100.0,esp32-irrigation
22.50825035,60.12546566,856.5,879.1089357,84.22849558077249,1.087359912588926,3.020969335153534,0.0,0.0,0.0,0,0,OFF,0.0,esp32-irrigation
22.7395264,62.49863545,853.44,425.838215,16.608142092428633,1.0370925285556762,3.022138059940049,0.0,0.723197631792856,0.5491045310468105,1,1,ON,100.0,esp32-irrigation
25.62239033,73.98744086,855.96,588.7125841,40.90625337507294,0.8550671349730944,3.305465390338945,0.0,0.3182291104154509,0.2271413686347195,1,1,ON,100.0,esp32-irrigation
23.32851761,46.66156159,858.3,610.5861511,44.16942098119311,1.5285452327543676,3.424317105909611,0.0,0.2638429836467815,0.2327454755356349,1,1,ON,100.0,esp32-irrigation
25.54947287,76.45434332,856.85,796.0432115,71.83648926610282,0.7706373366595574,3.234800938938644,0.0,0.0,0.0,0,0,OFF,0.0,esp32-irrigation
29.63764247,52.7413569,854.19,411.8743762,14.524972647351673,1.9639132613886736,4.818941655664853,0.3297053087499999,0.7579171225441388,0.7510794332715641,1,1,ON,100.0,esp32-irrigation
33.76130548,55.75406889,851.93,786.5783593,70.42449280956899,2.3224566297025486,5.941157177493768,0.8451631849999997,0.0,0.0,0,0,OFF,0.0,esp32-irrigation
21.89630868,71.56458512,856.72,882.9217666,84.79730570124775,0.7470743281570451,2.727964680072114,0.0,0.0,0.0,0,0,OFF,0.0,esp32-irrigation
24.23635609,74.71687459,855.68,790.9798944,71.08112767646203,0.7651968214249529,3.0514658282413443,0.0,0.0,0.0,0,0,OFF,0.0,esp32-irrigation
34.91530467,43.34271301,855.65,375.1553343,9.047110346436218,3.1707762731494538,6.357666697283304,0.9894130837499996,0.8492148275593964,0.8492148275593964,1,1,ON,100.0,esp32-irrigation
27.09184577,41.11651556,855.94,765.1037923,67.2208492799217,2.1107353688142223,4.472104790494012,0.0114807212499998,0.0,0.0,0,0,OFF,0.0,esp32-irrigation
37.28614811,78.85798788,855.75,645.8781167,49.434387545733145,1.3474387168709538,5.599397238784059,1.0,0.1760935409044476,0.1473655841536117,1,1,ON,100.0,esp32-irrigation
35.68429842,69.9225415,851.98,673.597706,53.56968316801161,1.756180509933883,5.744978786320951,1.0,0.1071719471998065,0.1006392948208941,1,1,ON,100.0,esp32-irrigation
26.0303623,76.34769191,857.77,324.2774733,1.456990825286164,0.796486214229434,3.320199236831365,0.0,0.975716819578564,0.6821446587358105,1,1,ON,100.0,esp32-irrigation
28.42526144,70.67140279,854.68,771.2717588,68.14100594565593,1.1363484664114951,3.93268484914913,0.1781576799999999,0.0,0.0,0,0,OFF,0.0,esp32-irrigation
30.43354001,63.25436609,859.14,481.6331468,24.93180571964787,1.5983338490813248,4.64747413990754,0.4291925012500002,0.5844699046725356,0.52577946043813,1,1,ON,100.0,esp32-irrigation
36.22010872,47.84817374,851.53,501.4147567,27.882888577902563,3.135952865516239,6.635649618374767,1.0,0.5352851903682906,0.5352851903682906,1,1,ON,100.0,esp32-irrigation
20.59040396,56.36876417,859.47,398.3215745,12.503123011231054,1.0581089347060193,2.7352845605315426,0.0,0.7916146164794824,0.605210932874946,1,1,ON,100.0,esp32-irrigation
34.07936867,48.58571546,854.01,614.762841,44.79251273310028,2.7469685515879125,6.181495679722426,0.8849210837500001,0.2534581211149953,0.2534581211149953,1,1,ON,100.0,esp32-irrigation
27.17001297,65.26879925,852.71,849.0642277,79.74633142890193,1.2506901341827337,3.827991635106238,0.0212516212499997,0.0,0.0,0,0,OFF,0.0,esp32-irrigation
38.12827559,39.85123286,851.81,772.5628682,68.33361771172213,4.012431899726339,7.048685417008093,1.0,0.0,0.0,0,1,ON,100.0,esp32-irrigation
18.66441051,41.03344518,854.56,741.407051,63.685694790451855,1.26884650480003,2.581982827224704,0.0,0.0,0.0,0,0,OFF,0.0,esp32-irrigation
31.88534617,61.01089803,854.83,922.8564141,90.75488217168932,1.841866970244053,5.12334756467777,0.6106682712499998,0.0,0.0,0,0,OFF,0.0,esp32-irrigation
38.22959979,69.12750837,854.32,816.3100641,74.85996215839934,2.070756236632086,6.585214233867953,1.0,0.0,0.0,0,0,OFF,0.0,esp32-irrigation
20.5628409,48.34099105,853.7,847.6481564,79.53507745308187,1.2506657041524194,2.8408823007511814,0.0,0.0,0.0,0,0,OFF,0.0,esp32-irrigation
30.9893712,39.52565563,853.82,411.5622828,14.47841357114047,2.715222143844723,5.5435085315759824,0.4986714000000001,0.7586931071476588,0.7586931071476588,1,1,ON,100.0,esp32-irrigation
29.71291898,79.6686685,859.39,772.3474513,68.3014811402205,0.8485678829137027,3.889377284563248,0.3391148725000001,0.0,0.0,0,0,OFF,0.0,esp32-irrigation
20.56375592,78.00938173,859.45,593.598991,41.63522294397782,0.5324233607352441,2.43296039216346,0.0,0.3060796176003696,0.1937807934640215,1,1,ON,100.0,esp32-irrigation
31.81859189,77.1647144,854.87,745.3175909,64.26908144723812,1.0746855769435053,4.409882614603352,0.60232398625,0.0,0.0,0,0,OFF,0.0,esp32-irrigation
22.54377896,66.68332641,854.99,563.56001,37.15391316400192,0.910491716797814,2.91537734630938,0.0,0.3807681139333014,0.2770556104059,1,1,ON,100.0,esp32-irrigation
26.82838674,43.10713032,854.68,426.9562888,16.774939862788244,2.008091331048427,4.34670449270599,0.0,0.7204176689535292,0.7204176689535292,1,1,ON,100.0,esp32-irrigation
34.20291451,66.38795334,855.03,618.0606509,45.28449039896624,1.8082114225143464,5.520360048082462,0.9003643137499999,0.2452584933505627,0.2334990489615679,1,1,ON,100.0,esp32-irrigation
30.39157064,69.53378648,851.4,958.2835515,96.0400140910168,1.3220198941108243,4.400496720134645,0.4239463300000001,0.0,0.0,0,0,OFF,0.0,esp32-irrigation
33.97034026,77.55448325,852.88,805.8688082,73.30230272315082,1.1919651631338737,4.869717271053673,0.8712925325,0.0,0.0,0,0,OFF,0.0,esp32-irrigation
28.79590909,71.45590798,849.97,325.7249151,1.6729247510836422,1.1299678982829682,3.984769927610021,0.2244886362499998,0.9721179208152726,0.760674471374347,1,1,ON,100.0,esp32-irrigation
19.34614023,60.02793724,856.28,334.5724292,2.9928247658279816,0.8974910438888787,2.479719293286734,0.0,0.9501195872362004,0.6882407486600721,1,1,ON,100.0,esp32-irrigation
35.99459246,70.56225747,854.9,900.0641563,87.35466137901756,1.7483767848515726,5.795152236664292,1.0,0.0,0.0,0,0,OFF,0.0,esp32-irrigation
24.99259591,62.25855264,853.39,879.4407285,84.27799347551019,1.1950379845890104,3.4547533627927995,0.0,0.0,0.0,0,0,OFF,0.0,esp32-irrigation
36.82697246,48.08521963,857.12,405.4281069,13.563297893522687,3.22698094206002,6.766175487349974,1.0,0.7739450351079552,0.7739450351079552,1,1,ON,100.0,esp32-irrigation
38.12908973,74.72516916,849.96,898.5863044,87.134190778739,1.6861193133413472,6.13095388885764,1.0,0.0,0.0,0,0,OFF,0.0,esp32-irrigation
27.28920859,73.46841066,850.66,792.913998,71.36966334210817,0.9621103610062876,3.624571208653834,0.0361510737500001,0.0,0.0,0,0,OFF,0.0,esp32-irrigation
20.45731896,61.79726659,855.71,612.4717737,44.45072409858991,0.9188909299316704,2.638309361192589,0.0,0.2591545983568348,0.1891110016484625,1,1,ON,100.0,esp32-irrigation
33.25359349,52.40324725,856.23,461.8582507,21.981724447219293,2.4284540386800737,5.940165265513386,0.78169918625,0.6336379258796785,0.6336379258796785,1,1,ON,100.0,esp32-irrigation
30.28685547,47.9522452,858.18,870.7765486,82.98544383405128,2.245017059628036,5.181040581980332,0.4108569337499999,0.0,0.0,0,0,OFF,0.0,esp32-irrigation
32.87584154,62.57931811,852.51,671.1463815,53.203986859746536,1.869246249036588,5.332005306659016,0.7344801925000004,0.113266885670891,0.1095643681305378,1,1,ON,100.0,esp32-irrigation
31.60864288,63.04322198,856.5,974.0684397,98.39485342017,1.7187219628630657,4.960949358681265,0.5760803600000002,0.0,0.0,0,0,OFF,0.0,esp32-irrigation
29.22354942,77.41672612,854.0,718.4900424,60.26686328058896,0.9163655197796162,3.873769212508017,0.2779436775000001,0.0,0.0,0,0,OFF,0.0,esp32-irrigation
35.36860511,66.13153802,852.92,904.7488909,88.0535448391313,1.9434567596531929,5.879134004544091,1.0,0.0,0.0,0,0,OFF,0.0,esp32-irrigation
25.50199459,66.90263628,856.75,981.561646,99.51271353252092,1.08021285171331,3.4493268186363486,0.0,0.0,0.0,0,0,OFF,0.0,esp32-irrigation
20.9068705,75.9215023,856.72,629.3157111,46.963555722403065,0.5954165039244034,2.511522559061291,0.0,0.2172740712932822,0.140979177627358,1,1,ON,100.0,esp32-irrigation
33.76585531,61.33748979,849.61,645.6984905,49.40759034356442,2.029899483430265,5.6558058001961,0.8457319137499999,0.1765401609405929,0.1765401609405929,1,1,ON,100.0,esp32-irrigation
20.18853472,44.47114186,858.87,447.2390689,19.80078886969135,1.313652089915521,2.822551668465094,0.0,0.6699868521718109,0.5550258332287605,1,1,ON,100.0,esp32-irrigation
26.15659215,50.14478912,857.91,951.406918,95.01413625059136,1.691428575346721,3.994851393631304,0.0,0.0,0.0,0,0,OFF,0.0,esp32-irrigation
26.43369029,38.73615313,852.86,842.7673149,78.80693814807474,2.112736452109255,4.354171623430023,0.0,0.0,0.0,0,0,OFF,0.0,esp32-irrigation
33.62983275,49.5697098,854.55,756.696246,65.96658504706404,2.6277221871980463,6.087382381118382,0.8287290937499998,0.0,0.0,0,1,ON,100.0,esp32-irrigation
36.41286296,70.43673902,854.47,917.6565692,89.97915293491103,1.796531149225178,5.925490584395363,1.0,0.0,0.0,0,0,OFF,0.0,esp32-irrigation
36.95204075,62.4519253,853.82,487.5724601,25.817851180964645,2.349924596185119,6.630054396793358,1.0,0.5697024803172559,0.5697024803172559,1,1,ON,100.0,esp32-irrigation
37.97553562,45.33574798,851.67,795.6920931,71.78410831749973,3.616586395334717,7.015341563148326,1.0,0.0,0.0,0,0,OFF,0.0,esp32-irrigation
32.08554682,70.76016441,852.07,702.3405512,57.85763132774095,1.397023515503016,4.749618330618235,0.6356933524999997,0.0357061445376508,0.0303236531605874,0,1,ON,100.0,esp32-irrigation
20.85931508,74.06876302,855.03,955.2516986,95.587712727924,0.6393592661417443,2.5309199342395847,0.0,0.0,0.0,0,0,OFF,0.0,esp32-irrigation
23.34328605,42.56991565,857.73,491.1625869,26.35343760249452,1.647268484522428,3.50370145421275,0.0,0.5607760399584246,0.511325194353913,1,1,ON,100.0,esp32-irrigation
29.50807608,74.27102789,855.42,662.467081,51.90918147956404,1.061269374636747,4.037741454905759,0.3135095099999998,0.1348469753405993,0.1032007289681433,1,1,ON,100.0,esp32-irrigation
38.49616185,50.69755046,852.05,341.0943811,3.965790088253623,3.354819224728566,7.129197065185611,1.0,0.9339034985291064,0.9339034985291064,1,1,ON,100.0,esp32-irrigation
24.60727576,72.34820182,856.58,696.6647534,57.01089793853889,0.8556644796509627,3.16400775257028,0.0,0.0498183676910185,0.0355661357623581,0,0,OFF,0.0,esp32-irrigation
26.2672628,50.23030524,847.33,410.1254668,14.26406483564822,1.69959222868857,4.019394111904616,0.0,0.7622655860725297,0.7050179596076673,1,1,ON,100.0,esp32-irrigation
24.3943415,44.88459902,857.54,922.5260988,90.70560469505436,1.683928690727079,3.698160860663159,0.0,0.0,0.0,0,0,OFF,0.0,esp32-irrigation
18.2443674,60.78954193,851.06,843.0157627,78.84400237325447,0.8218184320082258,2.298602562986924,0.0,0.0,0.0,0,0,OFF,0.0,esp32-irrigation
38.53273954,65.6475301,852.07,917.3102029,89.92748091955059,2.3421481515247207,6.956957841866196,1.0,0.0,0.0,0,0,OFF,0.0,esp32-irrigation
31.56314492,46.43981872,851.01,763.0404539,66.91303395984409,2.4844687126317817,5.64632022602071,0.5703931149999999,0.0,0.0,0,0,OFF,0.0,esp32-irrigation
28.07503755,58.78654563,850.99,868.0491244,82.57855810308713,1.5646592266940518,4.218763001047308,0.1343796937500001,0.0,0.0,0,0,OFF,0.0,esp32-irrigation
26.96147866,56.94024052,857.27,932.6630763,92.21787092040154,1.5317607947450669,4.008926616176235,0.0,0.0,0.0,0,0,OFF,0.0,esp32-irrigation
20.84796329,39.41044793,853.93,981.0881666,99.44207838461638,1.4928504529268725,3.0213358143404947,0.0,0.0,0.0,0,0,OFF,0.0,esp32-irrigation
38.52408886,70.88129157,853.84,601.5095875,42.81535064074934,1.9843859000290816,6.546668926455836,1.0,0.2864108226541777,0.2852928108497589,1,1,ON,100.0,esp32-irrigation
33.79457015,56.46745144,853.43,538.49227,33.41422877111608,2.289254409081533,5.915396866135053,0.8493212687499998,0.4430961871480653,0.4430961871480653,1,1,ON,100.0,esp32-irrigation
35.58114467,57.16116376,854.52,544.7806509,34.35234923623385,2.4871448039948034,6.485698665143038,1.0,0.4274608460627692,0.4274608460627692,1,1,ON,100.0,esp32-irrigation
34.92310499,42.49412117,853.6,543.2792964,34.128372444076334,3.2196555960498223,6.3593176843355685,0.9903881237499998,0.4311937925987277,0.4311937925987277,1,1,ON,100.0,esp32-irrigation
18.33556677,60.33309407,852.19,775.8401079,68.82252665037538,0.8361554304131688,2.317415511789939,0.0,0.0,0.0,0,0,OFF,0.0,esp32-irrigation
26.47355322,54.13469679,856.91,466.9110968,22.73552394010633,1.5854231867567732,3.969103898193514,0.0,0.6210746009982279,0.5567038187811894,1,1,ON,100.0,esp32-irrigation
24.42168362,39.67519274,853.44,533.496481,32.668941236082986,1.846108330103092,3.813138328723841,0.0,0.4555176460652835,0.4379925532601597,1,1,ON,100.0,esp32-irrigation
27.83147157,51.53400758,850.37,776.461076,68.91516462699593,1.814080673639671,4.374204445865432,0.1039339462500001,0.0,0.0,0,0,OFF,0.0,esp32-irrigation
21.10716265,62.73596857,854.0,541.5849014,33.875597262233704,0.9328763489597988,2.7335705014194174,0.0,0.4354067122961049,0.3192485121678974,1,1,ON,100.0,esp32-irrigation
26.54417383,76.44850898,858.17,331.4719375,2.5302836504038595,0.8174955220999334,3.407786707482721,0.0,0.9578286058266025,0.6746694519639185,1,1,ON,100.0,esp32-irrigation
35.13290925,57.54915289,855.51,612.7531155,44.49269555427465,2.4044657113749985,6.305888353146703,1.0,0.2584550740954225,0.2584550740954225,1,1,ON,100.0,esp32-irrigation
28.40843084,46.67428875,853.32,427.8619143,16.91004392674254,2.064109022098662,4.676286540270045,0.1760538550000001,0.718165934554291,0.718165934554291,1,1,ON,100.0,esp32-irrigation
38.0509924,57.52773352,852.16,561.7539148,36.88447419457322,2.8214521322204416,7.03180802567426,1.0,0.3852587634237796,0.3852587634237796,1,1,ON,100.0,esp32-irrigation
31.25134785,42.94431805,853.05,365.9719262,7.677100607023282,2.600187204603866,5.596782621552289,0.5314184812499998,0.8720483232162786,0.8720483232162786,1,1,ON,100.0,esp32-irrigation
29.57996885,65.54680343,859.24,697.0727392,57.07176254495251,1.427018828880225,4.356587804790479,0.32249610625,0.0488039575841247,0.0418130203911668,0,1,ON,100.0,esp32-irrigation
19.55293372,49.1829091,856.21,484.9076413,25.420305120720343,1.1557573805611403,2.646121899702864,0.0,0.5763282479879943,0.454688030553496,1,1,ON,100.0,esp32-irrigation
38.17366614,45.63386278,854.09,652.3921791,50.40617588770432,3.635583971920079,7.058603803141767,1.0,0.1598970685382613,0.1598970685382613,1,1,ON,100.0,esp32-irrigation
32.88319429,55.59374329,856.23,625.0455324,46.32651701691052,2.219107089226558,5.665437435806894,0.7353992862499998,0.2278913830514914,0.2278913830514914,1,1,ON,100.0,esp32-irrigation
28.81011357,65.0174176,854.74,952.3752926,95.158601422884,1.385985749216348,4.196136006172841,0.2262641962499998,0.0,0.0,0,0,OFF,0.0,esp32-irrigation
19.54524987,69.04245625,854.61,452.1372225,20.531510848293227,0.703746215284646,2.401344943720286,0.0,0.6578081525284463,0.4446365756955429,1,1,ON,100.0,esp32-irrigation
27.42363551,49.95820178,853.82,345.6457364,4.64477560437466,1.8289859057371525,4.314757082974124,0.05295443875,0.9225870732604224,0.8831432250823616,1,1,ON,100.0,esp32-irrigation
35.88576211,53.82023702,853.11,943.401588,93.81987591196886,2.7263891072697186,6.564071859335114,1.0,0.0,0.0,0,0,OFF,0.0,esp32-irrigation
24.43757843,56.71107233,854.57,862.0702184,81.68660607810479,1.3260229540357331,3.4611846797803247,0.0,0.0,0.0,0,0,OFF,0.0,esp32-irrigation
27.77074904,56.73451486,856.09,714.0802607,59.60899815993895,1.6137017121384996,4.206468892816384,0.0963436299999997,0.0065166973343508,0.005887350078658,0,1,ON,100.0,esp32-irrigation
34.64496466,78.41743549,853.57,763.8055136,67.02716797510499,1.1899075086412274,4.979844433066696,0.9556205825,0.0,0.0,0,0,OFF,0.0,esp32-irrigation
22.85630184,78.58431234,856.69,608.1247804,43.80222594917599,0.596450872554955,2.7589175921886184,0.0,0.2699629008470668,0.1752363523654583,1,1,ON,100.0,esp32-irrigation
32.54701967,57.69360196,853.49,800.5218096,72.50462063401145,2.074596042585533,5.463466583994662,0.6933774587499997,0.0,0.0,0,0,OFF,0.0,esp32-irrigation
28.41506164,62.53325751,854.39,486.1739106,25.6092111624457,1.450805073381082,4.184094786231342,0.1768827050000001,0.5731798139592382,0.494482952492541,1,1,ON,100.0,esp32-irrigation
34.25438293,48.55553747,848.49,762.9626562,66.90142785396887,2.775462406060575,6.218254517108441,0.9067978662499998,0.0,0.0,0,1,ON,100.0,esp32-irrigation
32.57182009,54.25227933,855.98,793.129016,71.40174040445162,2.246482677773387,5.629610403099526,0.6964775112500003,0.0,0.0,0,0,OFF,0.0,esp32-irrigation
23.52825114,65.17567109,855.64,601.051625,42.747030352850345,1.0100668485880415,3.116219229978676,0.0,0.2875494941191609,0.2163857998940871,1,1,ON,100.0,esp32-irrigation
18.38735323,57.0182383,857.89,455.5010443,21.033336377276257,0.9089772911096516,2.360913756616775,0.0,0.6494443937120624,0.4723047482867163,1,1,ON,100.0,esp32-irrigation
24.63355719,49.64546899,847.4,731.8451816,62.25922500250956,1.5606320598336016,3.652517606329515,0.0,0.0,0.0,0,0,OFF,0.0,esp32-irrigation
18.76061559,45.44660398,860.57,335.0350244,3.0618361745015967,1.1809665226791275,2.550011833811179,0.0,0.94896939709164,0.7546599707988757,1,1,ON,100.0,esp32-irrigation
34.49535651,51.68880551,853.11,717.7373975,60.154581344286974,2.641529172725783,6.268975378653641,0.93691956375,0.0,0.0,0,1,ON,100.0,esp32-irrigation
20.52803844,64.0906948,857.91,885.8151168,85.22894479540199,0.8675020217201196,2.6186081409683384,0.0,0.0,0.0,0,0,OFF,0.0,esp32-irrigation
24.31750449,53.59354882,852.08,763.7076317,67.01256564502752,1.4113398275241151,3.5007225128317456,0.0,0.0,0.0,0,0,OFF,0.0,esp32-irrigation
29.51432443,46.15212752,855.59,914.4500497,89.50079425839556,2.2219176709410235,5.012980078038152,0.3142905537499998,0.0,0.0,0,0,OFF,0.0,esp32-irrigation
21.96109078,80.49571068,852.33,852.7526383,80.29658013721686,0.5144582793392055,2.594909484739284,0.0,0.0,0.0,0,0,OFF,0.0,esp32-irrigation
29.0410839,45.89686347,852.56,614.2563435,44.71695184106192,2.1723479228910603,4.882029105159138,0.2551354875,0.2547174693156346,0.2547174693156346,1,1,ON,100.0,esp32-irrigation
18.27820412,44.50609539,860.19,490.5713677,26.265237660456883,1.1655779774841184,2.476049727721945,0.0,0.5622460389923852,0.4449584197404929,1,1,ON,100.0,esp32-irrigation
28.21681335,69.24408902,853.74,956.4926398,95.77284024393175,1.1773091222422185,3.933267036787561,0.1521016687499998,0.0,0.0,0,0,OFF,0.0,esp32-irrigation
29.00212273,39.48369671,854.66,455.9400283,21.098825392780903,2.424385386863916,5.082147639574454,0.25026534125,0.6483529101203181,0.6483529101203181,1,1,ON,100.0,esp32-irrigation
27.1874529,41.95650088,856.51,364.1592977,7.406686979326892,2.0923159257471986,4.475420055978591,0.0234316125,0.8765552170112184,0.8765552170112184,1,1,ON,100.0,esp32-irrigation
19.58310237,63.51756359,856.49,753.1960725,65.44441814209605,0.8312937130526851,2.475012079557477,0.0,0.0,0.0,0,0,OFF,0.0,esp32-irrigation
31.60155129,51.92852154,854.18,623.2124867,46.053057487023246,2.234726888629302,5.427654867057596,0.57519391125,0.2324490418829459,0.2324490418829459,1,1,ON,100.0,esp32-irrigation
20.80402442,79.54323935,856.02,451.7707992,20.47684666651219,0.502668555767465,2.445349251579997,0.0,0.6587192222247968,0.4121389711354,1,1,ON,100.0,esp32-irrigation
38.84293576,69.97575661,858.95,979.2974156,99.17492851126345,2.08150128408407,6.722878356219892,1.0,0.0,0.0,0,0,OFF,0.0,esp32-irrigation
25.81347988,78.36860314,854.36,571.383906,38.3211066071588,0.7191475822946813,3.234013391140436,0.0,0.3613148898806866,0.2456171273165345,1,1,ON,100.0,esp32-irrigation
30.7772234,45.60189139,854.41,585.0704285,40.36290513331755,2.413059974530474,5.423965268492241,0.472152925,0.3272849144447075,0.3272849144447075,1,1,ON,100.0,esp32-irrigation
23.46593004,64.86155286,857.41,430.5411805,17.3097452956145,1.0153578103932868,3.110850487851786,0.0,0.7115042450730916,0.5363599706272815,1,1,ON,100.0,esp32-irrigation
27.55021556,52.37494803,857.06,416.5522519,15.222832875164386,1.7535824057851306,4.278193561865304,0.0687769450000002,0.7462861187472603,0.7003116112528472,1,1,ON,100.0,esp32-irrigation
21.65750777,52.64304816,857.97,700.8490338,57.63512206513897,1.226184459996844,2.984031894317738,0.0,0.0394146322476837,0.0317897185134919,0,0,OFF,0.0,esp32-irrigation
33.51545783,75.65115624,855.17,612.5916756,44.46861144160957,1.260642331665748,4.861130601659179,0.8144322287500003,0.2588564759731738,0.211009595845987,1,1,ON,100.0,esp32-irrigation
30.17941741,40.39361204,851.12,600.4988599,42.66456711454478,2.555281872420521,5.379767579734006,0.3974271762499999,0.2889238814242537,0.2889238814242537,1,1,ON,100.0,esp32-irrigation
38.38690561,68.87082719,857.08,779.736872,69.40385818993688,2.105768876323719,6.657078744899752,1.0,0.0,0.0,0,0,OFF,0.0,esp32-irrigation
28.23926526,39.20534253,851.35,591.6590228,41.34581237883575,2.3302048393478114,4.857875621517281,0.1549081574999999,0.3109031270194042,0.3109031270194042,1,1,ON,100.0,esp32-irrigation
25.53942205,56.30836596,855.29,329.1609182,2.1855185137035464,1.4291525840329178,3.7044219936392735,0.0,0.9635746914382742,0.8260611607635698,1,1,ON,100.0,esp32-irrigation
28.62761622,69.68449097,852.28,470.9348848,23.33580530507506,1.188452512961767,4.006203084541765,0.2034520275,0.6110699115820825,0.4870918487948038,1,1,ON,100.0,esp32-irrigation
22.57648481,79.90133221,854.73,809.5330394,73.8489442724315,0.5503559464783879,2.6942269242811285,0.0,0.0,0.0,0,0,OFF,0.0,esp32-irrigation
35.18204013,44.55849109,854.2,679.9533815,54.51784285347176,3.1488011210356066,6.414197147553359,1.0,0.0913692857754707,0.0913692857754707,1,1,ON,100.0,esp32-irrigation
19.17876027,71.35612959,856.1,641.9085501,48.84219509996257,0.6364722907730678,2.319802983421365,0.0,0.1859634150006238,0.1225718476866693,1,1,ON,100.0,esp32-irrigation
27.2062208,59.92244686,855.39,538.7504784,33.45274911334048,1.4462798878979226,3.98356851416662,0.0257776,0.4424541814443253,0.3812052367069791,1,1,ON,100.0,esp32-irrigation
19.87688761,61.84337079,859.25,759.3150161,66.35726141723248,0.8854323961619845,2.542802104858021,0.0,0.0,0.0,0,0,OFF,0.0,esp32-irrigation
29.80435806,42.27862158,855.16,978.1827032,99.00863220514104,2.421805959146406,5.238078016583732,0.3505447574999998,0.0,0.0,0,0,OFF,0.0,esp32-irrigation
38.59688176,39.57399789,852.36,861.4379067,81.59227582751461,4.134094270205421,7.151288832333484,1.0,0.0,0.0,0,0,OFF,0.0,esp32-irrigation
38.20971502,63.82291678,855.43,340.2391638,3.8382060783135112,2.4239554105762005,6.980505132845578,1.0,0.9360298986947748,0.9360298986947748,1,1,ON,100.0,esp32-irrigation
18.11304123,79.62575131,858.4,381.1442866,9.940561110088929,0.4235205284696667,2.0831643077230817,0.0,0.8343239814985178,0.5055003241390511,1,1,ON,100.0,esp32-irrigation
26.41174852,51.82552902,851.36,895.8082439,86.71975096508437,1.6591915019352417,4.013670576802659,0.0,0.0,0.0,0,0,OFF,0.0,esp32-irrigation
33.34728323,76.84851363,855.09,472.5702002,23.57976680614479,1.1874318295119457,4.762412526045871,0.7934104037500003,0.6070038865642535,0.48369587716809,1,1,ON,100.0,esp32-irrigation
28.64922722,80.58427333,855.92,926.0653026,91.23359426308492,0.7621044154082144,3.663424031611204,0.2061534025,0.0,0.0,0,0,OFF,0.0,esp32-irrigation
25.54930834,64.29258308,853.79,483.5712479,25.22093774493235,1.1686741421865925,3.5195966695170933,0.0,0.5796510375844608,0.4591813135713773,1,1,ON,100.0,esp32-irrigation
29.00960184,38.82722236,857.56,476.5456231,24.172832913191176,2.4517442585593514,5.106140777975117,0.2512002299999998,0.5971194514468138,0.5971194514468138,1,1,ON,100.0,esp32-irrigation
37.76774891,67.36172277,852.69,679.5204933,54.45326322860711,2.135199985084109,6.563230829739923,1.0,0.0924456128565481,0.0924456128565481,1,1,ON,100.0,esp32-irrigation
37.03844843,41.94293682,853.47,677.7516899,54.189387567336354,3.650609341203094,6.811843608905695,1.0,0.0968435405443941,0.0968435405443941,1,1,ON,100.0,esp32-irrigation
27.02201533,50.68332873,853.92,350.8412368,5.419856714961897,1.7605793643644525,4.192958937368271,0.0027519162499998,0.9096690547506352,0.8552206689240388,1,1,ON,100.0,esp32-irrigation
36.92496264,73.32102225,853.21,786.7254627,70.44643815801764,1.6672265545794656,5.882956059473564,1.0,0.0,0.0,0,0,OFF,0.0,esp32-irrigation
27.18849031,44.91292984,851.6,412.9450075,14.684692796162256,1.9858651032039307,4.394060125272234,0.0235612887499998,0.7552551200639624,0.7525862567697607,1,1,ON,100.0,esp32-irrigation
38.48850117,55.75435119,849.38,739.9530543,63.46878298403063,3.009483289465524,7.127517648263698,1.0,0.0,0.0,0,1,ON,100.0,esp32-irrigation
21.11567173,55.30019236,859.05,412.0931479,14.55760969848174,1.1196098082298966,2.843768540872081,0.0,0.7573731716919709,0.5906771937251145,1,1,ON,100.0,esp32-irrigation
35.66463655,41.36892136,851.2,721.0947791,60.65544610395345,3.419686323972242,6.516863693439835,1.0,0.0,0.0,0,1,ON,100.0,esp32-irrigation
18.37122535,62.13011809,852.92,746.7246545,64.47899162600643,0.800062058313486,2.303682926055679,0.0,0.0,0.0,0,0,OFF,0.0,esp32-irrigation
24.04089714,62.47219366,849.33,537.425591,33.25509823886552,1.1225505240924354,3.264418076713669,0.0,0.4457483626855746,0.3479679458792966,1,1,ON,100.0,esp32-irrigation
28.41086385,80.36430187,852.59,586.7720589,40.61675971491685,0.7601576256916946,3.627865075959754,0.1763579812499998,0.3230540047513858,0.2229199936811945,1,1,ON,100.0,esp32-irrigation
36.48286722,70.15941623,849.91,349.2480236,5.182176152670298,1.8203393869930136,5.9643348366874,1.0,0.9136303974554952,0.8725945481383274,1,1,ON,100.0,esp32-irrigation
36.65283988,49.77996509,857.31,734.5273753,62.65936310505038,3.0921137517455386,6.728642687946347,1.0,0.0,0.0,0,1,ON,100.0,esp32-irrigation
19.09225657,64.74085832,857.83,364.6044059,7.473089622272984,0.7792526001411695,2.384314245289814,0.0,0.8754485062954502,0.6082731343528333,1,1,ON,100.0,esp32-irrigation
28.98697017,62.14859071,852.4,361.8571291,7.063242217923916,1.515064116769456,4.331148735663229,0.2483712712499999,0.8822792963679348,0.775317073907883,1,1,ON,100.0,esp32-irrigation
28.24835958,40.92329332,859.84,834.7549613,77.61163000668655,2.265554469825353,4.807945581638011,0.1560449474999998,0.0,0.0,0,0,OFF,0.0,esp32-irrigation
31.81953237,53.14053546,856.24,933.6490928,92.36496796689148,2.20544080792381,5.443604642993361,0.6024415462500001,0.0,0.0,0,0,OFF,0.0,esp32-irrigation
31.47954676,38.3814406,853.01,712.2687136,59.33874585889993,2.844749925119244,5.643311945919161,0.5599433450000002,0.0110209023516678,0.0110209023516678,0,1,ON,100.0,esp32-irrigation
27.3765463,46.39100522,848.07,422.8464662,16.161823585263853,1.9539748063964943,4.403044293301278,0.0470682875000001,0.7306362735789358,0.7222293545926323,1,1,ON,100.0,esp32-irrigation
26.32843352,52.36883325,860.17,809.3882129,73.8273385990949,1.632442353728888,3.980003998070549,0.0,0.0,0.0,0,0,OFF,0.0,esp32-irrigation
30.74144349,45.54884167,850.44,502.9893454,28.11779067863459,2.410489245871553,5.414559353672793,0.4676804362500002,0.5313701553560901,0.5313701553560901,1,1,ON,100.0,esp32-irrigation
20.39386274,78.37946964,851.04,521.3668525,30.859405059588703,0.5180068931465379,2.404039178552697,0.0,0.4856765823401883,0.3057342455431115,1,1,ON,100.0,esp32-irrigation
37.63945741,47.30228083,855.64,613.2395498,44.56526335495688,3.4236071458086426,6.94214635906836,1.0,0.2572456107507186,0.2572456107507186,1,1,ON,100.0,esp32-irrigation
30.26311956,49.00764595,860.07,558.7002247,36.42891508921791,2.196507327979825,5.134567417764552,0.407889945,0.3928514151797015,0.3928514151797015,1,1,ON,100.0,esp32-irrigation
19.94929506,69.01191115,858.67,359.315064,6.684008941203728,0.7223174725671947,2.4625119549955707,0.0,0.8885998509799379,0.6047627251108225,1,1,ON,100.0,esp32-irrigation
20.2488131,42.35441552,856.58,680.8896566,54.65751932127131,1.368817161348746,2.8620921793765857,0.0,0.0890413446454781,0.0749910024778137,1,1,ON,100.0,esp32-irrigation
33.91205345,63.83403686,855.02,666.2312159,52.47072697741295,1.914361464086993,5.570483435075544,0.8640066812500002,0.1254878837097841,0.1228012340508522,1,1,ON,100.0,esp32-irrigation
18.17261608,66.7660268,857.55,391.1349267,11.430996261279631,0.6934259902780064,2.225214080540637,0.0,0.8094833956453394,0.545070904132413,1,1,ON,100.0,esp32-irrigation
38.74172242,71.38922151,854.85,849.4565568,79.80486031950576,1.9727455381500247,6.577124034901203,1.0,0.0,0.0,0,0,OFF,0.0,esp32-irrigation
32.77610701,58.37257687,854.37,867.4116295,82.4834546063988,2.0677672643513527,5.501150485258984,0.7220133762499996,0.0,0.0,0,0,OFF,0.0,esp32-irrigation
20.57018446,78.26497553,855.39,561.5841863,36.8591535624589,0.5264436144040181,2.4303500468945654,0.0,0.3856807739590183,0.2436001821417903,1,1,ON,100.0,esp32-irrigation
33.52237923,61.97113443,853.42,473.0656913,23.6536857287714,1.9696763731929188,5.550329361109194,0.8152974037499998,0.6057719045204767,0.6011796042297533,1,1,ON,100.0,esp32-irrigation
36.48049435,46.30364834,851.34,886.475599,85.32747760989258,3.2751672846842728,6.691558343914094,1.0,0.0,0.0,0,0,OFF,0.0,esp32-irrigation
19.15283424,63.9014646,854.6,876.944281,83.90556557601033,0.8008217213246415,2.403406332687497,0.0,0.0,0.0,0,0,OFF,0.0,esp32-irrigation
30.65428345,55.83766702,849.69,981.191638,99.45751457390548,1.9453162099163392,4.989634126927017,0.4567854312500001,0.0,0.0,0,0,OFF,0.0,esp32-irrigation
23.17639669,44.87610449,854.57,761.5880665,66.69636223386465,1.5652717058393597,3.424169802586746,0.0,0.0,0.0,0,0,OFF,0.0,esp32-irrigation
22.12749137,46.64907687,852.47,707.1132633,58.56963954835066,1.421560163759034,3.171997204197542,0.0,0.0238393408608223,0.0203919347549157,0,1,ON,100.0,esp32-irrigation
20.80142563,47.7134118,852.34,472.9021903,23.62929413471779,1.284593520881404,2.8945923304162453,0.0,0.6061784310880368,0.4977624368124551,1,1,ON,100.0,esp32-irrigation
22.33638996,64.64206436,855.37,833.783432,77.46669420631358,0.9541794759580464,2.914082090795608,0.0,0.0,0.0,0,0,OFF,0.0,esp32-irrigation
38.80136822,46.53533085,856.42,533.1049141,32.61052605287538,3.6982915882893743,7.196205663449714,1.0,0.456491232452077,0.456491232452077,1,1,ON,100.0,esp32-irrigation
37.65265946,42.84442476,855.38,404.5745755,13.435965391453577,3.715878745682296,6.94501718696552,1.0,0.7760672434757737,0.7760672434757737,1,1,ON,100.0,esp32-irrigation
28.58062658,41.44735987,850.24,453.9493073,20.80184336511148,2.289183513568457,4.890168355513922,0.1975783225,0.6533026105814753,0.6533026105814753,1,1,ON,100.0,esp32-irrigation
30.83272184,76.48272392,851.43,786.5927012,70.42663237937442,1.0465151493149114,4.229932424755362,0.4790902300000002,0.0,0.0,0,0,OFF,0.0,esp32-irrigation
32.72842548,56.4139915,856.02,666.2310175,52.47069737947616,2.159263083225834,5.5783369934329246,0.7160531849999998,0.1254883770087306,0.1254883770087306,1,1,ON,100.0,esp32-irrigation
26.34294588,45.85095564,851.98,532.7422996,32.55643007987247,1.857415454746473,4.1488651231908005,0.0,0.4573928320021255,0.441088544763814,1,1,ON,100.0,esp32-irrigation
32.56749236,73.02622683,853.13,666.725646,52.5444876167184,1.324248694139856,4.763074097456266,0.6959365450000004,0.12425853972136,0.1032665721011141,1,1,ON,100.0,esp32-irrigation
26.73357298,69.85888796,855.77,939.931024,93.3021262454528,1.0579499850123306,3.6153394902257134,0.0,0.0,0.0,0,0,OFF,0.0,esp32-irrigation
35.55887536,69.63091393,850.91,843.8328142,78.96589268896439,1.7610140185395964,5.726447605974943,1.0,0.0,0.0,0,0,OFF,0.0,esp32-irrigation
22.37375219,41.12335653,855.18,868.1069346,82.58718241077064,1.5924746336956914,3.31533468157392,0.0,0.0,0.0,0,0,OFF,0.0,esp32-irrigation
21.69078291,48.28084554,851.66,908.8954139,88.67213619789928,1.3418578931861214,3.0583186431891134,0.0,0.0,0.0,0,0,OFF,0.0,esp32-irrigation
26.92446827,42.28805582,852.87,828.1607758,76.62788864834536,2.0485268712827582,4.394500594171973,0.0,0.0,0.0,0,0,OFF,0.0,esp32-irrigation
29.00215064,52.26309957,854.92,849.0966385,79.75116657410933,1.912423994645909,4.660756325277591,0.25026883,0.0,0.0,0,0,OFF,0.0,esp32-irrigation
36.6756065,76.46554842,849.22,438.5547111,18.505229025569133,1.4508496172914749,5.603225780200454,1.0,0.6915795162405144,0.5966342272363006,1,1,ON,100.0,esp32-irrigation
32.71428578,65.36061533,854.78,983.877346,99.858176950787,1.7146815340978192,5.156094827187811,0.7142857224999997,0.0,0.0,0,0,OFF,0.0,esp32-irrigation
18.65523135,39.99766312,855.31,644.8318655,49.27830449701484,1.290393403403138,2.5917774845434827,0.0,0.1786949250497527,0.1469941506513311,1,1,ON,100.0,esp32-irrigation
18.97475801,78.19539221,856.7,782.3389384,69.79204264953844,0.4783789923756236,2.211999135792128,0.0,0.0,0.0,0,0,OFF,0.0,esp32-irrigation
33.64209954,40.07326343,854.12,765.3844102,67.26271274192483,3.124683470177662,6.089944691374479,0.8302624424999996,0.0,0.0,0,0,OFF,0.0,esp32-irrigation
22.84407106,80.78072705,858.27,329.0488271,2.168796410424529,0.5348819728820614,2.718290810168272,0.0,0.9638533931595912,0.6108136477053634,1,1,ON,100.0,esp32-irrigation
22.83773189,53.663542,855.17,856.6893453,80.88387048438277,1.2890718322969927,3.1958000188618683,0.0,0.0,0.0,0,0,OFF,0.0,esp32-irrigation
32.12254068,79.826479,852.67,449.7761882,20.17928431639293,0.9658677820423268,4.357489443862559,0.640317585,0.6636785947267844,0.492095740432824,1,1,ON,100.0,esp32-irrigation
28.53552658,72.50220094,854.48,850.0769218,79.89740832376911,1.0722508368823285,3.897893290066601,0.1919408224999998,0.0,0.0,0,0,OFF,0.0,esp32-irrigation
31.78182638,79.15896491,855.14,889.2008392,85.73403752485919,0.978792505298416,4.316535367009329,0.5977282974999998,0.0,0.0,0,0,OFF,0.0,esp32-irrigation
18.91343151,66.23014653,855.45,701.4452417,57.72406623715229,0.7380583124619379,2.340139435127942,0.0,0.0379322293807951,0.0259651639915747,0,0,OFF,0.0,esp32-irrigation
37.58882039,50.31500475,853.19,733.1713478,62.45706665239554,3.2190289726395416,6.931138575020261,1.0,0.0,0.0,0,1,ON,100.0,esp32-irrigation
23.01621777,64.27620959,853.08,503.0358841,28.124733468453503,1.0046225161255236,3.040457099868458,0.0,0.5312544421924417,0.3990547647007789,1,1,ON,100.0,esp32-irrigation
36.62665832,54.17248244,851.55,895.2253101,86.63278706510992,2.817629138667788,6.723005029701348,1.0,0.0,0.0,0,0,OFF,0.0,esp32-irrigation
26.3274611,57.86929706,850.93,466.3262739,22.64827821824499,1.4438445462063894,3.8403913023275456,0.0,0.6225286963625835,0.5359730139563141,1,1,ON,100.0,esp32-irrigation
21.09045332,69.30488898,859.44,974.2904059,98.42796703686972,0.7676408035631948,2.634940179598975,0.0,0.0,0.0,0,0,OFF,0.0,esp32-irrigation
22.42368969,58.61561595,851.8,961.7311445,96.55433687141591,1.122751935588575,3.0309784291145645,0.0,0.0,0.0,0,0,OFF,0.0,esp32-irrigation
28.18020676,38.5535336,852.49,615.0849621,44.84056777317526,2.347115893384714,4.860047987865792,0.1475258450000001,0.2526572037804123,0.2526572037804123,1,1,ON,100.0,esp32-irrigation
25.46437991,50.43082348,852.75,833.8438591,77.47570891137984,1.614203060865352,3.824505991032641,0.0,0.0,0.0,0,0,OFF,0.0,esp32-irrigation
18.00213247,59.11614486,857.68,646.7616182,49.56619108169775,0.8439515061294797,2.278926812553124,0.0,0.1738968153050374,0.1236385274494703,1,1,ON,100.0,esp32-irrigation
32.97542241,76.74406698,852.91,590.0485656,41.10555930232184,1.1681960734783676,4.683037845082283,0.74692780125,0.3149073449613027,0.2494220534539742,1,1,ON,100.0,esp32-irrigation
28.36042739,43.39533893,857.32,784.3181498,70.08730763883553,2.1849314176014247,4.764474550776899,0.1700534237500002,0.0,0.0,0,0,OFF,0.0,esp32-irrigation
20.81073528,53.33326924,853.42,450.9211807,20.350097903187013,1.1471798782175655,2.816896828704825,0.0,0.6608317016135498,0.5199390585516096,1,1,ON,100.0,esp32-irrigation
20.72027699,72.18676272,855.81,775.8498552,68.82398078328416,0.6799206076926118,2.5366247326689777,0.0,0.0,0.0,0,0,OFF,0.0,esp32-irrigation
26.81304001,61.3844678,852.29,884.703255,85.06307375076429,1.361745966386491,3.8563567972274666,0.0,0.0,0.0,0,0,OFF,0.0,esp32-irrigation
30.68585871,57.52299464,859.28,709.9097187,58.986823571113824,1.874453645852004,4.933301677254694,0.4607323387500002,0.0168862738147696,0.0163562712866223,0,1,ON,100.0,esp32-irrigation
20.48484755,58.9954104,852.17,910.6768052,88.93788976173201,0.9879600288080592,2.68106771287274,0.0,0.0,0.0,0,0,OFF,0.0,esp32-irrigation
28.40070315,69.86721727,854.97,766.1457166,67.37628682807237,1.1658438844935164,3.952613173725768,0.1750878937499997,0.0,0.0,0,0,OFF,0.0,esp32-irrigation
26.9661422,41.84457576,855.95,335.3024661,3.1017339694961548,2.0693237032144403,4.417786215223292,0.0,0.9483044338417308,0.9483044338417308,1,1,ON,100.0,esp32-irrigation
33.20317144,69.32695709,854.65,447.6894733,19.867981616431457,1.5605698202402238,5.096842210512549,0.7753964299999998,0.6688669730594757,0.59538688950775,1,1,ON,100.0,esp32-irrigation
28.53283455,38.73803863,853.71,915.9759097,89.72842685821223,2.3884797109117715,4.96129731792144,0.19160431875,0.0,0.0,0,0,OFF,0.0,esp32-irrigation
28.85465549,52.17615793,853.81,936.3809064,92.7725085223701,1.899637202137876,4.623773945557304,0.2318319362499998,0.0,0.0,0,0,OFF,0.0,esp32-irrigation
38.57242478,78.51221365,853.08,775.1664064,68.72202173908246,1.4681698075265197,5.96618194798153,1.0,0.0,0.0,0,0,OFF,0.0,esp32-irrigation
21.8137453,38.49366096,854.61,964.8866999,97.02509256300463,1.6078152571337605,3.23721734309415,0.0,0.0,0.0,0,0,OFF,0.0,esp32-irrigation
34.19842898,74.34013814,855.91,630.6428924,47.161548808103646,1.3800672827131746,5.094358002168717,0.8998036225000003,0.2139741865316059,0.1808117868101617,1,1,ON,100.0,esp32-irrigation
18.99777677,63.29105671,860.85,825.3694547,76.21147057662438,0.8065279947565991,2.386602621811793,0.0,0.0,0.0,0,0,OFF,0.0,esp32-irrigation
21.35518362,67.12102521,853.64,587.9404435,40.79106300885192,0.8357126352919709,2.70969778262834,0.0,0.320148949852468,0.2269626055680247,1,1,ON,100.0,esp32-irrigation
27.45293576,60.95439745,850.88,885.8860216,85.23952259674907,1.429531231239808,4.0105571741939325,0.0566169699999998,0.0,0.0,0,0,OFF,0.0,esp32-irrigation
33.05619648,44.6969296,853.41,822.8940461,75.84218132647915,2.790606920787122,5.96792606514301,0.7570245599999996,0.0,0.0,0,0,OFF,0.0,esp32-irrigation
34.49419578,76.61353548,859.91,493.0619105,26.63678467821653,1.278628092496504,5.043698499916474,0.9367744724999998,0.5560535886963912,0.4557732292083712,1,1,ON,100.0,esp32-irrigation
20.02417126,41.35664392,853.19,481.9801924,24.983579075121465,1.3732997089403678,2.8318455245509395,0.0,0.5836070154146422,0.4921703438084424,1,1,ON,100.0,esp32-irrigation
32.6318157,63.37110557,857.78,567.6310648,37.76124593904037,1.8047757605093613,5.225945252597625,0.7039769624999996,0.3706459010159938,0.3525561349794514,1,1,ON,100.0,esp32-irrigation
38.10449706,45.706061,857.22,482.1056964,25.00230215706043,3.617215347901161,7.043491240937733,1.0,0.5832949640489928,0.5832949640489928,1,1,ON,100.0,esp32-irrigation
33.94526743,76.9902668,852.14,384.3296566,10.415764637593476,1.220222592923222,4.893382811625853,0.8681584287500002,0.8264039227067754,0.6653011456951836,1,1,ON,100.0,esp32-irrigation
18.0640508,63.58492743,856.85,934.20386,92.44772988477978,0.7546354316660593,2.2423306970843355,0.0,0.0,0.0,0,0,OFF,0.0,esp32-irrigation
36.47965904,38.42976305,857.29,943.1711164,93.7854934329132,3.755257297674054,6.691378760023281,1.0,0.0,0.0,0,0,OFF,0.0,esp32-irrigation
33.43322456,76.5171707,852.64,368.9292383,8.118281738839013,1.210229545853031,4.798612690537447,0.8041530699999999,0.864695304352683,0.6939676035483405,1,1,ON,100.0,esp32-irrigation
20.08389356,52.77315932,854.68,928.7739044,91.63767200914428,1.11004429439882,2.694585016992653,0.0,0.0,0.0,0,0,OFF,0.0,esp32-irrigation
34.46895766,72.81786572,852.01,643.5940555,49.09364410328337,1.4840724429173666,5.245304972224716,0.9336197075,0.1817725982786105,0.1583272251349989,1,1,ON,100.0,esp32-irrigation
33.9581668,80.17368882,850.99,429.825534,17.202982897134486,1.0521591304020332,4.7299946732368925,0.8697708500000001,0.7132836183810919,0.5442637771020122,1,1,ON,100.0,esp32-irrigation
33.48313419,53.42749828,851.96,629.4670794,46.98613732206412,2.406903059014116,5.966546458978183,0.8103917737500002,0.2168977112989313,0.2168977112989313,1,1,ON,100.0,esp32-irrigation
18.07034624,49.005638,852.37,493.2791952,26.669199894003945,1.057182569046231,2.39377056238796,0.0,0.5555133350999343,0.4245764212350643,1,1,ON,100.0,esp32-irrigation
33.24628155,80.49975631,853.7,664.314399,52.184770196109575,0.9945229527483076,4.5603828379998665,0.7807851937499999,0.1302538300648404,0.0975120209531355,1,1,ON,100.0,esp32-irrigation
29.78538937,52.75671416,852.1,789.1719404,70.8114114053959,1.9800196781352688,4.859644290412402,0.3481736712500001,0.0,0.0,0,0,OFF,0.0,esp32-irrigation
23.57071978,49.90053574,855.36,953.0055834,95.25263018924824,1.4568381707223237,3.415282864901046,0.0,0.0,0.0,0,0,OFF,0.0,esp32-irrigation
20.96572316,66.68300869,851.19,606.1081858,43.50138401638118,0.8268524217644615,2.653034040687212,0.0,0.2749769330603137,0.1943298022877279,1,1,ON,100.0,esp32-irrigation
28.7832231,56.70988442,854.97,438.8469071,18.548819744990336,1.7124572029631828,4.458208683240779,0.2229028875000001,0.690853004250161,0.6411905529543162,1,1,ON,100.0,esp32-irrigation
19.46897763,66.71946522,857.35,625.2459289,46.35641279784007,0.7529766126553746,2.418197921664321,0.0,0.2273931200359989,0.1565019853344603,1,1,ON,100.0,esp32-irrigation
22.05824754,39.68593112,849.97,487.043707,25.738970128434183,1.6003327648989258,3.2708271714267942,0.0,0.5710171645260969,0.5139629516907468,1,1,ON,100.0,esp32-irrigation
34.2954284,51.04887547,854.42,686.791365,55.53795476518621,2.6469753768694617,6.226885028403953,0.9119285499999998,0.0743674205802297,0.0743674205802297,0,1,ON,100.0,esp32-irrigation
29.06516617,51.3934381,857.18,386.0289634,10.66927257722763,1.9543664956272664,4.706706165966922,0.2581457712500001,0.8221787903795394,0.812799065523051,1,1,ON,100.0,esp32-irrigation
30.03840411,47.14779929,850.97,651.8434876,50.32432036187475,2.2474978317140937,5.135211207155335,0.3798005137499998,0.1612613273020875,0.1612613273020875,1,1,ON,100.0,esp32-irrigation
33.03169187,69.75791683,857.82,919.4362249,90.24464757647026,1.5239277641453055,5.0316132394019215,0.7539614837500004,0.0,0.0,0,0,OFF,0.0,esp32-irrigation
37.72794091,49.48597768,854.12,921.2305081,90.5123243945423,3.2975146857718096,6.961394376739536,1.0,0.0,0.0,0,0,OFF,0.0,esp32-irrigation
24.81707336,77.19021417,852.86,638.7213432,48.36671753793153,0.7147275049522964,3.095472585202599,0.0,0.1938880410344745,0.1315882994694018,1,1,ON,100.0,esp32-irrigation
21.8397285,58.41111028,854.84,399.4224073,12.66734871491781,1.088885748720149,2.9273372344187454,0.0,0.7888775214180366,0.6091881333484619,1,1,ON,100.0,esp32-irrigation
24.18178427,50.29044172,856.09,433.7722268,17.791762957390212,1.4995537516151407,3.53916288320602,0.0,0.7034706173768298,0.6154583095480259,1,1,ON,100.0,esp32-irrigation
38.28947471,75.89310207,853.2,498.5198647,27.45101947316916,1.6221912259064877,6.088995317092245,1.0,0.5424830087805141,0.4912442986520326,1,1,ON,100.0,esp32-irrigation
37.39082723,41.18675878,854.46,714.4719858,59.667436943920734,3.769709660164169,6.888149390906703,1.0,0.0055427176013211,0.0055427176013211,0,1,ON,100.0,esp32-irrigation
37.91412145,59.16715369,850.75,529.8214817,32.12069326773498,2.6925408028347864,7.001948340570921,1.0,0.464655112204417,0.464655112204417,1,1,ON,100.0,esp32-irrigation
34.28258454,64.26476049,853.91,464.5405542,22.38187893006988,1.9309632499741365,5.657497686637534,0.9103230675000002,0.6269686844988355,0.6161477144123878,1,1,ON,100.0,esp32-irrigation
33.69181414,61.64305494,850.02,660.0844469,51.5537326214808,2.0055547374703884,5.6177276373212095,0.8364767674999998,0.14077112297532,0.14077112297532,1,1,ON,100.0,esp32-irrigation
18.06805145,57.73955061,855.15,527.2007548,31.72972497598047,0.8759903308299151,2.3032509762910216,0.0,0.4711712504003255,0.3387709900790942,1,1,ON,100.0,esp32-irrigation
24.46333389,76.90683894,852.4,674.1384766,53.65035702903583,0.7084784820699251,3.0435563654747626,0.0,0.1058273828494028,0.0716577973153458,1,0,OFF,0.0,esp32-irrigation
35.00478541,55.58292007,851.56,804.2774528,73.06489931331352,2.4980914482737475,6.374666502465479,1.0,0.0,0.0,0,0,OFF,0.0,esp32-irrigation
30.00848592,60.07503838,857.09,926.5808294,91.31050217453102,1.694866817492534,4.656797927027894,0.3760607399999998,0.0,0.0,0,0,OFF,0.0,esp32-irrigation
22.16209889,62.92243703,857.67,772.4761639,68.32068289121153,0.9900327446579458,2.912112685109676,0.0,0.0,0.0,0,0,OFF,0.0,esp32-irrigation
30.07657017,68.18888119,855.51,936.624424,92.80883724478836,1.3557058287821948,4.377902384827953,0.38457127125,0.0,0.0,0,0,OFF,0.0,esp32-irrigation
38.94109926,44.4401295,850.2,853.5741088,80.41912969326245,3.872185797535796,7.226948601013994,1.0,0.0,0.0,0,0,OFF,0.0,esp32-irrigation
26.05424045,63.9171479,853.68,351.1295804,5.462872721219684,1.2167977987480256,3.6307837395092086,0.0,0.9089521213130052,0.730978795751756,1,1,ON,100.0,esp32-irrigation
31.03123272,63.00356384,856.91,934.2629649,92.45654733988636,1.6650567028803485,4.810312717253887,0.5039040899999998,0.0,0.0,0,0,OFF,0.0,esp32-irrigation
31.34285948,79.39424911,854.19,467.9567128,22.89151222768836,0.9439560338251108,4.217371398132448,0.5428574350000002,0.618474796205194,0.4551906520142591,1,1,ON,100.0,esp32-irrigation
18.90262053,64.8929091,861.13,465.60466,22.54062558424131,0.7667666542442998,2.353741886562652,0.0,0.6243229069293115,0.4318389500932216,1,1,ON,100.0,esp32-irrigation
32.30803351,51.47991526,854.71,827.1022878,76.4699800752687,2.347483426829132,5.6713486934694535,0.6635041887500002,0.0,0.0,0,0,OFF,0.0,esp32-irrigation
18.39508066,53.51470682,855.87,359.6292833,6.730885165871507,0.9835461956855216,2.3997174898178333,0.0,0.8878185805688082,0.6622119371287469,1,1,ON,100.0,esp32-irrigation
20.27115171,48.11180371,854.39,842.4894518,78.76548565581064,1.2338072260734076,2.789777468491263,0.0,0.0,0.0,0,0,OFF,0.0,esp32-irrigation
27.47300278,49.06551866,854.64,608.0489869,43.79091883616812,1.866993926626439,4.352807084491122,0.0591253475000002,0.2701513527305313,0.2611684100697204,1,1,ON,100.0,esp32-irrigation
36.43633346,39.0583098,852.85,474.9474131,23.93440691254037,3.708125638900564,6.682066193264738,1.0,0.601093218124327,0.601093218124327,1,1,ON,100.0,esp32-irrigation
36.90435388,46.18342057,854.94,850.4802291,79.95757497681987,3.35933814347724,6.782874993322188,1.0,0.0,0.0,0,0,OFF,0.0,esp32-irrigation
20.42358886,49.6688995,857.54,577.6751428,39.25965312443195,1.2080982300220626,2.796956534645004,0.0,0.3456724479261341,0.2772377920898061,1,1,ON,100.0,esp32-irrigation
27.69024765,48.98779992,852.31,728.1313262,61.70518035880355,1.8937207743288929,4.411845950851847,0.0862809562499999,0.0,0.0,0,1,ON,100.0,esp32-irrigation
20.05445846,51.60702634,851.87,652.2478957,50.38465123573599,1.1353841186370282,2.704545693648237,0.0,0.1602558127377335,0.1256158825442898,1,1,ON,100.0,esp32-irrigation
24.42345231,48.24331191,850.08,828.8518965,76.73099221074828,1.5840674614759394,3.634869888516328,0.0,0.0,0.0,0,0,OFF,0.0,esp32-irrigation
22.22067707,58.49823605,856.2,657.5002351,51.16821176733235,1.1121241370893022,2.995450990914946,0.0,0.1471964705444608,0.1145234222189427,1,1,ON,100.0,esp32-irrigation
30.64437683,41.60244355,851.16,489.4396408,26.09640307764491,2.5709124772415306,5.473585268738932,0.4555471037499998,0.5650599487059182,0.5650599487059182,1,1,ON,100.0,esp32-irrigation
35.26709521,50.31823996,847.99,549.1168697,34.99924001180829,2.83495023885563,6.432255370271573,1.0,0.4166793331365285,0.4166793331365285,1,1,ON,100.0,esp32-irrigation
20.52175903,47.21638304,856.11,482.2588799,25.025154553973664,1.2746604498074796,2.848607060114079,0.0,0.5829140907671057,0.477211429667632,1,1,ON,100.0,esp32-irrigation
18.31758649,81.13868483,861.63,915.8458238,89.70902023400261,0.3971375279239475,2.093506841584038,0.0,0.0,0.0,0,0,OFF,0.0,esp32-irrigation
27.3973287,74.05445959,854.3,547.7264643,34.79181495577354,0.9468299385706994,3.628647765768589,0.0496660874999999,0.4201364174037743,0.3095176432723195,1,1,ON,100.0,esp32-irrigation
38.02198199,54.97312957,855.13,741.2167787,63.657309369559954,2.986468428163893,7.025475853223015,1.0,0.0,0.0,0,1,ON,100.0,esp32-irrigation
32.40035273,57.72330186,853.92,826.1749397,76.33163536544075,2.0560882556646645,5.417992141474307,0.6750440912500002,0.0,0.0,0,0,OFF,0.0,esp32-irrigation
31.3333338,74.99718932,853.59,666.1914905,52.464800617143474,1.1447673276226364,4.39627334975789,0.5416667249999998,0.1255866563809421,0.0987352034430394,1,1,ON,100.0,esp32-irrigation
37.01170886,54.53817018,855.46,581.0364929,39.76110991742546,2.854465516066856,6.806063992460524,1.0,0.3373148347095757,0.3373148347095757,1,1,ON,100.0,esp32-irrigation
36.07653101,47.14456722,852.55,333.9159559,2.894890011663613,3.153349582198834,6.604882976092047,1.0,0.9517518331389396,0.9517518331389396,1,1,ON,100.0,esp32-irrigation
27.5122104,66.53107632,854.97,773.105607,68.41458519502031,1.2296117808516094,3.864973992974489,0.0640263,0.0,0.0,0,0,OFF,0.0,esp32-irrigation
24.44994901,54.96684704,855.47,811.6088521,74.15862054786534,1.3804730851390397,3.500222736502584,0.0,0.0,0.0,0,0,OFF,0.0,esp32-irrigation
28.89542927,56.98597634,852.46,514.4152565,29.82234407735228,1.712618208092074,4.477781476720288,0.2369286587500001,0.5029609320441287,0.4668254785664982,1,1,ON,100.0,esp32-irrigation
26.8868531,61.47469198,856.85,745.9654437,64.36573016806607,1.3644668961923487,3.870109305953623,0.0,0.0,0.0,0,0,OFF,0.0,esp32-irrigation
20.28632827,49.62730618,854.73,485.5110985,25.510330766136104,1.1988946901675797,2.772376079457157,0.0,0.5748278205643982,0.4597034157410139,1,1,ON,100.0,esp32-irrigation
22.98117635,43.75409752,852.95,549.8848461,35.11380914956001,1.5783953368319077,3.4018520061540727,0.0,0.4147698475073331,0.3710526220446806,1,1,ON,100.0,esp32-irrigation
22.1858907,73.01361621,856.28,669.0613468,52.8929348173121,0.7216257424374993,2.750323354182433,0.0,0.1184510863781316,0.0805948814766027,1,0,OFF,0.0,esp32-irrigation
26.04251625,62.41451116,852.23,762.271013,66.79824634337058,1.2665924012251402,3.665378764437985,0.0,0.0,0.0,0,0,OFF,0.0,esp32-irrigation
20.68078332,48.87828609,855.19,923.6931027,90.87970201181555,1.246683113597809,2.8555009155548694,0.0,0.0,0.0,0,0,OFF,0.0,esp32-irrigation
38.87568129,68.38417448,852.91,819.193327,75.29009639737407,2.1957016957978555,6.861387896520428,1.0,0.0,0.0,0,0,OFF,0.0,esp32-irrigation
31.40471425,77.09062875,856.55,655.8558899,50.92290317226328,1.0531775359056577,4.325196833988221,0.5505892812500002,0.1512849471289454,0.1154749505236928,1,1,ON,100.0,esp32-irrigation
38.10096183,53.92271863,854.21,404.2516776,13.387794465908412,3.06921211548868,7.042719107271146,1.0,0.7768700922348598,0.7768700922348598,1,1,ON,100.0,esp32-irrigation
33.34211201,49.83539069,853.54,481.8844691,24.969298771789543,2.572181379162937,6.027376623210341,0.7927640012500001,0.5838450204701743,0.5838450204701743,1,1,ON,100.0,esp32-irrigation
26.11387023,66.65242868,856.51,459.4332771,21.619959249196647,1.1285262144033503,3.5751895961131765,0.0,0.6396673458467226,0.5003040149948215,1,1,ON,100.0,esp32-irrigation
30.53906354,47.1717968,857.41,709.8583739,58.97916379216224,2.3117808507950204,5.288097109065593,0.4423829425000001,0.017013936797296,0.017013936797296,0,1,ON,100.0,esp32-irrigation
18.05863783,42.56782035,856.83,467.9445055,22.889691104232902,1.1897715254789762,2.458194509340856,0.0,0.6185051482627849,0.4932225275726959,1,1,ON,100.0,esp32-irrigation
38.89726343,66.93339222,852.96,915.1775782,89.60932925105263,2.2991220683639177,6.985332287115852,1.0,0.0,0.0,0,0,OFF,0.0,esp32-irrigation
22.92268697,40.07478245,851.57,451.8026619,20.481600044435574,1.675704962239055,3.454605513688269,0.0,0.6586399992594071,0.6052415784017325,1,1,ON,100.0,esp32-irrigation
24.27936292,62.20080995,852.02,941.4972175,93.5357759238119,1.14694806704904,3.315785267630267,0.0,0.0,0.0,0,0,OFF,0.0,esp32-irrigation
26.30848156,72.03292064,853.68,712.2567223,59.336956959004674,0.9573765015649892,3.4779395859263347,0.0,0.0110507173499221,0.008170282954024,0,0,OFF,0.0,esp32-irrigation
34.87396409,54.7320856,851.89,343.0987816,4.264812866810543,2.5275934056552387,6.348918886600885,0.98424551125,0.9289197855531576,0.9289197855531576,1,1,ON,100.0,esp32-irrigation
19.85339719,41.20088607,854.75,498.263617,27.412791634345112,1.3624607733573428,2.801074564153081,0.0,0.5431201394275814,0.4565550410114034,1,1,ON,100.0,esp32-irrigation
29.28647581,54.94280747,854.23,701.4773444,57.72885541903145,1.834941598527784,4.647522273531627,0.2858094762499998,0.0378524096828092,0.0362904451242802,0,1,ON,100.0,esp32-irrigation
30.90791298,47.11017238,855.22,439.937745,18.71155437802061,2.363695557935072,5.406438539340936,0.4884891224999999,0.6881407603663232,0.6881407603663232,1,1,ON,100.0,esp32-irrigation
29.95497978,40.16527173,853.83,388.6705855,11.063358080718263,2.5322778969349407,5.334654507993504,0.3693724724999998,0.8156106986546957,0.8156106986546957,1,1,ON,100.0,esp32-irrigation
36.56932136,57.22008081,854.43,538.3213971,33.38873741380597,2.622027049904187,6.710663775089517,1.0,0.4435210431032338,0.4435210431032338,1,1,ON,100.0,esp32-irrigation
34.73809727,73.59852242,853.59,456.515957,21.184744249877923,1.4631167968574086,5.271666268699646,0.9672621587499995,0.6469209291687013,0.5600906840106828,1,1,ON,100.0,esp32-irrigation
29.28697037,65.58834557,849.15,750.6651861,65.0668525390442,1.4014449956678914,4.286868277687019,0.2858712962499998,0.0,0.0,0,0,OFF,0.0,esp32-irrigation
36.65353604,45.10690968,850.85,979.6225846,99.2234382466584,3.379968418095366,6.72879261145284,1.0,0.0,0.0,0,0,OFF,0.0,esp32-irrigation
31.61024439,68.51930288,853.45,354.3512433,5.943490537834556,1.4641827434302368,4.730317336281871,0.5762805487499998,0.900941824369424,0.7802567802037784,1,1,ON,100.0,esp32-irrigation
38.455112,72.0337382,849.96,818.3045288,75.15750268302388,1.8987788029012376,6.435268957614468,1.0,0.0,0.0,0,0,OFF,0.0,esp32-irrigation
29.27132944,60.95929441,855.59,339.229224,3.6875400785937855,1.588533706204628,4.439895793139401,0.2839161799999998,0.9385409986901035,0.8419965021135976,1,1,ON,100.0,esp32-irrigation
32.66976446,55.43627987,857.51,778.6582536,69.24294650039649,2.200430787238022,5.605647538515898,0.7087205575000004,0.0,0.0,0,0,OFF,0.0,esp32-irrigation
32.54795035,51.21303632,856.74,760.9283499,66.59794363399294,2.392511487958803,5.761859910412695,0.6934937937500001,0.0,0.0,0,0,OFF,0.0,esp32-irrigation
28.91993313,52.56600386,853.6,842.5516094,78.77475852231632,1.89127906712002,4.628620120532578,0.23999164125,0.0,0.0,0,0,OFF,0.0,esp32-irrigation
37.44313664,63.59821724,856.83,432.4473937,17.594120183560243,2.339855656129401,6.722712511416358,1.0,0.7067646636073293,0.7067646636073293,1,1,ON,100.0,esp32-irrigation
23.51997426,62.55171865,855.15,342.3427007,4.152018337208394,1.0856321814146512,3.1644979775052864,0.0,0.93079969437986,0.7180263728573546,1,1,ON,100.0,esp32-irrigation
38.17185751,75.88842627,852.18,484.5946124,25.3736064836732,1.6122368399308815,6.055645714016959,1.0,0.5771065586054468,0.5211613928900813,1,1,ON,100.0,esp32-irrigation
31.25364066,62.97501348,852.32,501.9722333,27.966054692614907,1.6875521712246129,4.8696538283565385,0.5317050824999998,0.5338990884564183,0.4921951857130767,1,1,ON,100.0,esp32-irrigation
18.04807776,78.46314968,854.68,793.0212323,71.38566089266884,0.4458638063153782,2.0867759966526847,0.0,0.0,0.0,0,0,OFF,0.0,esp32-irrigation
35.93856426,39.15998799,852.32,853.116726,80.35089588683496,3.602337757495856,6.575360039205402,1.0,0.0,0.0,0,0,OFF,0.0,esp32-irrigation
21.24617468,71.09725654,855.48,747.958166,64.66301075597168,0.7297541483290821,2.632971431739182,0.0,0.0,0.0,0,0,OFF,0.0,esp32-irrigation
22.32336766,42.28299224,855.32,934.4703405,92.48748428493148,1.5563352014032064,3.2850729199290134,0.0,0.0,0.0,0,0,OFF,0.0,esp32-irrigation
23.87879412,68.16878619,854.74,469.2333194,23.081960420380447,0.9429290920480892,3.1213209901678898,0.0,0.6153006596603259,0.4526965529176883,1,1,ON,100.0,esp32-irrigation
27.07385509,52.78859299,855.44,887.9037163,85.54052864592616,1.6905543390597124,4.148438760432599,0.0092318862499998,0.0,0.0,0,0,OFF,0.0,esp32-irrigation
21.59506142,47.56306587,857.99,543.8967378,34.220484296485104,1.3525445216816534,3.050555329391383,0.0,0.4296585950585816,0.3601123922642709,1,1,ON,100.0,esp32-irrigation
37.50540545,51.12393403,855.47,480.0357836,24.693506047287688,3.152321785858424,6.91301708407986,1.0,0.5884415658785386,0.5884415658785386,1,1,ON,100.0,esp32-irrigation
28.20897461,40.51711255,850.5,498.3539588,27.426269108560383,2.27591508492208,4.808751244295512,0.1511218262499998,0.5428955148573269,0.5428955148573269,1,1,ON,100.0,esp32-irrigation
23.38640922,64.95193114,848.41,876.4366224,83.82983146741759,1.007902719626094,3.0947413713046514,0.0,0.0,0.0,0,0,OFF,0.0,esp32-irrigation
23.13817456,64.32798855,857.16,681.2071925,54.704890326771256,1.0105891434388397,3.061447539614854,0.0,0.0882518278871457,0.0664224987314185,1,0,OFF,0.0,esp32-irrigation
23.4317587,51.40986031,851.37,829.2931387,76.79681811164014,1.4011678805824213,3.3574774678066195,0.0,0.0,0.0,0,0,OFF,0.0,esp32-irrigation
37.86194496,41.64268467,852.49,931.4013933,92.0296490773527,3.8372638491814985,6.990575888417127,1.0,0.0,0.0,0,0,OFF,0.0,esp32-irrigation
32.10441202,58.42546855,850.82,599.5008826,42.51568571824562,1.988468923270476,5.29895751105632,0.6380515024999998,0.2914052380292397,0.2905651839894646,1,1,ON,100.0,esp32-irrigation
24.72435574,76.19043811,850.13,830.2986303,76.94682051487624,0.7419386428845187,3.101752563266183,0.0,0.0,0.0,0,0,OFF,0.0,esp32-irrigation
38.31761626,41.07273157,854.36,953.0086431,95.2530866449294,3.9713341900307815,7.090087160261627,1.0,0.0,0.0,0,0,OFF,0.0,esp32-irrigation
32.2038455,58.08631826,855.63,844.1887864,79.01899774273635,2.015973018280899,5.343219034089585,0.6504806875,0.0,0.0,0,0,OFF,0.0,esp32-irrigation
35.59376787,70.76477028,851.89,316.2023706,0.2523215755596174,1.6985237288599428,5.667995509383169,1.0,0.9957946404073396,0.9207425266545248,1,1,ON,100.0,esp32-irrigation
18.72208571,51.31826044,848.88,495.1063389,26.941778944945508,1.0513222010242098,2.477802214947048,0.0,0.5509703509175748,0.4202970159652239,1,1,ON,100.0,esp32-irrigation
36.29947524,77.4747157,851.88,596.2182025,42.025965163588246,1.3603725947479588,5.439624125549898,1.0,0.2995672472735292,0.2516643920055132,1,1,ON,100.0,esp32-irrigation
23.80867349,42.9224524,855.72,858.8099286,81.20022577890968,1.6836859918489282,3.6026254048130784,0.0,0.0,0.0,0,0,OFF,0.0,esp32-irrigation
20.66675595,52.71089849,851.42,826.0250635,76.30927636195638,1.152223128624514,2.7995478324440404,0.0,0.0,0.0,0,0,OFF,0.0,esp32-irrigation
34.35836939,81.13595673,853.94,943.0931244,93.7738583407521,1.0236236916989343,4.766082527693396,0.91979617375,0.0,0.0,0,0,OFF,0.0,esp32-irrigation
25.62698605,49.17305661,854.49,591.5381281,41.32777692678572,1.6712039319629337,3.892040044475415,0.0,0.3112037178869047,0.285623078186972,1,1,ON,100.0,esp32-irrigation
22.06494486,71.74121187,856.4,723.7600244,61.05305579081084,0.750105591497946,2.75193641555191,0.0,0.0,0.0,0,0,OFF,0.0,esp32-irrigation
32.67585021,38.80059404,853.98,940.7398819,93.4227942141126,3.02288824240991,5.8891173498946365,0.70948127625,0.0,0.0,0,0,OFF,0.0,esp32-irrigation
25.88778366,38.91463049,852.06,616.4019958,45.0370470079525,2.039766311019814,4.202827671943539,0.0,0.2493825498674583,0.2493825498674583,1,1,ON,100.0,esp32-irrigation
22.85083607,66.58380929,857.85,638.6480799,48.35578788812739,0.9303703441937238,2.9701189889294497,0.0,0.1940702018645435,0.1421743910588869,1,1,ON,100.0,esp32-irrigation
26.64794701,77.47450161,854.01,317.8775798,0.5022345593411102,0.7866716646994666,3.399335527135661,0.0,0.9916294240109814,0.6908364044434138,1,1,ON,100.0,esp32-irrigation
26.62387958,66.14193773,854.34,474.8690315,23.922713698624428,1.1807726751649967,3.69096760824179,0.0,0.6012881050229262,0.4781401935896661,1,1,ON,100.0,esp32-irrigation
35.99851487,44.06139688,850.95,643.9425534,49.14563411744432,3.323040336723835,6.588183640604428,1.0,0.1809060980425946,0.1809060980425946,1,1,ON,100.0,esp32-irrigation
31.17324724,51.96821927,852.75,877.8588184,84.04199914527068,2.179246882420145,5.294470798363025,0.5216559049999998,0.0,0.0,0,0,OFF,0.0,esp32-irrigation
32.54991305,51.80975882,851.48,780.2972073,69.48745077451743,2.363509288716432,5.735051439708003,0.6937391312500001,0.0,0.0,0,0,OFF,0.0,esp32-irrigation
29.81441321,39.80228798,853.59,316.9960892,0.3707310157709446,2.527164241016277,5.30645745898333,0.3518016512500002,0.993821149737151,0.993821149737151,1,1,ON,100.0,esp32-irrigation
26.57632088,77.97124165,858.69,501.3493975,27.873138086626867,0.7660882423331805,3.373915813169897,0.0,0.5354476985562189,0.3702738958401795,1,1,ON,100.0,esp32-irrigation
31.63250602,79.98874797,850.37,967.1019389,97.35556889293356,0.9319080832584375,4.25084638314826,0.5790632525000001,0.0,0.0,0,0,OFF,0.0,esp32-irrigation
29.35212622,74.62516028,850.04,572.3966435,38.47218997657463,1.0373018427336596,3.993787699219751,0.2940157774999998,0.3587968337237561,0.2724435710590417,1,1,ON,100.0,esp32-irrigation
23.68084887,80.29814418,858.44,619.3871932,45.48238815663456,0.576719149412674,2.85218751170095,0.0,0.241960197389424,0.1558658685022498,1,1,ON,100.0,esp32-irrigation
25.79331036,58.57612451,853.98,485.6966776,25.53801604067285,1.375515871039433,3.705817892958068,0.0,0.5743663993221192,0.4846957241758965,1,1,ON,100.0,esp32-irrigation
35.35780754,43.47058095,851.68,613.8215259,44.65208438222949,3.2418688196696155,6.451531787721252,1.0,0.2557985936295085,0.2557985936295085,1,1,ON,100.0,esp32-irrigation
26.17577866,49.68815975,857.06,641.5098402,48.78271430152127,1.7088551757216768,4.010864730843534,0.0,0.1869547616413122,0.1733470338347983,1,1,ON,100.0,esp32-irrigation
25.24347945,58.61539851,853.06,560.9042452,36.75771780798914,1.3301057755538583,3.5877967613567243,0.0,0.3873713698668476,0.3224969090194498,1,1,ON,100.0,esp32-irrigation
24.71948153,48.46178788,859.2,384.3603376,10.42034172578962,1.6055342610726482,3.6972902105202974,0.0,0.8263276379035064,0.7448381523330815,1,1,ON,100.0,esp32-irrigation
22.91017067,81.1842176,856.55,911.8394958,89.11134360681639,0.5257523585564493,2.7208382803204474,0.0,0.0,0.0,0,0,OFF,0.0,esp32-irrigation
29.24934733,78.13819685,852.87,691.2263108,56.19957394551736,0.8884114245178807,3.854375842431764,0.2811684162499999,0.0633404342413773,0.0457383084741795,0,0,OFF,0.0,esp32-irrigation
23.36019023,67.75524429,860.19,405.7667546,13.613818423828844,0.9258206576634972,3.037711365152806,0.0,0.7731030262695192,0.5654902011903812,1,1,ON,100.0,esp32-irrigation
36.40758004,72.08771224,851.72,658.4673712,51.31249217629488,1.695712968559166,5.816795196943327,1.0,0.1447917970617519,0.1337772305355259,1,1,ON,100.0,esp32-irrigation
21.66046051,46.57276631,856.86,483.9404136,25.27601104658135,1.383608186149481,3.0788732528435183,0.0,0.5787331492236443,0.4895515553272979,1,1,ON,100.0,esp32-irrigation
32.95292274,45.9757584,854.39,616.0913126,44.9906983098181,2.7103314809031205,5.946496185117374,0.7441153424999998,0.2501550281696983,0.2501550281696983,1,1,ON,100.0,esp32-irrigation
38.97635466,53.18565872,856.18,709.3315189,58.900565904167,3.268858050716743,7.234711736754149,1.0,0.0183239015972167,0.0183239015972167,0,1,ON,100.0,esp32-irrigation
33.39555033,51.70092003,857.5,629.5774869,47.00260826059339,2.4839407995213847,6.022992075470078,0.7994437912499999,0.2166231956567768,0.2166231956567768,1,1,ON,100.0,esp32-irrigation
32.67296267,73.67754457,853.76,451.9133261,20.498109278279205,1.299962345302294,4.757888889666383,0.7091203337499996,0.6583648453620133,0.543144799791353,1,1,ON,100.0,esp32-irrigation
38.01839296,62.53712491,851.15,442.4263289,19.08280916090957,2.4842940495153782,7.007039873673377,1.0,0.6819531806515073,0.6819531806515073,1,1,ON,100.0,esp32-irrigation
26.9247091,57.4992787,855.52,580.9182877,39.74347569345481,1.5086149269613651,3.985359509640552,0.0,0.3376087384424198,0.2961347647929173,1,1,ON,100.0,esp32-irrigation
20.7085022,46.28363381,853.42,934.4261549,92.4808925379806,1.312195323693154,2.8969631397208686,0.0,0.0,0.0,0,0,OFF,0.0,esp32-irrigation
19.76653165,50.75139122,860.26,689.3850358,55.92488674274157,1.13503287558241,2.66444602680957,0.0,0.0679185542876405,0.0532317251384454,0,0,OFF,0.0,esp32-irrigation
21.65423092,60.13726891,855.34,533.1620499,32.61904975144315,1.0319345298968448,2.867092401474505,0.0,0.4563491708092808,0.3459052021666129,1,1,ON,100.0,esp32-irrigation
37.71880069,61.30742341,852.16,464.7600154,22.414618842981216,2.5245696772778894,6.959405322049055,1.0,0.6264230192836464,0.6264230192836464,1,1,ON,100.0,esp32-irrigation
25.97542209,68.78222978,854.94,984.5111369,99.95272787309126,1.04784291047494,3.495672783634292,0.0,0.0,0.0,0,0,OFF,0.0,esp32-irrigation
33.85227925,42.87269159,850.17,906.722272,88.34794004591444,3.0138456892025647,6.133898212730666,0.8565349062500003,0.0,0.0,0,0,OFF,0.0,esp32-irrigation
21.63330878,79.68005376,852.57,835.1718148,77.67381752451105,0.5253543055696286,2.5607660607345584,0.0,0.0,0.0,0,0,OFF,0.0,esp32-irrigation
19.29675729,72.71570212,858.29,970.6847054,97.89005728173144,0.6107334417561442,2.3206559364242154,0.0,0.0,0.0,0,0,OFF,0.0,esp32-irrigation
20.4236021,55.95193505,853.51,395.5105769,12.083769537277696,1.0572872884614253,2.7118830622586856,0.0,0.7986038410453717,0.6103903429361208,1,1,ON,100.0,esp32-irrigation
23.72082195,41.06579475,852.14,819.2370371,75.29661720773758,1.7292948412632123,3.6185000210524567,0.0,0.0,0.0,0,0,OFF,0.0,esp32-irrigation
37.9614675,74.51796741,854.39,712.6037811,59.388732283695845,1.6846087707104436,6.09743355548823,1.0,0.0101877952717359,0.0093845099531101,0,1,ON,100.0,esp32-irrigation
23.4870717,80.86874415,857.75,404.6772131,13.451277191833004,0.5535200398846443,2.812065600754372,0.0,0.7758120468027834,0.4952629021737077,1,1,ON,100.0,esp32-irrigation
27.96633666,67.15196496,856.04,638.4400957,48.32476015021776,1.2392012317536625,3.9433748517358818,0.1207920824999999,0.1945873308297039,0.1575768804268086,1,1,ON,100.0,esp32-irrigation
28.96822647,74.62873519,856.61,727.2654211,61.57600190920299,1.0144264766981357,3.9164770313295976,0.2460283087500001,0.0,0.0,0,0,OFF,0.0,esp32-irrigation
34.40843976,53.73678344,851.58,714.785717,59.71424035229345,2.517379598472053,6.250666411634499,0.92605497,0.0047626607951091,0.0047626607951091,0,1,ON,100.0,esp32-irrigation
28.19488422,54.95007211,850.66,664.6471346,52.23440874072018,1.722274408408829,4.364511626096124,0.1493605274999998,0.1294265209879969,0.1204402567107522,1,1,ON,100.0,esp32-irrigation
20.21041556,46.44460999,858.93,830.3600609,76.95598492523256,1.2686801333112865,2.800611423965793,0.0,0.0,0.0,0,0,OFF,0.0,esp32-irrigation
35.16636729,59.30880621,852.57,974.1785092,98.41127393479488,2.3090582823596684,6.215014862586621,1.0,0.0,0.0,0,0,OFF,0.0,esp32-irrigation
23.00983875,75.10687598,854.21,882.6977165,84.76388120178373,0.699773079011701,2.844674832663101,0.0,0.0,0.0,0,0,OFF,0.0,esp32-irrigation
28.27651469,38.53341989,857.53,548.0129099,34.83454781241442,2.3610644258990883,4.889703463506884,0.1595643362499998,0.4194242031264263,0.4194242031264263,1,1,ON,100.0,esp32-irrigation
28.70566694,55.54015959,855.55,863.7146276,81.93192422089538,1.750848895559601,4.476025098092291,0.2132083675,0.0,0.0,0,0,OFF,0.0,esp32-irrigation
32.7472818,79.45846972,854.81,546.757776,34.647302984727055,1.01871216441976,4.504635387037087,0.7184102250000004,0.4225449502545491,0.3188853953368874,1,1,ON,100.0,esp32-irrigation
28.89914371,63.97851039,859.54,631.1975551,47.24429513635286,1.4345161805347444,4.250428732905851,0.23739296375,0.2125950810607856,0.1825403114513409,1,1,ON,100.0,esp32-irrigation
31.76935889,49.05274944,852.18,465.2303676,22.48478746534205,2.3910332759702366,5.603147793172133,0.5961698612499999,0.6252535422442992,0.6252535422442992,1,1,ON,100.0,esp32-irrigation
20.73887144,71.8820072,857.43,914.8726825,89.56384395039338,0.6881578213827324,2.543708809817097,0.0,0.0,0.0,0,0,OFF,0.0,esp32-irrigation
29.08422536,52.63819033,854.25,681.0558144,54.68230726511533,1.90641508320326,4.670569801275654,0.2605281700000001,0.0886282122480777,0.0865546462808077,1,1,ON,100.0,esp32-irrigation
24.79513237,53.26658131,855.3,981.1269479,99.4478639010748,1.46244119105696,3.610417751225908,0.0,0.0,0.0,0,0,OFF,0.0,esp32-irrigation
26.24073757,81.08616223,858.27,659.4844488,51.46422301549593,0.6448812574522018,3.2378956491015534,0.0,0.1422629497417344,0.0940671523504445,1,0,OFF,0.0,esp32-irrigation
30.36494338,57.92610224,855.23,400.9027223,12.888186768210804,1.822933560357821,4.830301697138467,0.4206179224999999,0.7851968871964866,0.7504388828879858,1,1,ON,100.0,esp32-irrigation
23.32455848,67.01710011,856.15,954.1323803,95.42072929913536,0.9449810445439656,3.045193591755496,0.0,0.0,0.0,0,0,OFF,0.0,esp32-irrigation
30.03237107,48.18695187,856.68,390.2325436,11.29637590876784,2.202546591212448,5.095568256749377,0.37904638375,0.8117270681872026,0.8117270681872026,1,1,ON,100.0,esp32-irrigation
31.0499144,72.79029384,852.96,659.9432421,51.53266724475516,1.22589916786108,4.423221437109448,0.5062392999999998,0.141122212587414,0.1138115070381133,1,1,ON,100.0,esp32-irrigation
32.4438152,44.78310634,851.61,660.4390359,51.606631325120986,2.6920056195369826,5.841194751687136,0.6804769000000004,0.1398894779146502,0.1398894779146502,1,1,ON,100.0,esp32-irrigation
19.53476425,53.63320749,852.64,772.4942109,68.32337519950252,1.0533524851936356,2.588421855473005,0.0,0.0,0.0,0,0,OFF,0.0,esp32-irrigation
18.85065176,58.49150897,850.42,477.6616696,24.339328244552707,0.9036409596600334,2.4183038127308136,0.0,0.594344529257455,0.4314407798254518,1,1,ON,100.0,esp32-irrigation
21.58600692,65.0621897,860.15,477.4327266,24.30517380685867,0.9006779292970644,2.779185103999895,0.0,0.5949137698856889,0.4314133105355825,1,1,ON,100.0,esp32-irrigation
22.52197245,64.03483237,852.14,624.2431983,46.20682228927851,0.9815706870244326,2.9568099602401707,0.0,0.2298862951786914,0.1713555597633581,1,1,ON,100.0,esp32-irrigation
31.98223763,38.54015785,853.21,471.0011331,23.34568843508858,2.919345544575596,5.746216087408859,0.62277970375,0.6109051927485237,0.6109051927485237,1,1,ON,100.0,esp32-irrigation
33.83554035,65.40396796,852.85,918.7606344,90.14386085820878,1.8234686897037529,5.466809620457047,0.8544425437500003,0.0,0.0,0,0,OFF,0.0,esp32-irrigation
32.02993324,38.82512406,854.52,972.2591144,98.12493257425156,2.913651668730586,5.756008668424104,0.6287416549999998,0.0,0.0,0,0,OFF,0.0,esp32-irrigation
29.41087928,48.82563578,856.11,588.2749013,40.84095847668185,2.099058981271876,4.890521741648324,0.3013599099999999,0.3193173587219692,0.3193173587219692,1,1,ON,100.0,esp32-irrigation
36.97001733,53.82196283,855.31,913.8476455,89.41092570283574,2.89285775487768,6.797055603116203,1.0,0.0,0.0,0,0,OFF,0.0,esp32-irrigation
32.94288307,43.54830491,852.19,736.5987491,62.96837717140389,2.83051886834281,5.944414140699921,0.7428603837500001,0.0,0.0,0,1,ON,100.0,esp32-irrigation
20.3675225,67.3026329,854.74,532.9042822,32.58059515423254,0.7821245846232011,2.549400181194476,0.0,0.456990080762791,0.3178508346547757,1,1,ON,100.0,esp32-irrigation
20.71974191,58.03358695,855.82,878.4947815,84.1368741232113,1.025874440081517,2.7346486749794026,0.0,0.0,0.0,0,0,OFF,0.0,esp32-irrigation
22.07712242,77.07679427,854.33,715.8009932,59.8657024529698,0.6089286338792961,2.6671528374494287,0.0,0.0022382924505033,0.0014598863162785,0,0,OFF,0.0,esp32-irrigation
18.41424346,74.69443753,859.41,530.5036906,32.22246733975015,0.5360642011116497,2.1751445792892103,0.0,0.4629588776708307,0.2935233590619553,1,1,ON,100.0,esp32-irrigation
32.90428464,39.74171335,854.88,755.5915647,65.80178521202815,3.014845393483966,5.936411583190665,0.73803558,0.0,0.0,0,1,ON,100.0,esp32-irrigation
31.64161786,44.10637679,855.64,749.208881,64.8495963582417,2.6042657688854565,5.676427971273248,0.5802022325,0.0,0.0,0,1,ON,100.0,esp32-irrigation
21.16058153,62.84916989,856.72,581.7636089,39.86958337203356,0.9330959607033732,2.7409138587889608,0.0,0.3355069437994407,0.2460185154115183,1,1,ON,100.0,esp32-irrigation
37.64214802,68.09171348,856.02,748.649858,64.76619954670767,2.073284679902992,6.4687202340493775,1.0,0.0,0.0,0,1,ON,100.0,esp32-irrigation
21.15491454,75.7342195,855.51,714.2317546,59.63159849700353,0.6092577498015074,2.550665698281387,0.0,0.0061400250499411,0.0040052269863835,0,0,OFF,0.0,esp32-irrigation
25.39132507,69.05076648,851.31,688.7478073,55.82982298844413,1.0034891074795331,3.378506927332148,0.0,0.0695029501925978,0.05218783846029,0,0,OFF,0.0,esp32-irrigation
18.05903381,40.27384184,856.43,594.1529166,41.71785930932788,1.237324635727231,2.4819131349256622,0.0,0.3047023448445353,0.2466051018822671,1,1,ON,100.0,esp32-irrigation
25.12656589,59.33438249,852.96,840.8505258,78.52098551406291,1.2979399833415832,3.5471536211992083,0.0,0.0,0.0,0,0,OFF,0.0,esp32-irrigation
32.33731607,51.42813353,852.4,437.3748386,18.329211930536022,2.353871206233227,5.683181535080904,0.66716450875,0.6945131344910663,0.6945131344910663,1,1,ON,100.0,esp32-irrigation
28.62816569,74.45677482,855.63,414.8869839,14.974402950904278,1.001397561150397,3.854541776601667,0.2035207112499999,0.7504266174849287,0.5630821548854017,1,1,ON,100.0,esp32-irrigation
23.55873738,54.94503121,857.87,474.1143799,23.810132396497217,1.309204627410067,3.316642203835601,0.0,0.6031644600583798,0.4989986555786213,1,1,ON,100.0,esp32-irrigation
35.17175768,51.46068188,853.43,395.8953438,12.14117027507173,2.7552268612774804,6.412015110418307,1.0,0.7976471620821378,0.7976471620821378,1,1,ON,100.0,esp32-irrigation
26.53145526,46.24425971,855.19,702.8712441,57.93680176574393,1.864518219048788,4.186760511095837,0.0,0.0343866372376011,0.0332219465241328,0,1,ON,100.0,esp32-irrigation
27.77166914,56.95199053,858.52,636.1070932,47.97671549051515,1.6056765448192956,4.200329561437105,0.0964586425,0.2003880751580808,0.1806336456147446,1,1,ON,100.0,esp32-irrigation
30.61340185,75.6289218,854.53,705.0016859,58.25462778234581,1.0710244527324932,4.217293538588352,0.4516752312499998,0.0290895369609032,0.0223336698313998,0,0,OFF,0.0,esp32-irrigation
23.24606653,38.05607968,861.31,621.9671751,45.86727798098083,1.7663454277552704,3.565092776802761,0.0,0.2355453669836528,0.2217863039919545,1,1,ON,100.0,esp32-irrigation
31.41232779,47.16794059,855.24,561.0841303,36.78455363367516,2.429817347676553,5.5663781605691485,0.5515409737499999,0.386924106105414,0.386924106105414,1,1,ON,100.0,esp32-irrigation
20.87169188,40.86432039,850.69,430.491152,17.302281886442014,1.459156362531848,3.0054706686471846,0.0,0.7116286352259664,0.6154086803254394,1,1,ON,100.0,esp32-irrigation
36.55556494,66.53030954,855.1,539.1756985,33.51618478689985,2.049851759824195,6.224590094013953,1.0,0.4413969202183358,0.4413969202183358,1,1,ON,100.0,esp32-irrigation
29.79165004,45.24378815,854.98,782.0464773,69.74841238166444,2.295720472176406,5.128604446622059,0.348956255,0.0,0.0,0,0,OFF,0.0,esp32-irrigation
36.84568781,79.29065735,856.4,943.6113067,93.85116240805054,1.2885905247979812,5.4579731671548775,1.0,0.0,0.0,0,0,OFF,0.0,esp32-irrigation
18.37141443,51.08711839,857.08,636.2902138,48.00403399827993,1.0333754070977146,2.421833905157379,0.0,0.1999327666953345,0.1516177843916581,1,1,ON,100.0,esp32-irrigation
36.08277262,66.02262728,852.92,717.6168823,60.13660250724201,2.027780403267678,6.107085738039994,1.0,0.0,0.0,0,1,ON,100.0,esp32-irrigation
38.53524014,75.64068712,849.92,521.3477772,30.85655934626553,1.661039362309735,6.179637186035515,1.0,0.4857240108955745,0.4445636807769151,1,1,ON,100.0,esp32-irrigation
31.39100413,70.04853368,853.31,735.9341838,62.869235227197386,1.3758418917272648,4.613458283082426,0.5488755162499999,0.0,0.0,0,0,OFF,0.0,esp32-irrigation
29.69384527,75.03976512,851.91,606.6623871,43.58406151152543,1.0406225943962433,4.04888658708572,0.3367306587500001,0.2735989748079095,0.2079778061511446,1,1,ON,100.0,esp32-irrigation
25.62238417,59.1075928,853.07,608.6205718,43.87618967150226,1.344186879477123,3.656549082910914,0.0,0.268730172141629,0.224670978948916,1,1,ON,100.0,esp32-irrigation
31.29675672,64.32612136,855.32,925.4456799,91.1411569974731,1.6299582579920722,4.825635080369129,0.5370945900000001,0.0,0.0,0,0,OFF,0.0,esp32-irrigation
35.2758356,64.08274951,857.54,596.3647191,42.04782297136505,2.0505054847735744,5.971376255492522,1.0,0.2992029504772491,0.2992029504772491,1,1,ON,100.0,esp32-irrigation
26.66215361,73.76450148,855.39,768.0003276,67.65296353732394,0.9170042202842849,3.499043981252631,0.0,0.0,0.0,0,0,OFF,0.0,esp32-irrigation
30.1123302,68.29775513,851.0,802.0821591,72.73739848604747,1.3538379834288905,4.382172354634919,0.3890412749999998,0.0,0.0,0,0,OFF,0.0,esp32-irrigation
25.25559302,71.04840045,855.68,731.4005738,62.19289701081125,0.9311780584335856,3.3077800322699766,0.0,0.0,0.0,0,0,OFF,0.0,esp32-irrigation
34.87015478,47.40363284,856.41,327.6254788,1.9564568288288,2.9361683459928853,6.348113008308636,0.9837693475,0.9673923861861868,0.9673923861861868,1,1,ON,100.0,esp32-irrigation
38.85352296,60.67683643,851.41,968.6342009,97.58415656327048,2.727722335878006,7.207675741754096,1.0,0.0,0.0,0,0,OFF,0.0,esp32-irrigation
35.17145793,39.57614399,853.04,545.9384584,34.525074605083056,3.4297695749048454,6.411951503919915,1.0,0.4245820899152824,0.4245820899152824,1,1,ON,100.0,esp32-irrigation
28.24250359,72.62342941,854.25,536.8632114,33.17120067917335,1.0495169756667193,3.835139440620748,0.1553129487499998,0.4471466553471108,0.3408953290234026,1,1,ON,100.0,esp32-irrigation
25.01497262,64.55203422,852.64,621.8007422,45.84244899685251,1.1239146193348484,3.408369759923488,0.0,0.2359591833857915,0.1842790856362966,1,1,ON,100.0,esp32-irrigation
26.27249523,42.75389047,856.07,359.3367017,6.687236921428027,1.9555088807788603,4.209066486884176,0.0,0.8885460513095329,0.8786629492339616,1,1,ON,100.0,esp32-irrigation
34.17352417,69.48625345,853.2,687.5446453,55.65033149246111,1.638853306231754,5.346831666499517,0.89669052125,0.0724944751256482,0.0659491901236251,0,1,ON,100.0,esp32-irrigation
30.89979917,55.1827885,854.94,407.1107273,13.814316503458464,2.0019971858802523,5.085067983138109,0.4874748962500002,0.7697613916090256,0.7697613916090256,1,1,ON,100.0,esp32-irrigation
21.88008631,79.33967815,852.76,783.2240493,69.92408628086315,0.5422649506270899,2.601697175505334,0.0,0.0,0.0,0,0,OFF,0.0,esp32-irrigation
35.05311842,51.91809652,852.3,323.6802231,1.3678911596765797,2.711439434808511,6.38685510602663,1.0,0.9772018140053904,0.9772018140053904,1,1,ON,100.0,esp32-irrigation
31.0990177,51.53382038,855.67,689.2873474,55.91031327960346,2.1896922551131586,5.289449981798484,0.5123772125000001,0.0681614453399423,0.0681614453399423,0,1,ON,100.0,esp32-irrigation
22.55072348,75.54862619,853.96,377.3613754,9.37621450467843,0.6684988812607626,2.7648999141580552,0.0,0.8437297582553595,0.56287297899771,1,1,ON,100.0,esp32-irrigation
35.01095861,68.68755054,857.72,786.3846862,70.3956000466238,1.7616658781736751,5.624475561235016,1.0,0.0,0.0,0,0,OFF,0.0,esp32-irrigation
29.07731908,47.82603725,853.11,885.0942172,85.12139872292165,2.099277132913842,4.828533464522808,0.2596648849999998,0.0,0.0,0,0,OFF,0.0,esp32-irrigation
33.90801008,41.29684387,854.09,952.0147367,95.10481255831172,3.1066156211867706,6.14556892527858,0.8635012599999996,0.0,0.0,0,0,OFF,0.0,esp32-irrigation
18.98916504,56.31016394,857.65,823.6850657,75.96018812137119,0.9593887869148124,2.465531248040195,0.0,0.0,0.0,0,0,OFF,0.0,esp32-irrigation
18.38772107,47.74632561,851.85,378.639245,9.566851115687774,1.1050849650532233,2.4603399706630262,0.0,0.8405524814052038,0.6524967180873693,1,1,ON,100.0,esp32-irrigation
36.5241625,72.37280618,848.82,523.0670748,31.113049576395813,1.6891266378641987,5.831569330316781,1.0,0.4814491737267364,0.4440317428932529,1,1,ON,100.0,esp32-irrigation
37.53191271,69.29236526,849.28,867.927009,82.56034054316706,1.9833772695258207,6.34687071880342,1.0,0.0,0.0,0,0,OFF,0.0,esp32-irrigation
27.6568748,51.88971383,857.44,328.2733297,2.0531052662087537,1.7825176727733347,4.319137558363752,0.08210935,0.9657815788965208,0.9132714725537562,1,1,ON,100.0,esp32-irrigation
28.02453568,57.0376537,852.86,700.8614187,57.63696968352169,1.626268202540048,4.259134077775361,0.1280669599999999,0.0393838386079718,0.0357040904095143,0,1,ON,100.0,esp32-irrigation
28.92860354,66.45325356,860.52,630.7639933,47.17961502171901,1.3382400967983883,4.176257160463445,0.2410754425000001,0.2136730829713498,0.1783230132953722,1,1,ON,100.0,esp32-irrigation
30.16692857,66.57074743,852.57,818.234678,75.1470821207159,1.432062521899108,4.458442873600753,0.3958660712499999,0.0,0.0,0,0,OFF,0.0,esp32-irrigation
32.13554839,63.1229009,854.21,889.9257102,85.84217606329766,1.766898690388058,5.100007211025432,0.6419435487499996,0.0,0.0,0,0,OFF,0.0,esp32-irrigation
25.19215304,46.48676344,858.43,369.690719,8.231881827609431,1.7146799331971687,3.850877187554131,0.0,0.8628019695398429,0.8012582906431623,1,1,ON,100.0,esp32-irrigation
33.99340104,71.01263397,858.54,837.8957936,78.08018925985346,1.541346983416458,5.21808417487761,0.8741751300000002,0.0,0.0,0,0,OFF,0.0,esp32-irrigation
20.29012438,48.46842694,860.32,640.6866709,48.65991131314207,1.2267641802743277,2.7885273467789093,0.0,0.1890014781142988,0.1524657998995304,1,1,ON,100.0,esp32-irrigation
29.20288102,52.63509759,857.12,393.4598036,11.777828718386289,1.919643521183448,4.702904735498576,0.2753601274999999,0.8037028546935618,0.7875571718390654,1,1,ON,100.0,esp32-irrigation
33.7508084,63.97619937,856.11,967.727021,97.44882060902933,1.8897724653765304,5.515847527835338,0.8438510499999996,0.0,0.0,0,0,OFF,0.0,esp32-irrigation
31.94056071,46.56752637,855.25,603.6224168,43.13054916913849,2.532073065659988,5.737663334133322,0.61757008875,0.2811575138476918,0.2811575138476918,1,1,ON,100.0,esp32-irrigation
30.30262754,70.15445451,855.91,369.8831715,8.260592497602891,1.288514132352556,4.356969548528987,0.4128284424999999,0.8623234583732852,0.7089407198799198,1,1,ON,100.0,esp32-irrigation
37.72149571,49.61790901,851.7,448.7873565,20.03176728950177,3.2877540074232487,6.95999178227,1.0,0.6661372118416371,0.6661372118416371,1,1,ON,100.0,esp32-irrigation
21.14271796,79.11290148,853.02,790.6639743,71.03399772109432,0.5240345575258315,2.499296590477301,0.0,0.0,0.0,0,0,OFF,0.0,esp32-irrigation
18.67475018,47.96938199,855.35,822.0259387,75.71267433082942,1.12032283226184,2.5069783068352995,0.0,0.0,0.0,0,0,OFF,0.0,esp32-irrigation
20.19153474,73.74696145,854.75,796.7709746,71.94505925712667,0.621186098438997,2.436934743273996,0.0,0.0,0.0,0,0,OFF,0.0,esp32-irrigation
31.65832788,75.05305502,852.67,505.9112418,28.553688384798345,1.163460293782853,4.465231362409822,0.5822909850000002,0.5241051935866943,0.4144964924192207,1,1,ON,100.0,esp32-irrigation
26.61647493,79.64706401,856.15,618.1118585,45.29212970998977,0.7094831021078641,3.3371596157925434,0.0,0.2451311715001704,0.1660446917449041,1,1,ON,100.0,esp32-irrigation
30.39232542,63.52258189,856.34,860.0640796,81.38732397447986,1.5829323214962652,4.626994894160012,0.4240406774999998,0.0,0.0,0,0,OFF,0.0,esp32-irrigation
32.79448245,51.71232505,853.89,832.4840144,77.27284299680842,2.401080747895994,5.820068237238128,0.7243103062499996,0.0,0.0,0,0,OFF,0.0,esp32-irrigation
25.54675721,79.97853667,858.23,496.8199462,27.19742027820272,0.6551867359711293,3.151823768938548,0.0,0.5467096620299547,0.3629040607622987,1,1,ON,100.0,esp32-irrigation
26.91064859,50.99813383,851.52,866.193721,82.30176318110824,1.7379458890363246,4.156769789019701,0.0,0.0,0.0,0,0,OFF,0.0,esp32-irrigation
38.77958164,44.31105783,852.46,634.4183693,47.72478634122912,3.8476409281991377,7.191415948529936,1.0,0.204586894312848,0.204586894312848,1,1,ON,100.0,esp32-irrigation
18.23106961,62.72107998,853.62,442.0967371,19.033639618282944,0.78068320685663,2.2762503514501864,0.0,0.6827726730286175,0.4746436264978224,1,1,ON,100.0,esp32-irrigation
29.77581797,48.43456102,849.36,919.9537556,90.3218544360288,2.159977926439018,5.010453926628276,0.3469772462499998,0.0,0.0,0,0,OFF,0.0,esp32-irrigation
20.54039819,77.23720305,854.93,577.4110444,39.22025409345964,0.5503259887600731,2.4402567733305944,0.0,0.3463290984423394,0.2208130251053359,1,1,ON,100.0,esp32-irrigation
18.85151112,62.90551203,855.03,938.1575067,93.03754734973572,0.8075913413922066,2.3685003356816523,0.0,0.0,0.0,0,0,OFF,0.0,esp32-irrigation
38.03190689,57.58098304,856.82,589.3729598,41.00477030155819,2.815009017291816,7.027641986771689,1.0,0.3165871616406968,0.3165871616406968,1,1,ON,100.0,esp32-irrigation
23.33581927,68.31792239,856.38,389.8997079,11.246722430924,0.9083285455113144,3.0229773481371978,0.0,0.8125546261512666,0.5907939535057508,1,1,ON,100.0,esp32-irrigation
27.77264397,40.37183393,851.71,778.3433044,69.1959613869482,2.2242373754071254,4.685634550640591,0.09658049625,0.0,0.0,0,0,OFF,0.0,esp32-irrigation
31.02832649,79.77230005,858.51,861.4155238,81.58893667600763,0.9102146051073609,4.139329824331193,0.5035408112500002,0.0,0.0,0,0,OFF,0.0,esp32-irrigation
31.98420426,51.2495242,856.81,634.906514,47.79760930476951,2.315907403522597,5.577354140582012,0.6230255324999998,0.2033731782538415,0.2033731782538415,1,1,ON,100.0,esp32-irrigation
19.99263307,79.51140935,856.66,382.3123259,10.114812891082645,0.4788624443218679,2.3336665822624614,0.0,0.8314197851486226,0.5152438202177693,1,1,ON,100.0,esp32-irrigation
22.31777601,46.84797898,854.36,775.0509828,68.70480248295922,1.4327534548073442,3.207716338401342,0.0,0.0,0.0,0,0,OFF,0.0,esp32-irrigation
38.43627208,41.75538957,850.59,366.841065,7.806761470172956,3.9505239896799695,7.116070960929993,1.0,0.8698873088304507,0.8698873088304507,1,1,ON,100.0,esp32-irrigation
21.71739016,41.59180299,854.06,386.5201057,10.742542732175623,1.5178709126362384,3.168110316754706,0.0,0.8209576211304063,0.7220057339704243,1,1,ON,100.0,esp32-irrigation
18.70535639,53.57470499,858.08,717.5137564,60.1212178607309,1.0015442373085754,2.449894953463408,0.0,0.0,0.0,0,0,OFF,0.0,esp32-irrigation
38.04933379,71.13208441,857.75,715.9999024,59.895376353801765,1.9175369459575888,6.376156752218371,1.0,0.0017437274366372,0.0017077791641765,0,1,ON,100.0,esp32-irrigation
27.51723525,61.72892533,858.16,830.7254622,77.01049664183526,1.406450517270219,4.003038425674156,0.0646544062499998,0.0,0.0,0,0,OFF,0.0,esp32-irrigation
30.47158501,48.34749426,852.72,950.9005329,94.93859212673895,2.251633251646457,5.222538312656848,0.4339481262499998,0.0,0.0,0,0,OFF,0.0,esp32-irrigation
26.52609749,64.91045536,851.62,805.281461,73.21468041826633,1.216697228409919,3.7028572008046328,0.0,0.0,0.0,0,0,OFF,0.0,esp32-irrigation
37.34241969,76.45659573,853.47,812.3085553,74.26300447464503,1.505081520001816,5.782819070191001,1.0,0.0,0.0,0,0,OFF,0.0,esp32-irrigation
35.00760834,56.42931733,848.98,700.8304088,57.63234352898783,2.450870990156299,6.327082761144879,1.0,0.0394609411835362,0.0394609411835362,0,1,ON,100.0,esp32-irrigation
36.84630434,78.54995112,853.99,627.9927702,46.76619523292773,1.3347241125421294,5.5080548677230485,1.0,0.2205634127845378,0.1838795327392953,1,1,ON,100.0,esp32-irrigation
31.16051634,77.86025913,853.49,929.978191,91.81733127649672,1.0037739043959368,4.242872040103228,0.5200645425000001,0.0,0.0,0,0,OFF,0.0,esp32-irrigation
22.60234037,54.66066515,853.72,479.3301948,24.58824408816593,1.2434629683394418,3.132262577293487,0.0,0.5901959318639013,0.478569662266288,1,1,ON,100.0,esp32-irrigation
25.42587483,73.62423687,850.56,949.1091416,94.67134673141568,0.8569565147454732,3.279207938801774,0.0,0.0,0.0,0,0,OFF,0.0,esp32-irrigation
20.08526132,59.99937374,856.47,956.6328537,95.79375779507504,0.9402751375935592,2.600641269727124,0.0,0.0,0.0,0,0,OFF,0.0,esp32-irrigation
26.91592163,48.28636202,853.04,549.8334615,35.106143433119094,1.8346919727163349,4.230962129939496,0.0,0.4148976094480151,0.3977511331123751,1,1,ON,100.0,esp32-irrigation
30.21643669,79.87300727,851.05,567.0390867,37.67293278191093,0.8646606410276185,3.97763034997514,0.4020545862499998,0.3721177869681512,0.2664977945384906,1,1,ON,100.0,esp32-irrigation
24.1796707,58.4265019,847.52,858.7041619,81.18444716953856,1.2539600009334533,3.373270341546455,0.0,0.0,0.0,0,0,OFF,0.0,esp32-irrigation
21.2696214,48.30616759,854.98,876.8132003,83.88601054440402,1.3070748534220054,2.9757165774882828,0.0,0.0,0.0,0,0,OFF,0.0,esp32-irrigation
32.90367743,59.75512728,858.08,723.4501592,61.00682912449236,2.013464711870972,5.4741717201438185,0.7379596787500002,0.0,0.0,0,1,ON,100.0,esp32-irrigation
34.12271479,70.140097,857.66,776.9055608,68.9814742691669,1.5992105894451305,5.298366244996468,0.8903393487500004,0.0,0.0,0,0,OFF,0.0,esp32-irrigation
36.29114257,78.41652317,852.1,921.0419215,90.48419045168475,1.3028993660006023,5.3770023303180245,1.0,0.0,0.0,0,0,OFF,0.0,esp32-irrigation
28.10468596,75.96087403,852.72,518.2972697,30.40147503120039,0.9142156211432194,3.706791070448366,0.1380857450000001,0.4933087494799935,0.359402015945306,1,1,ON,100.0,esp32-irrigation
25.00396861,43.60686182,855.77,463.3281481,22.20100837013869,1.7868316010199865,3.8701065702519415,0.0,0.6299831938310217,0.5964100666277031,1,1,ON,100.0,esp32-irrigation
30.19343209,74.8941674,851.48,577.5904212,39.247014089351005,1.077132820139061,4.1571950152261685,0.3991790112500002,0.3458830985108166,0.2660820585897565,1,1,ON,100.0,esp32-irrigation
22.75695999,51.82283819,855.62,882.4578467,84.72809666965661,1.333737855974657,3.2120238783259056,0.0,0.0,0.0,0,0,OFF,0.0,esp32-irrigation
20.56517212,49.27816848,857.05,965.9619649,97.185503981773,1.228153065216315,2.828425025008257,0.0,0.0,0.0,0,0,OFF,0.0,esp32-irrigation
18.41849316,57.7958344,858.46,775.3692788,68.75228688257076,0.8942764575393467,2.3574831115522,0.0,0.0,0.0,0,0,OFF,0.0,esp32-irrigation
33.19251835,66.17256015,853.37,966.0638879,97.20070917587412,1.7200312580228665,5.24794736825565,0.77406479375,0.0,0.0,0,0,OFF,0.0,esp32-irrigation
23.88017864,76.68392001,854.23,779.5082448,69.36975086428133,0.6907445960509235,2.9537739307198816,0.0,0.0,0.0,0,0,OFF,0.0,esp32-irrigation
22.08566886,39.35034206,852.75,652.5183556,50.42499929531102,1.6119274481004795,3.2822086875041965,0.0,0.1595833450781497,0.1441008660868648,1,1,ON,100.0,esp32-irrigation
19.64370139,52.07902279,853.18,454.952273,20.951468946631383,1.096050038798432,2.6263429082363308,0.0,0.650808850889477,0.5037341920116821,1,1,ON,100.0,esp32-irrigation
30.17321403,63.99941095,853.41,921.9499489,90.61965283864478,1.5427703801239985,4.554762698245028,0.39665175375,0.0,0.0,0,0,OFF,0.0,esp32-irrigation
21.75881923,56.25280443,855.91,870.5303177,82.9487103329947,1.139751417335246,2.946597820666446,0.0,0.0,0.0,0,0,OFF,0.0,esp32-irrigation
37.56160538,75.23121858,855.38,566.0394613,37.5238055168638,1.602371434703216,5.930619924716549,1.0,0.3746032413856033,0.3373650040286827,1,1,ON,100.0,esp32-irrigation
23.44207459,57.65934271,852.78,922.8566098,90.7549113668316,1.2217143953368048,3.242035733186386,0.0,0.0,0.0,0,0,OFF,0.0,esp32-irrigation
32.04118473,58.11991423,857.49,369.1531004,8.151678191871026,1.995943075706184,5.29391615910285,0.6301480912499997,0.8641386968021495,0.8632622604840785,1,1,ON,100.0,esp32-irrigation
30.97897523,48.3893111,853.2,375.1969616,9.053320438136868,2.3158839104881173,5.378155938076427,0.4973719037499999,0.8491113260310522,0.8491113260310522,1,1,ON,100.0,esp32-irrigation
30.26308373,70.45657904,853.92,569.4680833,38.03529814374222,1.2725870131195325,4.336793972791275,0.4078854662500002,0.366078364270963,0.2995058251742987,1,1,ON,100.0,esp32-irrigation
28.85199369,79.58379808,852.27,920.9165883,90.46549285022766,0.8108383412221725,3.732294470155404,0.23149921125,0.0,0.0,0,0,OFF,0.0,esp32-irrigation
26.25440613,75.33066077,848.39,688.1000572,55.73318958872561,0.8417979487733458,3.384903721252835,0.0,0.0711135068545732,0.0505225544773513,0,0,OFF,0.0,esp32-irrigation
37.96377818,78.34920411,855.25,556.2812505,36.06804490057971,1.4315058723039138,5.813879137527818,1.0,0.3988659183236715,0.342177685247393,1,1,ON,100.0,esp32-irrigation
37.90100005,55.21881004,854.89,945.650054,94.15530915039142,2.950801029017696,6.999087846620057,1.0,0.0,0.0,0,0,OFF,0.0,esp32-irrigation
29.89153246,43.19861206,853.31,845.0687385,79.15027176803167,2.395165890712693,5.232654729829791,0.3614415575,0.0,0.0,0,0,OFF,0.0,esp32-irrigation
32.54629878,57.29781218,853.86,568.7311679,37.92536278378327,2.0939195910075643,5.481452863841706,0.6932873475000001,0.3679106202702788,0.3679106202702788,1,1,ON,100.0,esp32-irrigation
31.46659029,54.6468595,855.11,703.3990365,58.015539498023095,2.092284317304544,5.272700909661707,0.5583237862499999,0.033074341699615,0.033074341699615,0,1,ON,100.0,esp32-irrigation
30.50524479,56.45939719,850.03,533.5651568,32.67918650819084,1.901674185215212,4.92415552746352,0.4381555987499999,0.4553468915301527,0.444153803000297,1,1,ON,100.0,esp32-irrigation
26.49668735,71.28493693,853.1,912.0305599,89.13984715092569,0.9939452112095776,3.53248075640868,0.0,0.0,0.0,0,0,OFF,0.0,esp32-irrigation
30.24308677,61.60341623,855.96,652.0874552,50.36071621671008,1.6520458816073975,4.660959499232259,0.4053858462500002,0.1606547297214987,0.1466796110100373,1,1,ON,100.0,esp32-irrigation
37.79162365,63.76465412,849.93,597.3467857,42.19433075933456,2.373587803377178,6.834176383592978,1.0,0.2967611540110907,0.2967611540110907,1,1,ON,100.0,esp32-irrigation
18.31229088,55.69426101,856.14,913.1802353,89.31135934748848,0.9325769778045034,2.3631125384249074,0.0,0.0,0.0,0,0,OFF,0.0,esp32-irrigation
35.09504407,67.75074416,850.0,890.0421705,85.85954997759153,1.822819974276976,5.702771795069334,1.0,0.0,0.0,0,0,OFF,0.0,esp32-irrigation
38.84043525,60.46592322,854.11,382.1318771,10.08789297085549,2.7404245490550214,7.204796908354026,1.0,0.8318684504857418,0.8318684504857418,1,1,ON,100.0,esp32-irrigation
29.16231992,46.28767143,854.01,800.757959,72.53985014515084,2.1718075067436207,4.904423489888299,0.2702899900000002,0.0,0.0,0,0,OFF,0.0,esp32-irrigation
27.52283836,58.87695001,850.26,695.7229392,56.87039513035841,1.5117546667661717,4.085708748194637,0.0653547950000001,0.0521600811606931,0.0457933521087416,0,1,ON,100.0,esp32-irrigation
33.71881682,77.86846116,856.47,471.7432182,23.4563950271732,1.1589281042255335,4.795808304391546,0.8398521025000001,0.6090600828804468,0.480994253243244,1,1,ON,100.0,esp32-irrigation
26.05486384,68.1064194,852.64,627.1721686,46.64377530212035,1.07556542664861,3.527633669980641,0.0,0.2226037449646608,0.1711580954639538,1,1,ON,100.0,esp32-irrigation
19.23394271,61.05262138,853.27,956.3223013,95.74742861009652,0.8683978824370931,2.4496190724288334,0.0,0.0,0.0,0,0,OFF,0.0,esp32-irrigation
24.2811075,41.16005328,855.19,809.4209958,73.83222925535206,1.7855783424535936,3.748499941743362,0.0,0.0,0.0,0,0,OFF,0.0,esp32-irrigation
29.48061147,73.52634484,856.93,377.0564505,9.330724847871226,1.090260705102978,4.057823773293912,0.3100764337499999,0.8444879192021463,0.6524219581611428,1,1,ON,100.0,esp32-irrigation
37.40756856,42.73632489,850.57,910.6795085,88.93829304853885,3.6737269245413775,6.891781151799271,1.0,0.0,0.0,0,0,OFF,0.0,esp32-irrigation
22.28058393,59.92074605,855.08,519.4193668,30.5688730101236,1.0779263024670107,2.9828475413590745,0.0,0.4905187831646067,0.3774451661391138,1,1,ON,100.0,esp32-irrigation
24.32216737,77.54725869,855.75,843.8192554,78.96386994448298,0.6830364235659068,3.0073657221191463,0.0,0.0,0.0,0,0,OFF,0.0,esp32-irrigation
19.78504573,67.3458458,856.96,403.1280473,13.220167759381074,0.7534449313150289,2.458677509635974,0.0,0.7796638706769822,0.5366903832112482,1,1,ON,100.0,esp32-irrigation
31.85845796,70.48824338,854.22,608.87365,43.91394467433537,1.392033164190453,4.70666814079382,0.6073072449999999,0.2681009220944105,0.2273518047735703,1,1,ON,100.0,esp32-irrigation
23.67640818,64.17415196,853.84,779.6839843,69.39596823630463,1.048425735552199,3.1625028583525787,0.0,0.0,0.0,0,0,OFF,0.0,esp32-irrigation
33.85975468,53.69886136,851.47,512.7347341,29.57163845366321,2.443711186449419,6.080205995587728,0.8574693350000002,0.5071393591056131,0.5071393591056131,1,1,ON,100.0,esp32-irrigation
37.45750356,71.88129158,853.32,617.0083493,45.12750473252287,1.808841518894031,6.139288855700914,1.0,0.2478749211246189,0.2360290727680078,1,1,ON,100.0,esp32-irrigation
26.01715933,72.90003735,851.8,750.8794452,65.09881638629582,0.911873369443096,3.402575178887849,0.0,0.0,0.0,0,0,OFF,0.0,esp32-irrigation
32.7822817,79.39622136,846.36,586.2697663,40.54182612310194,1.023810705865458,4.514984865225643,0.7227852124999998,0.3243028979483009,0.2451576436898163,1,1,ON,100.0,esp32-irrigation
35.49790239,71.1491586,854.43,659.0589347,51.40074348209073,1.6673687502041696,5.617886498918414,1.0,0.1433209419651544,0.1314026859532082,1,1,ON,100.0,esp32-irrigation
26.93286404,50.31058035,856.63,423.6605457,16.28327052865477,1.7646310423905718,4.1807821234637705,0.0,0.7286121578557538,0.6857389868317375,1,1,ON,100.0,esp32-irrigation
36.55190734,41.65580238,847.31,646.2745056,49.4935220900855,3.572577248109445,6.706916947139787,1.0,0.1751079651652416,0.1751079651652416,1,1,ON,100.0,esp32-irrigation
24.17474745,69.11859986,852.17,852.1557502,80.20753449082557,0.9311849232261592,3.1549898194960084,0.0,0.0,0.0,0,0,OFF,0.0,esp32-irrigation
18.71531892,48.28415874,856.9,731.4115957,62.194541292561816,1.1163736996267242,2.5104540133705724,0.0,0.0,0.0,0,0,OFF,0.0,esp32-irrigation
30.05533821,69.97060658,859.14,800.8784204,72.55782095614238,1.2782165864716368,4.308025604148136,0.3819172762499998,0.0,0.0,0,0,OFF,0.0,esp32-irrigation
31.18727889,60.49409555,853.91,664.1839324,52.1653067778751,1.7938503869771814,4.952866926107587,0.5234098612500002,0.1305782203687483,0.1238485579691918,1,1,ON,100.0,esp32-irrigation
21.65127494,55.7252783,853.18,787.1629361,70.51170181745735,1.1459415783574909,2.935027042424443,0.0,0.0,0.0,0,0,OFF,0.0,esp32-irrigation
36.02080861,51.48634067,852.82,662.5876169,51.92716340470018,2.885487630864643,6.5929542869832405,1.0,0.1345472765883303,0.1345472765883303,1,1,ON,100.0,esp32-irrigation
37.72111925,54.80628439,856.51,740.9174342,63.61265221439774,2.949119140236661,6.959909860323155,1.0,0.0,0.0,0,1,ON,100.0,esp32-irrigation
20.08994075,46.80082745,853.57,503.5846424,28.206598959717443,1.2508889493018784,2.773534450204896,0.0,0.5298900173380426,0.4306534004274059,1,1,ON,100.0,esp32-irrigation
34.15348078,49.62560409,851.5,506.6274006,28.66052720980562,2.7025286827329458,6.1970536051756655,0.8941850975000003,0.5223245465032397,0.5223245465032397,1,1,ON,100.0,esp32-irrigation
36.09354546,69.93111448,852.06,379.1896263,9.64895873120262,1.7955809665220612,5.863699125359933,1.0,0.839184021146623,0.7962977245183923,1,1,ON,100.0,esp32-irrigation
22.9634073,47.21001228,852.46,614.1447999,44.70031141555701,1.479822427000688,3.3361739414538363,0.0,0.2549948097407165,0.2218341644261297,1,1,ON,100.0,esp32-irrigation
38.87274949,70.23262977,853.24,413.439804,14.758508096173529,2.0670018558171663,6.712266870146657,1.0,0.7540248650637745,0.7540248650637745,1,1,ON,100.0,esp32-irrigation
29.25138974,70.71133193,858.15,778.3215079,69.19270971643985,1.1903616884485664,4.105608679434334,0.2814237175,0.0,0.0,0,0,OFF,0.0,esp32-irrigation
32.79551925,39.3070488,854.47,958.2870206,96.04053162227916,3.018102753832646,5.91387894337262,0.7244399062499998,0.0,0.0,0,0,OFF,0.0,esp32-irrigation
25.14303434,61.0931033,853.95,955.4524882,95.61766715274943,1.2430237155681008,3.511060405624056,0.0,0.0,0.0,0,0,OFF,0.0,esp32-irrigation
29.05672935,50.58046616,853.38,814.3809156,74.57216571017508,1.9860862430457624,4.731339448414931,0.2570911687500001,0.0,0.0,0,0,OFF,0.0,esp32-irrigation
22.61640483,80.10841303,850.98,858.0030916,81.07985929447578,0.5460063583972266,2.6965438007710234,0.0,0.0,0.0,0,0,OFF,0.0,esp32-irrigation
35.10280421,75.47179027,855.6,612.0839541,44.39286794939676,1.3869987492718074,5.258140167068087,1.0,0.260118867510054,0.220255569729638,1,1,ON,100.0,esp32-irrigation
38.64204198,78.29800327,852.77,781.3465069,69.64398859314731,1.4883736380735604,6.002087515099959,1.0,0.0,0.0,0,0,OFF,0.0,esp32-irrigation
38.93488886,60.17567916,852.48,500.7772078,27.787777025324168,2.7745879010681174,7.225581356846956,1.0,0.5368703829112639,0.5368703829112639,1,1,ON,100.0,esp32-irrigation
28.05593214,65.69814377,862.22,579.6039334,39.54739618000716,1.3008148547285363,4.006290398661551,0.1319915174999999,0.3408767303332141,0.2812927437787916,1,1,ON,100.0,esp32-irrigation
21.75547582,45.25242536,855.74,689.2348739,55.902485117631535,1.4260545493433143,3.1186228079712137,0.0,0.068291914706141,0.058492956265585,0,1,ON,100.0,esp32-irrigation
37.96583119,58.17393299,851.16,699.0279507,57.363447153590585,2.765760189892193,7.01322469184157,1.0,0.0439425474401569,0.0439425474401569,0,1,ON,100.0,esp32-irrigation
27.35740702,53.24583323,853.25,596.0269035,41.99742657635723,1.7022185613442709,4.205453343447393,0.0446758775,0.3000428903940462,0.2777060895040556,1,1,ON,100.0,esp32-irrigation
36.58543299,47.51758222,856.08,502.5446105,28.05144372575804,3.219536399566824,6.714130951499329,1.0,0.5324759379040327,0.5324759379040327,1,1,ON,100.0,esp32-irrigation
21.7526806,71.81692789,855.27,556.6006546,36.115694610038695,0.7339820739628955,2.701277998641471,0.0,0.3980717564993551,0.2720802616050399,1,1,ON,100.0,esp32-irrigation
25.96604941,66.56851557,850.89,749.5675583,64.90310496735016,1.1215258401231656,3.547957397363437,0.0,0.0,0.0,0,0,OFF,0.0,esp32-irrigation
29.89236215,67.17688678,856.31,686.9389477,55.5599716171182,1.38413071380694,4.371887441511329,0.36154526875,0.0740004730480299,0.0626068184195202,0,1,ON,100.0,esp32-irrigation
20.93929387,73.96846842,853.42,560.3871763,36.68057984120885,0.644995453035979,2.544276146300175,0.0,0.3886570026465191,0.2569990011976589,1,1,ON,100.0,esp32-irrigation
33.58764565,54.17597675,858.25,579.0458045,39.4641327531267,2.382089753827975,5.963896595669046,0.8234557062499999,0.342264454114555,0.342264454114555,1,1,ON,100.0,esp32-irrigation
31.53475002,63.58550902,856.52,662.9145114,51.97593055561887,1.6864231011699935,4.918514742450583,0.5668437525000001,0.1337344907396855,0.1232504790214953,1,1,ON,100.0,esp32-irrigation
21.36367169,47.6595957,853.92,711.46649,59.21906761600589,1.331072085138889,3.003653318826106,0.0,0.013015539733235,0.0108389252695988,0,0,OFF,0.0,esp32-irrigation
18.0418529,72.03049538,858.64,461.4114943,21.915075920606927,0.5788084757600149,2.152149780293484,0.0,0.6347487346565512,0.4092238542275647,1,1,ON,100.0,esp32-irrigation
26.52973027,38.46631254,854.59,601.5291227,42.81826496340276,2.134079619796052,4.387459763272692,0.0,0.2863622506099539,0.2863622506099539,1,1,ON,100.0,esp32-irrigation
27.29019591,50.65531449,856.46,873.8092644,83.43787392728339,1.7894810806529102,4.26115794629344,0.0362744887500001,0.0,0.0,0,0,OFF,0.0,esp32-irrigation
20.20750976,77.32392626,856.39,890.629467,85.94716471889035,0.5370798023774132,2.3919961815424027,0.0,0.0,0.0,0,0,OFF,0.0,esp32-irrigation
37.37722111,79.73774727,851.0,594.1937047,41.72394420652984,1.2977754757194797,5.560789537462455,1.0,0.3046009298911694,0.2511263691191117,1,1,ON,100.0,esp32-irrigation
22.56823682,65.57500466,853.28,691.4969785,56.23995300535076,0.9421778938646456,2.938570843370491,0.0,0.0626674499108206,0.0460946964481215,0,0,OFF,0.0,esp32-irrigation
28.19131117,47.32842254,856.79,816.6570643,74.91172874095797,2.0132344464934384,4.595923757721748,0.1489138962499998,0.0,0.0,0,0,OFF,0.0,esp32-irrigation
25.00097293,63.22575853,853.76,438.997521,18.57128880088376,1.1649937396147954,3.4350112607909846,0.0,0.6904785199852709,0.5463400482729679,1,1,ON,100.0,esp32-irrigation
18.02308482,43.58677896,854.43,808.9722413,73.76528264588957,1.1660539296764518,2.441559335250543,0.0,0.0,0.0,0,0,OFF,0.0,esp32-irrigation
24.43816379,68.09417311,852.28,931.9886693,92.11726076039696,0.9773709496797272,3.223532829306285,0.0,0.0,0.0,0,0,OFF,0.0,esp32-irrigation
31.31916242,69.53390368,854.9,462.4134864,22.06455625741292,1.3937846269815422,4.617553098230723,0.5398953025000002,0.6322573957097847,0.5364363574638132,1,1,ON,100.0,esp32-irrigation
19.39718741,40.6394571,860.43,409.4435179,14.162329551251794,1.337058809265868,2.7215689531930654,0.0,0.7639611741458034,0.6373458415300873,1,1,ON,100.0,esp32-irrigation
30.57580061,60.2918971,851.26,738.0729691,63.18830595340339,1.741290707004788,4.796943685229945,0.4469750762500002,0.0,0.0,0,0,OFF,0.0,esp32-irrigation
22.51616591,52.69807052,854.96,959.4791588,96.21837855306364,1.29052153737885,3.1490170962413133,0.0,0.0,0.0,0,0,OFF,0.0,esp32-irrigation
28.35694127,55.93842284,857.73,813.3407335,74.4169880689067,1.7004260025249138,4.374921460335059,0.16961765875,0.0,0.0,0,0,OFF,0.0,esp32-irrigation
22.08664291,75.37759171,854.75,368.0173505,7.982243445250404,0.6544454161416936,2.696228357462245,0.0,0.8669626092458266,0.5753262310197066,1,1,ON,100.0,esp32-irrigation
30.57818007,42.49050933,855.06,952.0394445,95.10849854572191,2.5222648205840184,5.460198871111516,0.4472725087499998,0.0,0.0,0,0,OFF,0.0,esp32-irrigation
32.57947349,71.81445992,851.03,558.1693318,36.34971481458509,1.3846722869186665,4.821825458842514,0.6974341862499998,0.3941714197569151,0.3335352701866539,1,1,ON,100.0,esp32-irrigation
22.76198712,48.95790476,855.94,548.9888993,34.98014898455048,1.413481266310803,3.2631723698045407,0.0,0.4169975169241586,0.3558533030296844,1,1,ON,100.0,esp32-irrigation
18.10828862,53.20645496,854.96,879.2699819,84.25252096003179,0.9724093912632154,2.3565146552037035,0.0,0.0,0.0,0,0,OFF,0.0,esp32-irrigation
30.32878719,58.39334329,856.42,460.3927013,21.76308917263199,1.798964483652661,4.803054170708509,0.41609839875,0.6372818471228001,0.6052527758240206,1,1,ON,100.0,esp32-irrigation
32.40779927,59.10097832,856.68,945.2850117,94.10085099053924,1.9899208996015707,5.357657700148641,0.6759749087499998,0.0,0.0,0,0,OFF,0.0,esp32-irrigation
34.76936813,52.91122041,859.9,934.0839102,92.4298353958873,2.614087830428049,6.326802438140914,0.9711710162499996,0.0,0.0,0,0,OFF,0.0,esp32-irrigation
30.79575062,76.08648139,855.35,438.4085462,18.48342368550586,1.0619073107780772,4.23773743483123,0.4744688274999999,0.6919429385749024,0.52966628556594,1,1,ON,100.0,esp32-irrigation
25.2639197,73.77990546,855.38,436.4776497,18.19536646513705,0.8437414795573381,3.2471591434302587,0.0,0.6967438922477157,0.4953398767532644,1,1,ON,100.0,esp32-irrigation
37.08163941,75.30766096,853.64,540.9598746,33.78235379596609,1.5563016002842112,5.791240089028943,1.0,0.4369607700672319,0.3884910714628795,1,1,ON,100.0,esp32-irrigation
33.9475768,66.50500922,852.64,974.7576881,98.49767766696296,1.776491796940315,5.441479998380693,0.8684471,0.0,0.0,0,0,OFF,0.0,esp32-irrigation
35.65237852,59.57541333,854.17,826.789468,76.42331263241802,2.3561945922213807,6.3643642821963615,1.0,0.0,0.0,0,0,OFF,0.0,esp32-irrigation
22.35036277,48.23864636,854.18,904.818884,88.06398663020141,1.3980338627455082,3.191142931798212,0.0,0.0,0.0,0,0,OFF,0.0,esp32-irrigation
31.78896301,55.6272269,854.21,943.6300113,93.85395281918036,2.084794942379838,5.32748094194666,0.59862037625,0.0,0.0,0,0,OFF,0.0,esp32-irrigation
34.81096857,45.96664777,856.72,411.7683597,14.509156772029916,3.0065245867287915,6.3355958850747625,0.97637107125,0.7581807204661681,0.7581807204661681,1,1,ON,100.0,esp32-irrigation
19.38014281,55.39879336,852.76,983.4812735,99.79908960798303,1.0035495960519447,2.54085960875982,0.0,0.0,0.0,0,0,OFF,0.0,esp32-irrigation
29.91325032,58.38617365,856.86,581.6997102,39.860050762747065,1.7569349885583634,4.6930356641113,0.3641562899999999,0.3356658206208822,0.315268666488437,1,1,ON,100.0,esp32-irrigation
21.06282126,60.33600657,858.37,652.6742974,50.44826318410429,0.9902585400730936,2.761008384971224,0.0,0.1591956135982618,0.1190090107760946,1,1,ON,100.0,esp32-irrigation
37.21101263,75.77708667,852.84,531.6545514,32.39415637801781,1.5374994454080049,5.794404620593931,1.0,0.4600973936997031,0.4068985687615921,1,1,ON,100.0,esp32-irrigation
22.27204739,53.14085316,849.62,722.1132467,60.807384307731695,1.259616463162332,3.093849478880334,0.0,0.0,0.0,0,0,OFF,0.0,esp32-irrigation
28.36837406,70.30593756,852.68,641.629109,48.800507196689246,1.146715361453927,3.932237696020244,0.1710467575000001,0.1866582133885125,0.1468400668527943,1,1,ON,100.0,esp32-irrigation
18.03657251,56.68663608,858.68,813.6410511,74.46179039419127,0.8960409856156655,2.30918968400498,0.0,0.0,0.0,0,0,OFF,0.0,esp32-irrigation
26.89584589,43.32958301,854.32,664.2354921,52.17299861628543,2.008179857512241,4.358811526162768,0.0,0.1304500230619095,0.1304500230619095,1,1,ON,100.0,esp32-irrigation
18.99337216,64.57101819,852.82,589.3380935,40.9995688371283,0.7781922315462286,2.3712021905633565,0.0,0.3166738527145283,0.2199452093863292,1,1,ON,100.0,esp32-irrigation
37.35771895,55.80682479,851.86,869.0518127,82.7281423012015,2.827528240305792,6.880968822927136,1.0,0.0,0.0,0,0,OFF,0.0,esp32-irrigation
19.67378804,62.71193272,857.34,649.3947453,49.95900927433716,0.8544479078146994,2.499322241041326,0.0,0.167349845427714,0.1194228540385629,1,1,ON,100.0,esp32-irrigation
37.05718767,51.92453065,854.52,744.2943213,64.11642686597811,3.026055941417244,6.815894896525612,1.0,0.0,0.0,0,1,ON,100.0,esp32-irrigation
20.00561426,74.53653945,854.6,817.9251937,75.10091227825889,0.5956142874344944,2.3996976166698745,0.0,0.0,0.0,0,0,OFF,0.0,esp32-irrigation
31.0774931,67.65140777,852.95,984.4514286,99.94382040087255,1.459714218878255,4.635738321275022,0.5096866375000002,0.0,0.0,0,0,OFF,0.0,esp32-irrigation
20.71591201,38.56898206,854.13,757.9395115,66.15205930946517,1.501335242091357,3.0063189813170625,0.0,0.0,0.0,0,0,OFF,0.0,esp32-irrigation
36.68693169,80.96288504,850.89,849.9892883,79.88433488227642,1.1743240911241195,5.307228369905892,1.0,0.0,0.0,0,0,OFF,0.0,esp32-irrigation
23.38215283,74.35406514,858.83,415.2868427,15.034055145865535,0.7373294510922729,2.918181830277013,0.0,0.7494324142355744,0.5128608547725554,1,1,ON,100.0,esp32-irrigation
36.29787689,80.39495016,852.44,702.9907482,57.95462976370688,1.1839068705429816,5.251518267950022,1.0,0.0340895039382186,0.027134451450574,0,1,ON,100.0,esp32-irrigation
24.36349844,43.43980332,857.72,638.7203184,48.36656465504039,1.7248842968611695,3.7209557812796175,0.0,0.1938905890826602,0.1805550026457907,1,1,ON,100.0,esp32-irrigation
25.96098326,68.82794811,858.29,345.2248325,4.581983835123235,1.0454154543746317,3.491780847877722,0.0,0.923633602747946,0.7032120119970786,1,1,ON,100.0,esp32-irrigation
26.51240706,74.09449288,856.91,706.3560448,58.45667530799814,0.8975254986129096,3.462938687628484,0.0,0.025722078200031,0.0186325943654762,0,0,OFF,0.0,esp32-irrigation
25.42232996,49.7584774,853.47,825.3032257,76.20159032584563,1.6320187246535425,3.830312028504072,0.0,0.0,0.0,0,0,OFF,0.0,esp32-irrigation
21.40426992,80.41494851,856.04,852.1709657,80.20980438703002,0.4993085675874837,2.5169520907932106,0.0,0.0,0.0,0,0,OFF,0.0,esp32-irrigation
23.03255276,73.4330285,854.78,586.466579,40.57118726146192,0.7478533284641331,2.8784318959323616,0.0,0.3238135456423014,0.2224480322987426,1,1,ON,100.0,esp32-irrigation
33.04977984,43.2768211,851.37,573.3424186,38.61328368429021,2.861236357910668,5.966593897299422,0.7562224799999999,0.3564452719284965,0.3564452719284965,1,1,ON,100.0,esp32-irrigation
21.66234278,54.11800289,855.81,845.6776002,79.24110367377652,1.1883454391027912,2.9620347013682333,0.0,0.0,0.0,0,0,OFF,0.0,esp32-irrigation
37.88213074,70.10893697,850.11,923.9812377,90.92268689846844,1.9676243612023208,6.3991422493319,1.0,0.0,0.0,0,0,OFF,0.0,esp32-irrigation
25.45782073,52.16927391,857.51,640.2615503,48.59649048330601,1.5569847265340693,3.7826502370992654,0.0,0.1900584919448998,0.1690087882490267,1,1,ON,100.0,esp32-irrigation
21.52404562,74.43168053,853.86,668.2433409,52.77090212120474,0.6566443392724668,2.625434833648569,0.0,0.1204849646465876,0.08002142482395,1,0,OFF,0.0,esp32-irrigation
38.51188115,45.99526635,853.48,731.9701849,62.277873388445805,3.677902819487045,7.132643521136573,1.0,0.0,0.0,0,1,ON,100.0,esp32-irrigation
23.36228591,67.10888745,855.5,869.4323669,82.78491457514352,0.9444984215024332,3.050137722689493,0.0,0.0,0.0,0,0,OFF,0.0,esp32-irrigation
24.5662605,40.33388517,854.0,965.5800802,97.12853321965116,1.841804436524683,3.83455289445973,0.0,0.0,0.0,0,0,OFF,0.0,esp32-irrigation
26.5824958,69.02879161,855.88,616.1144905,44.99415606192856,1.0774689417052368,3.607465495552319,0.0,0.2500973989678572,0.192416744431211,1,1,ON,100.0,esp32-irrigation
27.44876772,61.13411325,853.12,818.7046769,75.21719803667017,1.4226047812867018,4.004521034597914,0.0560959649999999,0.0,0.0,0,0,OFF,0.0,esp32-irrigation
19.09239526,76.47670325,857.49,884.8177829,85.0801593835409,0.5198864116798884,2.247793873797752,0.0,0.0,0.0,0,0,OFF,0.0,esp32-irrigation
32.43215467,43.55996339,850.34,605.2780572,43.37754281771277,2.749831226162598,5.838789600103936,0.6790193337500003,0.2770409530381205,0.2770409530381205,1,1,ON,100.0,esp32-irrigation
25.04881504,49.92482747,854.91,727.7350073,61.646056257271646,1.5908883805438547,3.740408289883713,0.0,0.0,0.0,0,0,OFF,0.0,esp32-irrigation
30.16597056,58.30830992,858.83,866.1623059,82.29707657756236,1.7859157972820354,4.762713568631932,0.3957463200000002,0.0,0.0,0,0,OFF,0.0,esp32-irrigation
36.80888759,78.64358638,850.68,670.4789215,53.10441307507845,1.3261887426257877,5.492253037843171,1.0,0.1149264487486925,0.0955667650144651,1,1,ON,100.0,esp32-irrigation
38.96526949,54.4698956,851.23,968.903367,97.62431160968728,3.177293244587796,7.232270536302874,1.0,0.0,0.0,0,0,OFF,0.0,esp32-irrigation
24.19047465,48.04768595,855.98,582.9524988,40.046945711194944,1.5680259378078367,3.586712198840346,0.0,0.3325509048134176,0.2966375635039347,1,1,ON,100.0,esp32-irrigation
26.97829197,39.12107459,854.81,604.4251482,43.25030316723562,2.1677780257066663,4.49476012883816,0.0,0.2791616138794063,0.2791616138794063,1,1,ON,100.0,esp32-irrigation
31.04325951,79.98262598,854.75,435.8738712,18.10529288717549,0.9015161653121332,4.13386158257259,0.5054074387499998,0.698245118547075,0.5064923747036563,1,1,ON,100.0,esp32-irrigation
30.7581707,79.16322729,855.13,556.7122087,36.13233660196667,0.9233000932007636,4.1099765000983,0.4697713375000001,0.3977943899672221,0.2907180943164804,1,1,ON,100.0,esp32-irrigation
24.72328335,59.61199671,856.22,855.5685349,80.71666445941746,1.258465082374251,3.458259779221462,0.0,0.0,0.0,0,0,OFF,0.0,esp32-irrigation
31.53313739,48.73081836,856.59,596.6696044,42.09330672051956,2.3741544620544457,5.540405643752052,0.56664217375,0.2984448879913407,0.2984448879913407,1,1,ON,100.0,esp32-irrigation
25.80003562,39.21528112,855.53,444.4494104,19.384618829873983,2.0192133715039104,4.172407315486206,0.0,0.6769230195021002,0.6769230195021002,1,1,ON,100.0,esp32-irrigation
26.49266911,53.36520693,853.82,968.3502336,97.5417934272279,1.613838055965391,3.9934060058228895,0.0,0.0,0.0,0,0,OFF,0.0,esp32-irrigation
34.42031409,50.99181607,855.15,330.6596674,2.4091066390028346,2.6685033429825884,6.253166770976416,0.9275392612499996,0.959848222683286,0.959848222683286,1,1,ON,100.0,esp32-irrigation
24.72608435,57.90312622,859.38,714.5116988,59.67336145431914,1.311931752636821,3.495605829214889,0.0,0.0054439757613476,0.0045075190461481,0,0,OFF,0.0,esp32-irrigation
29.98932258,55.72094592,853.67,451.4903182,20.435003627682164,1.87763874618766,4.809650437190233,0.3736653224999999,0.6594166062052973,0.6392448455253077,1,1,ON,100.0,esp32-irrigation
35.35539778,58.72923221,850.92,688.8799336,55.849534005951085,2.3664959824374567,6.313221561500584,1.0,0.0691744332341485,0.0691744332341485,0,1,ON,100.0,esp32-irrigation
28.99285492,71.53812771,856.89,562.2101178,36.95253199472146,1.1396201731352833,4.023215154799479,0.2491068649999999,0.3841244667546423,0.3015012312044271,1,1,ON,100.0,esp32-irrigation
23.41524452,43.95001663,854.49,488.0895553,25.894993071261744,1.6146750267446894,3.4940068203936696,0.0,0.5684167821456376,0.5136604868011032,1,1,ON,100.0,esp32-irrigation
29.69790934,45.82429413,848.6,697.9341678,57.20027317618633,2.259178931981378,5.079555017854979,0.3372386674999998,0.0466621137302278,0.0466621137302278,0,1,ON,100.0,esp32-irrigation
33.31310247,55.21907099,855.72,781.9152668,69.7288379860854,2.2924099461897187,5.821341395305138,0.7891378087499996,0.0,0.0,0,0,OFF,0.0,esp32-irrigation
18.4189478,40.29044218,854.05,957.5136899,95.92516371319245,1.2652394029891858,2.5458511438530813,0.0,0.0,0.0,0,0,OFF,0.0,esp32-irrigation
34.85108313,50.76394304,853.19,740.276956,63.51710365962082,2.7456818270678385,6.344078776210664,0.98138539125,0.0,0.0,0,1,ON,100.0,esp32-irrigation
27.33767407,46.054531,855.15,936.5396739,92.79619395798764,1.9617719469851729,4.40214066681008,0.0422092587499998,0.0,0.0,0,0,OFF,0.0,esp32-irrigation
21.60982077,47.29405298,855.48,652.8952166,50.48122060604695,1.3607106813004424,3.0576265320110445,0.0,0.1586463232325507,0.1332910982591689,1,1,ON,100.0,esp32-irrigation
20.62486798,79.01234662,856.9,741.0117168,63.62671758956681,0.5100572467742331,2.427708326125932,0.0,0.0,0.0,0,0,OFF,0.0,esp32-irrigation
34.44414011,60.78475498,852.38,898.9709983,87.19158062616316,2.1381018091319133,5.895812582377319,0.93051751375,0.0,0.0,0,0,OFF,0.0,esp32-irrigation
35.14789549,54.69812903,854.67,891.7989809,86.12163648535567,2.568075107707973,6.406952192915371,1.0,0.0,0.0,0,0,OFF,0.0,esp32-irrigation
21.87981324,62.81473011,854.33,365.2455465,7.568736995967835,0.9759737899563892,2.864546215360708,0.0,0.8738543834005361,0.6501419353096242,1,1,ON,100.0,esp32-irrigation
28.27952563,38.4643338,856.05,923.3339341,90.82612010902596,2.3641317351267483,4.89273789745838,0.1599407037499998,0.0,0.0,0,0,OFF,0.0,esp32-irrigation
19.03832662,53.04884457,856.85,872.7486024,83.27964103004068,1.034171013632304,2.5112738602784748,0.0,0.0,0.0,0,0,OFF,0.0,esp32-irrigation
33.75230875,78.89978599,851.21,617.8136926,45.24764838208701,1.1069887140716643,4.750508030157424,0.8440385937499997,0.2458725269652164,0.1909807915953021,1,1,ON,100.0,esp32-irrigation
29.78826787,38.4838614,856.74,570.8323059,38.23881716722189,2.5786375098852465,5.301217708675497,0.3485334837499998,0.3626863805463018,0.3626863805463018,1,1,ON,100.0,esp32-irrigation
27.67098211,78.43999586,852.94,773.8038606,68.51875286590713,0.7994703897322347,3.553698376838698,0.08387276375,0.0,0.0,0,0,OFF,0.0,esp32-irrigation
19.92300369,54.39093057,857.23,466.2822746,22.641714264114785,1.061395811761105,2.6456224030173336,0.0,0.6226380955980869,0.4765354145267235,1,1,ON,100.0,esp32-irrigation
30.8757391,75.25367229,854.81,927.6495646,91.46993945717269,1.1039108764229082,4.287322307986679,0.4844673875,0.0,0.0,0,0,OFF,0.0,esp32-irrigation
38.14043672,48.64652443,857.62,515.6608536,30.00816617518373,3.427962741009594,7.051342348635532,1.0,0.4998638970802711,0.4998638970802711,1,1,ON,100.0,esp32-irrigation
34.79852335,59.96381988,852.87,438.5708636,18.507638706384235,2.226159725010132,6.055489506784553,0.9748154187500004,0.6915393548935961,0.6915393548935961,1,1,ON,100.0,esp32-irrigation
23.17659108,47.89163966,853.95,494.6210414,26.869380735667104,1.4796613885306489,3.369048591387891,0.0,0.5521769877388816,0.4803472359675369,1,1,ON,100.0,esp32-irrigation
23.99376201,62.64371009,854.67,927.1969986,91.4024242361376,1.114263575786273,3.2520022569181584,0.0,0.0,0.0,0,0,OFF,0.0,esp32-irrigation
27.66429451,71.62320557,853.52,504.2837862,28.31089943344355,1.051834332970969,3.749820926629921,0.0830368137500001,0.5281516761092742,0.4029578545416115,1,1,ON,100.0,esp32-irrigation
35.86454674,64.87087827,855.3,683.5753416,55.05817826694043,2.0715596331489863,6.109878714613758,1.0,0.0823636955509928,0.0823636955509928,0,1,ON,100.0,esp32-irrigation
33.9678819,77.06546517,849.48,695.4138868,56.82428972010347,1.2177676451743875,4.894732969439763,0.8709852375000002,0.0529285046649421,0.0425779074545781,0,1,ON,100.0,esp32-irrigation
36.23818107,46.57858556,850.62,948.7108537,94.61192888826326,3.215476220052262,6.6395253713824784,1.0,0.0,0.0,0,0,OFF,0.0,esp32-irrigation
21.59618951,45.58878105,852.34,821.8533283,75.68692376779782,1.4035655123221016,3.0812269225161875,0.0,0.0,0.0,0,0,OFF,0.0,esp32-irrigation
33.18911693,51.80114566,855.99,508.1090768,28.881568331201105,2.4503108418720174,5.947875943250819,0.7736396162499997,0.5186405278133149,0.5186405278133149,1,1,ON,100.0,esp32-irrigation
27.93450022,38.18142961,858.52,962.3482234,96.64639464493315,2.327802041279272,4.79771052701472,0.1168125275,0.0,0.0,0,0,OFF,0.0,esp32-irrigation
25.73632528,46.61877088,854.25,456.8821984,21.23938129524414,1.7665985341408392,3.9789594876048944,0.0,0.6460103117459309,0.6083153733155225,1,1,ON,100.0,esp32-irrigation
30.55814526,52.29361201,853.51,659.0092548,51.39333207816401,2.0899251958147715,5.098160632952273,0.4447681575,0.1434444653639332,0.1434444653639332,1,1,ON,100.0,esp32-irrigation
19.42272937,58.76400279,855.44,545.1165511,34.40245988583798,0.9302913412808628,2.5073175020244545,0.0,0.426625668569367,0.3125343756442438,1,1,ON,100.0,esp32-irrigation
19.57184361,79.61548078,858.16,796.2114561,71.86158852534226,0.4641597280314108,2.275330474899208,0.0,0.0,0.0,0,0,OFF,0.0,esp32-irrigation
24.63051384,59.24840344,852.33,942.6054643,93.70110767136576,1.2627798625174635,3.447202214180144,0.0,0.0,0.0,0,0,OFF,0.0,esp32-irrigation
21.00199804,59.02205152,855.68,382.9699425,10.212918206341325,1.019248872635425,2.7695389787084723,0.0,0.829784696560978,0.6263316274054652,1,1,ON,100.0,esp32-irrigation
25.25670925,49.64742114,857.01,694.8957224,56.7469883231834,1.6196109658030613,3.794417707582909,0.0,0.0542168612802766,0.0490609864053781,0,1,ON,100.0,esp32-irrigation
29.50942362,50.9038211,855.31,403.1189254,13.218806925613714,2.025277694441196,4.847010848201195,0.3136779524999999,0.7796865512397715,0.7796865512397715,1,1,ON,100.0,esp32-irrigation
36.56291194,51.77263194,853.69,511.4936355,29.38648745622776,2.95487200784552,6.709284639401724,1.0,0.5102252090628707,0.5102252090628707,1,1,ON,100.0,esp32-irrigation
26.24508493,56.26797289,856.95,936.526867,92.79428338431602,1.4914582717421407,3.862305971299685,0.0,0.0,0.0,0,0,OFF,0.0,esp32-irrigation
38.56065877,73.5716658,846.21,789.4619455,70.85467527945582,1.8045928349947995,6.348536379649236,1.0,0.0,0.0,0,0,OFF,0.0,esp32-irrigation
29.24865762,43.30018798,855.78,884.5262291,85.03666446953804,2.304053167914656,5.03059710715703,0.2810822024999999,0.0,0.0,0,0,OFF,0.0,esp32-irrigation
21.61528913,58.48887723,853.37,707.4880621,58.6255532135966,1.072051969606401,2.8856936766578327,0.0,0.0229074464400566,0.0175932164887072,0,0,OFF,0.0,esp32-irrigation
23.71237537,73.04744532,850.18,643.4425229,49.07103799283092,0.790461810494986,2.99735541172001,0.0,0.1821493667861514,0.1270702129556498,1,1,ON,100.0,esp32-irrigation
24.40270948,59.06540585,855.95,945.6099101,94.14932035697409,1.2512920363278497,3.4049808491102187,0.0,0.0,0.0,0,0,OFF,0.0,esp32-irrigation
28.05915574,63.06917873,857.67,524.5519931,31.334574364478843,1.400774771482986,4.086100223113481,0.1323944675000001,0.4777570939253526,0.4061860679795916,1,1,ON,100.0,esp32-irrigation
25.87581023,75.62921093,854.15,707.3297883,58.60194142969974,0.8132145360657665,3.310792298024159,0.0,0.0233009761716709,0.0163876612176667,0,0,OFF,0.0,esp32-irrigation
25.24791883,44.83690614,856.95,534.4868872,32.81669315184233,1.7734160905346184,3.9016275882782,0.0,0.4530551141359611,0.4273913643949084,1,1,ON,100.0,esp32-irrigation
33.73085853,48.1180753,857.58,479.6603644,24.637499828816072,2.71864645789489,6.108494580570195,0.8413573162499999,0.5893750028530654,0.5893750028530654,1,1,ON,100.0,esp32-irrigation
26.39636205,54.25378075,857.72,850.730122,79.99485478656831,1.5741313340026264,3.9480297873986303,0.0,0.0,0.0,0,0,OFF,0.0,esp32-irrigation
35.45977347,49.6036282,857.44,690.6811501,56.11824515555047,2.906433689558489,6.473220645570324,1.0,0.0646959140741588,0.0646959140741588,0,1,ON,100.0,esp32-irrigation
38.83719454,74.71370973,854.79,644.1099375,49.170605004584026,1.7524907145825004,6.3424649579712655,1.0,0.1804899165902662,0.169321684020186,1,1,ON,100.0,esp32-irrigation
37.4547558,75.29105374,853.29,829.5001414,76.82769942628896,1.5892586792326373,5.896267945036788,1.0,0.0,0.0,0,0,OFF,0.0,esp32-irrigation
19.66801155,41.05842758,851.23,717.1541156,60.06756551365832,1.350149131104979,2.7675587440256098,0.0,0.0,0.0,0,0,OFF,0.0,esp32-irrigation
31.14616491,55.11381762,853.25,417.9842138,15.436457460732822,2.03339431965458,5.1591346458159055,0.5182706137499999,0.7427257089877862,0.7427257089877862,1,1,ON,100.0,esp32-irrigation
35.7186087,55.13471515,851.21,405.7454311,13.610637316949974,2.624567791379791,6.528376593410346,1.0,0.7731560447175004,0.7731560447175004,1,1,ON,100.0,esp32-irrigation
33.73274779,49.96306722,858.98,928.1892673,91.55045400551204,2.62224405669151,6.108889606205638,0.8415934737499997,0.0,0.0,0,0,OFF,0.0,esp32-irrigation
36.45717946,47.85971591,852.79,324.6485169,1.5123442779707776,3.176204419078218,6.6865464153154655,1.0,0.9747942620338204,0.9747942620338204,1,1,ON,100.0,esp32-irrigation
37.40104424,67.2270859,853.42,436.5098511,18.200170371393025,2.101787646267549,6.451353134618927,1.0,0.6966638271434495,0.6966638271434495,1,1,ON,100.0,esp32-irrigation
34.83808184,62.61838003,854.8,786.8402011,70.46355519384716,2.0831120232423963,5.918349243306398,0.97976023,0.0,0.0,0,0,OFF,0.0,esp32-irrigation
30.28038137,54.51143358,854.08,591.438165,41.312864116738446,1.961367463132808,4.934711610235512,0.4100476712500001,0.3114522647210259,0.3084442169462245,1,1,ON,100.0,esp32-irrigation
37.06950988,77.69338783,857.39,576.2454686,39.04636982515361,1.4050066612071672,5.623954955582013,1.0,0.3492271695807731,0.2972802096742644,1,1,ON,100.0,esp32-irrigation
26.73582047,54.68369751,852.84,392.6881096,11.662704977359631,1.590807797756514,4.01639358486373,0.0,0.8056215837106728,0.723208066207309,1,1,ON,100.0,esp32-irrigation
30.4983656,44.72020754,854.43,720.3491333,60.54420831542999,2.413444729126187,5.368677587055937,0.4372956999999999,0.0,0.0,0,1,ON,100.0,esp32-irrigation
27.98237171,59.6899451,852.39,685.0407085,55.27678631560305,1.5221287531387002,4.169650515030346,0.1227964637499998,0.0787202280732825,0.0693156946876362,0,1,ON,100.0,esp32-irrigation
34.80104228,62.13405771,850.12,576.4305765,39.07398480459053,2.105780057147694,5.934010786865695,0.9751302849999997,0.3487669199234912,0.3487669199234912,1,1,ON,100.0,esp32-irrigation
19.27003383,76.36934521,853.76,833.3249027,77.39828936140573,0.5280708820055233,2.273449422048999,0.0,0.0,0.0,0,0,OFF,0.0,esp32-irrigation
23.1589559,44.65804922,854.73,647.7442396,49.71278163647834,1.5698087803024914,3.42434479513005,0.0,0.1714536393920276,0.1530141768291193,1,1,ON,100.0,esp32-irrigation
35.17669961,63.01109739,852.31,833.4461825,77.41638226388645,2.100165948955259,6.002798003176404,1.0,0.0,0.0,0,0,OFF,0.0,esp32-irrigation
19.75680264,58.95850402,853.5,825.0913966,76.1699889936462,0.945312969295162,2.559673594884358,0.0,0.0,0.0,0,0,OFF,0.0,esp32-irrigation
33.84774608,47.7762268,850.02,843.0150759,78.84389991426771,2.75445548796245,6.132949208231508,0.85596826,0.0,0.0,0,0,OFF,0.0,esp32-irrigation
22.41872767,65.11092574,854.7,786.2771367,70.37955547353454,0.9462498838903488,2.9205060175573028,0.0,0.0,0.0,0,0,OFF,0.0,esp32-irrigation
30.02767235,49.41334865,850.23,957.5365993,95.9285814096274,2.1498337361176816,5.04955320331288,0.3784590437499999,0.0,0.0,0,0,OFF,0.0,esp32-irrigation
35.96762962,73.57814523,855.18,761.821575,66.73119776722571,1.5669360029102255,5.599011149584485,1.0,0.0,0.0,0,0,OFF,0.0,esp32-irrigation
23.92514847,43.93674651,854.94,342.4269912,4.164593059433787,1.6653801016772969,3.609335526003112,0.0,0.9305901156761036,0.852741623204191,1,1,ON,100.0,esp32-irrigation
26.18055818,79.54552024,850.81,808.282903,73.66244498753152,0.6949379536776689,3.2665475972655464,0.0,0.0,0.0,0,0,OFF,0.0,esp32-irrigation
32.79837092,70.801908,852.89,917.6062229,89.97164211533378,1.452177858096258,4.922899469001415,0.7247963650000004,0.0,0.0,0,0,OFF,0.0,esp32-irrigation
36.34405918,73.98933944,851.36,974.6860172,98.48698557640536,1.5747036793584932,5.675917460917438,1.0,0.0,0.0,0,0,OFF,0.0,esp32-irrigation
26.93053313,41.01367881,855.17,572.3628085,38.46714236472637,2.094507317889264,4.430447112063524,0.0,0.3588809605878938,0.3588809605878938,1,1,ON,100.0,esp32-irrigation
34.68302059,65.92672407,856.79,982.604802,99.66833482955629,1.882520833915711,5.685297375990503,0.9603775737499998,0.0,0.0,0,0,OFF,0.0,esp32-irrigation
35.74301561,57.50459005,848.62,607.3596305,43.68807847759506,2.489270623536102,6.522368713253368,1.0,0.2718653587067489,0.2718653587067489,1,1,ON,100.0,esp32-irrigation
23.31705906,53.28384801,855.09,596.7871947,42.11084921177184,1.337841961581681,3.298873352571228,0.0,0.298152513137136,0.2487964923250414,1,1,ON,100.0,esp32-irrigation
30.07664237,53.38092247,853.59,719.4696427,60.413003138157954,1.986790125205952,4.919040781481944,0.3845802962499998,0.0,0.0,0,1,ON,100.0,esp32-irrigation
35.40252211,72.86574049,855.03,442.0628266,19.028580743106925,1.5599447472841608,5.489242588486358,1.0,0.6828569876148846,0.6077332865514733,1,1,ON,100.0,esp32-irrigation
29.56030264,48.83882286,854.59,749.5717822,64.90373510205346,2.116650931373639,4.933240123949136,0.3200378299999999,0.0,0.0,0,0,OFF,0.0,esp32-irrigation
22.10427893,45.03131872,853.07,452.0565602,20.519477392369225,1.4625971348068858,3.193632244697291,0.0,0.6580087101271795,0.5696047685910867,1,1,ON,100.0,esp32-irrigation
32.87157231,39.94358184,852.86,562.5432529,37.00223013800012,2.999232618344474,5.929631933708239,0.7339465387499997,0.3832961643666646,0.3832961643666646,1,1,ON,100.0,esp32-irrigation
21.80980028,68.36974589,852.99,695.6355637,56.85736017811817,0.8266361019578367,2.764699786259497,0.0,0.0523773303646971,0.0370129132332563,0,0,OFF,0.0,esp32-irrigation
19.08617129,67.10560104,858.0,918.6847214,90.1325359178146,0.726714320086742,2.3558924916657507,0.0,0.0,0.0,0,0,OFF,0.0,esp32-irrigation
19.38924668,73.55445587,855.33,864.3494745,82.02663268060505,0.595375094185177,2.323797177932005,0.0,0.0,0.0,0,0,OFF,0.0,esp32-irrigation
27.1603892,70.08812816,859.09,732.3456635,62.33388846839646,1.0765361565491327,3.693233109871272,0.0200486500000001,0.0,0.0,0,0,OFF,0.0,esp32-irrigation
37.46037061,39.12413063,852.95,624.5526447,46.252986477694165,3.916678461536338,6.903239568929836,1.0,0.2291168920384305,0.2291168920384305,1,1,ON,100.0,esp32-irrigation
38.3104327,73.35048135,851.23,563.369103,37.125433056565306,1.7953171657014966,6.28929023909196,1.0,0.3812427823905782,0.3617343190766904,1,1,ON,100.0,esp32-irrigation
30.0499607,62.79593476,850.21,921.6121763,90.56926285851236,1.583122001027527,4.568337258045831,0.3812450874999999,0.0,0.0,0,0,OFF,0.0,esp32-irrigation
20.83560608,73.49043343,850.59,337.8214587,3.4775252180097755,0.6526662277210447,2.535593679908612,0.0,0.9420412463665038,0.6247302498391663,1,1,ON,100.0,esp32-irrigation
29.0456744,80.47795353,850.15,334.3492329,2.9595276389366147,0.7840566722162358,3.7382666122255626,0.2557092999999999,0.9506745393510564,0.6616829485966013,1,1,ON,100.0,esp32-irrigation
30.55254917,42.19150003,854.6,463.0710835,22.162658663600183,2.5316699351194587,5.45501838143328,0.4440686462499998,0.6306223556066636,0.6306223556066636,1,1,ON,100.0,esp32-irrigation
21.99180565,53.80173342,856.23,520.9967473,30.80419160037116,1.2208404494482854,3.029193489620064,0.0,0.4865968066604807,0.3918126693661108,1,1,ON,100.0,esp32-irrigation
29.1213771,61.01023667,850.15,730.0173103,61.98653740590875,1.572792668161478,4.401384946571648,0.2651721375,0.0,0.0,0,0,OFF,0.0,esp32-irrigation
35.73298552,49.38340442,855.55,962.2880221,96.63741362542196,2.9633541858930554,6.5314443892079534,1.0,0.0,0.0,0,0,OFF,0.0,esp32-irrigation
31.84482293,50.9447955,852.57,674.653713,53.72722161769548,2.312089377876944,5.546114358720533,0.6056028662499999,0.104546306371742,0.104546306371742,1,1,ON,100.0,esp32-irrigation
22.9737802,42.76213964,855.21,818.2432747,75.14836460349336,1.6055135498109554,3.417995059277425,0.0,0.0,0.0,0,0,OFF,0.0,esp32-irrigation
20.13976771,64.62884463,859.21,476.2689692,24.13156081319089,0.8342601133936044,2.5489672044760487,0.0,0.5978073197801517,0.4235853604869048,1,1,ON,100.0,esp32-irrigation
20.257733,75.38391868,857.41,935.9770873,92.71226551738364,0.5848407753178274,2.4248483671695094,0.0,0.0,0.0,0,0,OFF,0.0,esp32-irrigation
30.77575438,47.38666827,853.24,717.5128466,60.12108213390189,2.333693081587203,5.353826628970944,0.4719692974999998,0.0,0.0,0,1,ON,100.0,esp32-irrigation
21.86106029,50.91438497,852.75,650.6712524,50.14944262330591,1.2868399913951811,3.050220150517799,0.0,0.1641759562782348,0.1349050246802123,1,1,ON,100.0,esp32-irrigation
18.88745366,63.08025603,849.95,879.806779,84.33260204181326,0.8055931834374209,2.3720416493236773,0.0,0.0,0.0,0,0,OFF,0.0,esp32-irrigation
19.34636915,41.07765265,853.48,437.3257933,18.321895198235687,1.3229998301817638,2.706786820192629,0.0,0.6946350800294052,0.5770680632440023,1,1,ON,100.0,esp32-irrigation
32.49087083,77.59642677,853.17,921.2883534,90.52095393855431,1.0951462035085586,4.535757403297279,0.6863588537499998,0.0,0.0,0,0,OFF,0.0,esp32-irrigation
23.8256945,60.06699302,852.27,613.6522082,44.62682503455279,1.1791583224104818,3.2706204248735906,0.0,0.2562195827574535,0.2036406547219749,1,1,ON,100.0,esp32-irrigation
21.13272192,67.151166,854.74,891.6464949,86.0988881436889,0.8236361456370503,2.673173814796387,0.0,0.0,0.0,0,0,OFF,0.0,esp32-irrigation
32.9372344,64.85500448,853.84,960.2441496,96.33250228960556,1.7616308014716753,5.241113618044869,0.7421543000000002,0.0,0.0,0,0,OFF,0.0,esp32-irrigation
22.71179143,81.17051296,854.31,726.8512087,61.51420839899346,0.5198509539228228,2.692110978905096,0.0,0.0,0.0,0,0,OFF,0.0,esp32-irrigation
30.86286885,73.39259253,852.27,466.5518391,22.681928745098155,1.1860617167628995,4.357822494086686,0.4828586062500002,0.6219678542483641,0.49540699236947,1,1,ON,100.0,esp32-irrigation
24.80234294,45.77242745,855.05,700.5294479,57.58744523418349,1.6976878434333706,3.7745497354313904,0.0,0.0402092460969419,0.0371703101215707,0,1,ON,100.0,esp32-irrigation
37.5805476,78.23585951,854.2,658.19133,51.27131148081003,1.4094390256004978,5.720241730880194,1.0,0.1454781419864995,0.1239997136651554,1,1,ON,100.0,esp32-irrigation
37.19430726,55.19091971,850.41,496.5897752,27.16308264360164,2.841581001797417,6.845561717169256,1.0,0.5472819559399726,0.5472819559399726,1,1,ON,100.0,esp32-irrigation
33.26280787,65.83926883,857.14,469.0622345,23.056437436242724,1.7438284483897617,5.283629299251376,0.7828509837500004,0.6157260427292879,0.5762931687960895,1,1,ON,100.0,esp32-irrigation
38.98266297,67.35342141,852.68,760.3555706,66.51249461430557,2.2803521042377453,6.981797980519065,1.0,0.0,0.0,0,1,ON,100.0,esp32-irrigation
20.71598026,65.01713554,855.16,979.9001681,99.26484902731404,0.8549626835009096,2.636288376560013,0.0,0.0,0.0,0,0,OFF,0.0,esp32-irrigation
32.36745933,61.11690991,855.49,539.227657,33.52393611955002,1.887541483680087,5.25459518232116,0.6709324162500003,0.4412677313408329,0.4288616527492219,1,1,ON,100.0,esp32-irrigation
18.23298915,44.58465964,856.0,949.1412881,94.67614244751675,1.16063013295246,2.467399952485388,0.0,0.0,0.0,0,0,OFF,0.0,esp32-irrigation
20.01590422,70.36432508,857.58,363.6541966,7.331334406637865,0.6936479656199125,2.455131973941908,0.0,0.8778110932227022,0.5911285163644808,1,1,ON,100.0,esp32-irrigation
18.47040124,45.11075875,856.1,332.1403306,2.629996637868329,1.1668532343653455,2.5029424835328813,0.0,0.9561667227021944,0.7570099195954892,1,1,ON,100.0,esp32-irrigation
36.4277688,44.61776584,851.7,551.4898965,35.35325562262361,3.368270629875169,6.680225744025716,1.0,0.4107790729562732,0.4107790729562732,1,1,ON,100.0,esp32-irrigation
22.39878349,64.47524358,855.82,359.92637,6.775205495319795,0.9623237877493752,2.927745686984611,0.0,0.8870799084113368,0.6569544785803599,1,1,ON,100.0,esp32-irrigation
33.89337033,66.43430519,850.67,499.2593956,27.561345021654446,1.7748736762447437,5.42984808670353,0.8616712912500004,0.5406442496390925,0.5102159365439255,1,1,ON,100.0,esp32-irrigation
30.05765423,39.85848638,854.26,537.4059935,33.25217462210192,2.5602944285096103,5.355278571835585,0.3822067787500001,0.4457970896316346,0.4457970896316346,1,1,ON,100.0,esp32-irrigation
26.16314208,68.30073364,854.38,531.7870926,32.41392929161333,1.0758711645402752,3.543908476129862,0.0,0.4597678451397778,0.3535466643120653,1,1,ON,100.0,esp32-irrigation
36.468962,71.27798643,852.7,844.4969211,79.06496624761537,1.7507726186350632,5.887216528640539,1.0,0.0,0.0,0,0,OFF,0.0,esp32-irrigation
35.556683,61.82823012,853.01,455.1491394,20.980838096126465,2.213201611846696,6.195866274514107,1.0,0.650319365064559,0.650319365064559,1,1,ON,100.0,esp32-irrigation
33.69203137,77.37285038,848.85,565.4588859,37.4371934504281,1.183111355020788,4.81501497505053,0.8365039212500003,0.3760467758261984,0.2992496905378322,1,1,ON,100.0,esp32-irrigation
18.46186153,79.98931458,854.01,797.1462996,72.00105142254564,0.4251660982160108,2.1243921950527787,0.0,0.0,0.0,0,0,OFF,0.0,esp32-irrigation
32.47608139,65.49454495,853.93,771.8270785,68.22385028723406,1.6853143325260165,5.085585921515058,0.6845101737499997,0.0,0.0,0,0,OFF,0.0,esp32-irrigation
29.19014257,77.03997916,854.5,972.2755938,98.1273910230381,0.9298587571003208,3.879990984753382,0.2737678212499999,0.0,0.0,0,0,OFF,0.0,esp32-irrigation
32.74689352,52.13902681,851.1,832.623761,77.29369083466611,2.373508256945044,5.784328266733115,0.71836169,0.0,0.0,0,0,OFF,0.0,esp32-irrigation
20.43972201,41.66439279,858.31,897.3204521,86.94534694638679,1.4016249423125369,2.908503267397146,0.0,0.0,0.0,0,0,OFF,0.0,esp32-irrigation
30.66880669,48.14694968,851.75,970.1673059,97.81286999500207,2.285980383003845,5.290925983079017,0.45860083625,0.0,0.0,0,0,OFF,0.0,esp32-irrigation
26.67866413,48.41194805,856.82,529.7342514,32.10767997688797,1.8048988257446408,4.167571200044778,0.0,0.4648720003852004,0.4421977320968029,1,1,ON,100.0,esp32-irrigation
38.27545546,45.64316315,854.07,975.1027452,98.54915437174466,3.654991315080735,7.080861676981751,1.0,0.0,0.0,0,0,OFF,0.0,esp32-irrigation
28.69990089,38.24216744,852.54,675.404405,53.83921221422569,2.431239680249887,5.028528425867886,0.2124876112499998,0.1026797964295718,0.1026797964295718,1,1,ON,100.0,esp32-irrigation
23.53613571,57.33681672,859.21,578.8904359,39.44095437611448,1.2380177897441458,3.2666194812964964,0.0,0.342650760398092,0.2773773144595952,1,1,ON,100.0,esp32-irrigation
37.6465697,53.08936966,850.1,738.2959617,63.2215726916873,3.048813291965693,6.943692903708234,1.0,0.0,0.0,0,1,ON,100.0,esp32-irrigation
28.81015271,46.32995109,856.44,981.4118962,99.4903733857866,2.126375079760207,4.8010465211114415,0.22626908875,0.0,0.0,0,0,OFF,0.0,esp32-irrigation
36.83278446,65.8929089,855.68,599.8147681,42.56251214557826,2.120741398464363,6.356772396790773,1.0,0.2906247975736956,0.2906247975736956,1,1,ON,100.0,esp32-irrigation
32.001812,44.78996039,852.08,542.9595896,34.0806775768781,2.6253821881073147,5.750234374809377,0.6252265000000001,0.4319887070520316,0.4319887070520316,1,1,ON,100.0,esp32-irrigation
26.8381455,45.10692892,857.86,440.3653265,18.775342332668163,1.9386173982257708,4.295979696058032,0.0,0.687077627788864,0.6765339746852276,1,1,ON,100.0,esp32-irrigation
37.24980874,55.60514288,852.5,465.9346787,22.589858813154265,2.823822776832449,6.857581145282035,1.0,0.6235023531140956,0.6235023531140956,1,1,ON,100.0,esp32-irrigation
28.61148738,44.42857702,854.89,594.7158478,41.80183915844505,2.176519346587676,4.804724724328223,0.2014359224999999,0.3033026806925825,0.3033026806925825,1,1,ON,100.0,esp32-irrigation
26.87690639,55.99453314,855.03,559.2668976,36.51345313692389,1.5576499272719824,4.014653826687114,0.0,0.3914424477179351,0.3481537989137196,1,1,ON,100.0,esp32-irrigation
31.83076506,66.52800785,853.44,838.9090931,78.23135647019905,1.576360962434531,4.870552210738762,0.6038456325000001,0.0,0.0,0,0,OFF,0.0,esp32-irrigation
38.19926515,43.79936097,855.04,791.1722009,71.10981656571572,3.7634599311118566,7.064199398978347,1.0,0.0,0.0,0,0,OFF,0.0,esp32-irrigation
25.65387911,80.32092719,856.51,802.9311978,72.86406075298281,0.648085637662429,3.1611263517423414,0.0,0.0,0.0,0,0,OFF,0.0,esp32-irrigation
28.47073032,76.32658495,849.81,611.7334314,44.340575869195575,0.9196594895700052,3.764991248922565,0.1838412900000001,0.2609904021800737,0.1905007761029361,1,1,ON,100.0,esp32-irrigation
19.16321404,63.27620516,858.56,543.813081,34.208004111621264,0.8152197664410028,2.412340961673759,0.0,0.4298665981396456,0.3025422360038704,1,1,ON,100.0,esp32-irrigation
19.44769158,48.18675077,851.11,921.9568078,90.62067607094583,1.1707316152121414,2.639588151524645,0.0,0.0,0.0,0,0,OFF,0.0,esp32-irrigation
31.63550239,56.2945911,856.39,373.2283944,8.759643384114968,2.03567170728884,5.253554076091222,0.5794377987499999,0.8540059435980839,0.8540059435980839,1,1,ON,100.0,esp32-irrigation
19.13045316,80.38899129,858.12,834.2690638,77.53914228751873,0.4344506647130385,2.207287060155388,0.0,0.0,0.0,0,0,OFF,0.0,esp32-irrigation
38.78493475,78.6258674,850.22,361.4488417,7.002332617872538,1.4771992035937576,6.015538391960445,1.0,0.883294456368791,0.7678476950560853,1,1,ON,100.0,esp32-irrigation
33.94932238,52.22347846,852.5,798.602305,72.21826289315837,2.5341953912879087,6.154224570241984,0.8686652974999998,0.0,0.0,0,0,OFF,0.0,esp32-irrigation
34.21497308,53.19006489,850.73,521.6154347,30.89648933498366,2.519900714794823,6.209971351147213,0.901871635,0.4850585110836057,0.4850585110836057,1,1,ON,100.0,esp32-irrigation
36.92756776,39.40998757,852.63,519.7493026,30.618093871753487,3.7869374590229614,6.787887196813776,1.0,0.4896984354707752,0.4896984354707752,1,1,ON,100.0,esp32-irrigation
32.03349845,67.82869915,852.99,580.054174,39.61456449054746,1.5325710933053374,4.865662855436945,0.6291873062500004,0.3397572584908757,0.3000541675213842,1,1,ON,100.0,esp32-irrigation
23.04695196,47.76257726,856.78,770.9280577,68.08973153322434,1.4717506785595575,3.34391811975801,0.0,0.0,0.0,0,0,OFF,0.0,esp32-irrigation
32.91059138,68.57090886,856.93,795.3777511,71.73721378805958,1.5730184924680817,5.057054025006053,0.7388239225,0.0,0.0,0,0,OFF,0.0,esp32-irrigation
32.15583135,47.54433928,857.23,656.6183652,51.03665163859375,2.516196169729287,5.781881401351363,0.64447891875,0.1493891393567709,0.1493891393567709,1,1,ON,100.0,esp32-irrigation
23.82382525,47.68464961,853.34,658.1960674,51.27201822106035,1.5446157298775312,3.512815031543295,0.0,0.1454663629823275,0.1289055895988081,1,1,ON,100.0,esp32-irrigation
29.31800172,53.81253237,853.56,515.3291953,29.95868834557959,1.8843939507723224,4.694337993524395,0.2897502150000002,0.5006885275736735,0.4862178719320696,1,1,ON,100.0,esp32-irrigation
20.10223484,73.09777112,850.98,835.0063352,77.64913075667873,0.6330418326924004,2.4324039771527874,0.0,0.0,0.0,0,0,OFF,0.0,esp32-irrigation
24.88684162,50.66934103,852.6,605.7203538,43.44352601731698,1.5521835316476214,3.687285547023559,0.0,0.275941233044717,0.2450484759309956,1,1,ON,100.0,esp32-irrigation
27.9698024,58.42860961,856.66,677.7669747,54.19166780193304,1.5686088141269492,4.204311497466049,0.1212252999999998,0.0968055366344494,0.0863652728224963,1,1,ON,100.0,esp32-irrigation
19.5140938,53.25848405,859.3,372.2846201,8.618848162044019,1.0605025041078662,2.5894685337095407,0.0,0.8563525306325998,0.6552172661000449,1,1,ON,100.0,esp32-irrigation
21.14396038,38.47447131,851.98,844.9107854,79.12670782717072,1.543726192844368,3.095764083591691,0.0,0.0,0.0,0,0,OFF,0.0,esp32-irrigation
35.64806181,50.51442919,851.84,823.0316349,75.86270725693781,2.8836399050530144,6.513329353907147,1.0,0.0,0.0,0,0,OFF,0.0,esp32-irrigation
38.57570662,65.94336077,852.9,585.6052804,40.44269602403746,2.327357764747488,6.949232574313956,1.0,0.3259550662660423,0.3259550662660423,1,1,ON,100.0,esp32-irrigation
35.11573262,56.08167309,854.09,954.7738983,95.51643297455068,2.4852271359014577,6.385002306965229,1.0,0.0,0.0,0,0,OFF,0.0,esp32-irrigation
30.31674923,72.80003257,851.94,620.3396869,45.62448416625537,1.175246615316499,4.2612663005929,0.4145936537499999,0.2395919305624105,0.1901908666438599,1,1,ON,100.0,esp32-irrigation
36.50484946,50.51481723,854.28,564.9144593,37.35597417581091,3.022331821344442,6.696795117299943,1.0,0.3774004304031516,0.3774004304031516,1,1,ON,100.0,esp32-irrigation
34.93341744,76.95159066,852.22,877.9674132,84.05819965950565,1.291177054231269,5.131112121027357,0.99167718,0.0,0.0,0,0,OFF,0.0,esp32-irrigation
23.73996433,57.84112525,854.72,370.6705846,8.378061263467853,1.2384847014609055,3.2972197677282256,0.0,0.8603656456088691,0.6965702452417145,1,1,ON,100.0,esp32-irrigation
32.41042249,52.085322,855.08,550.215559,35.163145941415046,2.3316086094098525,5.677116269954471,0.6763028112500002,0.4139475676430825,0.4139475676430825,1,1,ON,100.0,esp32-irrigation
36.21461684,69.23732578,853.27,591.685358,41.34974114690272,1.84924067181042,5.943680855896105,1.0,0.3108376475516213,0.2991222288213933,1,1,ON,100.0,esp32-irrigation
30.9067231,51.10989401,852.8,384.4493012,10.433613595788866,2.184796172810291,5.248005729124686,0.4883403875000001,0.8261064400701855,0.8261064400701855,1,1,ON,100.0,esp32-irrigation
20.29109218,38.93588672,854.89,344.3370793,4.449546017163806,1.4537833863342426,2.915871944994316,0.0,0.9258408997139366,0.7994134794551854,1,1,ON,100.0,esp32-irrigation
33.47276059,46.27637857,853.36,799.3592555,72.33118715242693,2.7748690890990004,6.0546017756438655,0.80909507375,0.0,0.0,0,0,OFF,0.0,esp32-irrigation
18.90431307,65.03744882,854.41,728.6545801,61.78324102336073,0.7636904886168858,2.352352635856872,0.0,0.0,0.0,0,0,OFF,0.0,esp32-irrigation
22.88142269,48.7906061,854.21,654.3507292,50.69835855920383,1.4284098231045892,3.290842990488533,0.0,0.1550273573466029,0.1328743286942597,1,1,ON,100.0,esp32-irrigation
28.44536613,62.01907398,858.18,404.9828979,13.496880212915176,1.4733044962320123,4.207192951237116,0.18067076625,0.7750519964514138,0.6729978960220733,1,1,ON,100.0,esp32-irrigation
22.33201545,62.33416615,856.32,883.1544493,84.83201803916434,1.0161907952505476,2.951885135345518,0.0,0.0,0.0,0,0,OFF,0.0,esp32-irrigation
32.50556591,71.4598388,852.96,635.2509249,47.84898960740029,1.3962736481683304,4.820153626881391,0.6881957387500002,0.2025168398766619,0.171950651645858,1,1,ON,100.0,esp32-irrigation
30.94396029,58.74233378,855.63,472.9600224,23.637921709512245,1.84763338458834,4.956627816706302,0.4929950362499999,0.606034638174796,0.582949776514565,1,1,ON,100.0,esp32-irrigation
35.8363985,68.61960319,852.47,981.4673973,99.4986532146606,1.847638980562954,5.869481965607262,1.0,0.0,0.0,0,0,OFF,0.0,esp32-irrigation
31.27671657,52.04141828,856.78,926.2632595,91.26312609680404,2.188759538120656,5.3229810134717335,0.5345895712500002,0.0,0.0,0,0,OFF,0.0,esp32-irrigation
30.84035089,80.78886983,854.82,874.1428961,83.48764615491389,0.8552641606719847,4.06241232484804,0.48004386125,0.0,0.0,0,0,OFF,0.0,esp32-irrigation
38.12439257,72.41965772,852.76,431.3280804,17.427137500687365,1.8394563768758927,6.302972510526715,1.0,0.7095477083218772,0.6810693683535269,1,1,ON,100.0,esp32-irrigation
19.27278395,64.39240928,856.41,642.7188497,48.963078145968375,0.7958540112273959,2.416106151014225,0.0,0.1839486975671937,0.1285734259883234,1,1,ON,100.0,esp32-irrigation
23.25362964,73.05106057,850.88,630.5896957,47.15361275687832,0.7688062684038424,2.9214183854208287,0.0,0.214106454052028,0.1482048230212436,1,1,ON,100.0,esp32-irrigation
21.60308549,43.07702794,852.19,590.2836931,41.14063636320122,1.4689767040931818,3.1213795539620954,0.0,0.3143227272799796,0.2725945546253209,1,1,ON,100.0,esp32-irrigation
33.46987874,46.48973812,850.6,353.8323911,5.866086532744566,2.763403713639832,6.054000841558693,0.8087348424999998,0.9022318911209238,0.9022318911209238,1,1,ON,100.0,esp32-irrigation
19.97201159,48.90382783,855.56,807.8219453,73.59367786626449,1.19270377469178,2.724700064707677,0.0,0.0,0.0,0,0,OFF,0.0,esp32-irrigation
30.45274412,78.16442739,858.28,924.4820039,90.99739277712462,0.9508305638631632,4.087736858128693,0.4315930149999998,0.0,0.0,0,0,OFF,0.0,esp32-irrigation
19.80341986,46.35797161,860.8,339.0366429,3.658810223647359,1.239119039667436,2.726430350188174,0.0,0.9390198296058774,0.7603992521754173,1,1,ON,100.0,esp32-irrigation
24.38850579,64.61127326,856.27,873.838226,83.44219450997305,1.0808464392323138,3.286874129259445,0.0,0.0,0.0,0,0,OFF,0.0,esp32-irrigation
31.73379104,57.00249466,855.04,973.7486424,98.3471450518968,2.0138801693255446,5.252312888111633,0.59172388,0.0,0.0,0,0,OFF,0.0,esp32-irrigation
36.21595651,55.55851827,848.75,835.2858592,77.6908310272351,2.6717126867761403,6.634759243468924,1.0,0.0,0.0,0,0,OFF,0.0,esp32-irrigation
31.49690735,64.21479755,852.46,436.7885225,18.241743448396523,1.6537266000367166,4.882250953086912,0.5621134187500001,0.6959709425267246,0.6357218863906297,1,1,ON,100.0,esp32-irrigation
20.38339445,74.09752129,853.18,939.3130783,93.20993915998196,0.6201973972699414,2.4602936307105923,0.0,0.0,0.0,0,0,OFF,0.0,esp32-irrigation
32.51772374,73.96592618,852.15,617.46519,45.19565766676525,1.274540068260439,4.708151927992265,0.6897154675000001,0.2467390388872458,0.2019892173100892,1,1,ON,100.0,esp32-irrigation
30.31124827,42.51336789,853.54,804.0723945,73.03430807037971,2.48308040466963,5.391683182911322,0.41390603375,0.0,0.0,0,0,OFF,0.0,esp32-irrigation
34.64663843,78.96364767,852.26,789.5634416,70.86981678727061,1.15990087187732,4.949872736435027,0.9558298037500004,0.0,0.0,0,0,OFF,0.0,esp32-irrigation
18.40618087,44.30280173,850.44,773.0576844,68.40743595064141,1.1792739400144712,2.5004640420895936,0.0,0.0,0.0,0,0,OFF,0.0,esp32-irrigation
20.74707072,58.6147207,856.98,668.8303242,52.85847013834128,1.013371737413886,2.731224186482004,0.0,0.119025497694312,0.0896670176959154,1,1,ON,100.0,esp32-irrigation
24.53801993,62.8753155,851.97,372.7284404,8.685058672012447,1.1440512325510124,3.351906623981177,0.0,0.8552490221331259,0.6722366855439257,1,1,ON,100.0,esp32-irrigation
18.92209781,57.08887263,855.93,716.1973889,59.92483801176756,0.938353291902601,2.445713354997148,0.0,0.0012526998038739,0.0009202186481196,0,0,OFF,0.0,esp32-irrigation
31.69509823,72.04317916,858.98,590.9498389,41.24001409137482,1.306551556831843,4.601355426420325,0.5868872787499999,0.3126664318104197,0.2584619192179501,1,1,ON,100.0,esp32-irrigation
26.03005719,38.49904096,852.18,754.6245508,65.65752303324642,2.0709937721420406,4.250889668262031,0.0,0.0,0.0,0,0,OFF,0.0,esp32-irrigation
25.10371504,57.14599296,848.26,508.7559421,28.97806973366935,1.3659288213220573,3.5913810853090173,0.0,0.5170321711055108,0.4350733715686891,1,1,ON,100.0,esp32-irrigation
37.79081929,62.50461285,852.35,316.5040779,0.2973312206664296,2.4560195238551112,6.925999657871874,1.0,0.9950444796555596,0.9950444796555596,1,1,ON,100.0,esp32-irrigation
18.8669356,53.86586464,858.09,414.7375928,14.952116316165524,1.0053633125909986,2.4733302098353027,0.0,0.7507980613972413,0.5641052372219282,1,1,ON,100.0,esp32-irrigation
32.17858734,56.69137253,858.63,411.7609914,14.508057545832736,2.080100553665993,5.397797761008568,0.6473234175,0.7581990409027878,0.7581990409027878,1,1,ON,100.0,esp32-irrigation
19.26030223,75.82557154,852.21,882.4963198,84.7338362078685,0.5398953097807361,2.2785591092003017,0.0,0.0,0.0,0,0,OFF,0.0,esp32-irrigation
20.1944055,61.81188357,856.42,814.5755627,74.60120377750745,0.9037482135358852,2.5948435139519828,0.0,0.0,0.0,0,0,OFF,0.0,esp32-irrigation
27.84424217,72.18477047,853.1,601.035337,42.74460045771856,1.0418986175285163,3.769071906663532,0.1055302712500001,0.2875899923713574,0.2187049000523671,1,1,ON,100.0,esp32-irrigation
21.97899724,80.96629953,854.7,355.1043998,6.055848796235612,0.5025940829429396,2.589910753335032,0.0,0.8990691867294065,0.5625013067163335,1,1,ON,100.0,esp32-irrigation
23.91558121,43.81027148,861.34,500.5164491,27.74887622131474,1.6681782839785062,3.609650550256005,0.0,0.5375187296447542,0.4929286328286503,1,1,ON,100.0,esp32-irrigation
23.80609137,56.19436672,850.99,643.1188069,49.022745020551504,1.291987609488046,3.342534053566797,0.0,0.1829542496574749,0.1505707807438975,1,1,ON,100.0,esp32-irrigation
26.45548525,50.3511229,855.06,605.8302752,43.45992443791748,1.7143841572014662,4.0619941759201454,0.0,0.2756679260347087,0.2559841442779769,1,1,ON,100.0,esp32-irrigation
35.37990918,46.9621624,854.52,630.8111793,47.18665437779031,3.04534017726804,6.45623106913568,1.0,0.2135557603701615,0.2135557603701615,1,1,ON,100.0,esp32-irrigation
36.84306652,73.42206458,855.89,903.4947939,87.86645469945118,1.6535136504334211,5.852781371509858,1.0,0.0,0.0,0,0,OFF,0.0,esp32-irrigation
21.09845876,49.45806006,855.31,799.4377022,72.3428900781659,1.264602830738769,2.9259533727473057,0.0,0.0,0.0,0,0,OFF,0.0,esp32-irrigation
18.58552501,63.3529021,856.14,681.6934133,54.77742627685117,0.7846921522175049,2.3229345413855795,0.0,0.0870428953858137,0.0605969169217912,1,0,OFF,0.0,esp32-irrigation
34.40175722,79.56989463,852.49,670.2057585,53.06366175853321,1.1112771403333237,4.860701108862791,0.9252196525,0.1156056373577798,0.0899202942012311,1,1,ON,100.0,esp32-irrigation
29.79206901,79.00512845,854.7,330.153541,2.333601108831093,0.8802565934132379,3.92792400781077,0.3490086262499998,0.9611066481861484,0.6920584401028629,1,1,ON,100.0,esp32-irrigation
35.51312237,63.21800481,852.48,511.3079057,29.358779699790453,2.127514072991832,6.098110994907471,1.0,0.5106870050034924,0.5106870050034924,1,1,ON,100.0,esp32-irrigation
25.67138623,40.67579156,856.07,385.0134307,10.517772211073554,1.9557364359999287,4.10405295739189,0.0,0.8247037964821075,0.8155777141629356,1,1,ON,100.0,esp32-irrigation
26.92046796,71.10763281,853.45,841.9879605,78.69067160445307,1.0253145081351345,3.618451216004443,0.0,0.0,0.0,0,0,OFF,0.0,esp32-irrigation
29.99290072,40.71287173,854.94,925.1004761,91.08965840752344,2.514567259550247,5.3422688780600085,0.3741125900000002,0.0,0.0,0,0,OFF,0.0,esp32-irrigation
20.61434227,55.16371062,855.05,865.5226657,82.20165303826435,1.0889378334002535,2.756140072403389,0.0,0.0,0.0,0,0,OFF,0.0,esp32-irrigation
37.6699513,47.3258399,855.89,474.6589426,23.891371974940974,3.427738057658731,6.948777906816894,1.0,0.6018104670843171,0.6018104670843171,1,1,ON,100.0,esp32-irrigation
31.80040134,63.50511615,853.66,345.2043868,4.578933681212609,1.71577328797546,4.99259347588415,0.6000501675000001,0.9236844386464564,0.8580504909102776,1,1,ON,100.0,esp32-irrigation
33.9289588,45.80875707,849.1,941.753934,93.5740736996962,2.871190766001193,6.149957583740272,0.8661198499999996,0.0,0.0,0,0,OFF,0.0,esp32-irrigation
34.73814398,42.19732316,856.59,607.2188603,43.66707793586599,3.203316401199974,6.320204765726742,0.9672679974999996,0.2722153677355668,0.2722153677355668,1,1,ON,100.0,esp32-irrigation
37.99821636,79.01546262,850.78,755.6454592,65.80982536325487,1.390040668105069,5.773531999903345,1.0,0.0,0.0,0,0,OFF,0.0,esp32-irrigation
34.00382367,75.82872979,851.89,531.2421635,32.332635052463736,1.2860065132779206,4.968039923520576,0.8754779587500003,0.4611227491256044,0.3788130892618391,1,1,ON,100.0,esp32-irrigation
28.07936756,70.94132848,852.74,792.2918612,71.2768510151413,1.1034837293856827,3.8533438216039073,0.1349209450000001,0.0,0.0,0,0,OFF,0.0,esp32-irrigation
34.87462102,55.7013565,856.85,824.2856586,76.04978646149313,2.473562786835053,6.3222016431394295,0.9843276275,0.0,0.0,0,0,OFF,0.0,esp32-irrigation
36.85469656,44.6271782,847.84,426.1958714,16.661498400460218,3.447137526557054,6.772157105308105,1.0,0.7223083599923297,0.7223083599923297,1,1,ON,100.0,esp32-irrigation
30.98211154,59.56555022,861.73,698.9700706,57.354812418004975,1.8147057824745845,4.9343665568910815,0.4977639424999998,0.044086459699917,0.0420442181865266,0,1,ON,100.0,esp32-irrigation
34.42754338,62.10759885,856.11,912.6363684,89.23022357067983,2.0640752902770894,5.818437410062097,0.9284429225000004,0.0,0.0,0,0,OFF,0.0,esp32-irrigation
33.79065551,68.56337005,854.1,947.6562703,94.4546028157104,1.6528031966889574,5.291290461995124,0.8488319387500001,0.0,0.0,0,0,OFF,0.0,esp32-irrigation
34.34873268,39.49048875,853.34,708.2206106,58.73483710566193,3.281684083970392,6.238098599641905,0.9185915849999996,0.0210860482389678,0.0210860482389678,0,1,ON,100.0,esp32-irrigation
26.83036797,67.21069398,855.09,507.1067908,28.732044149467608,1.1574663949051822,3.7048806004082073,0.0,0.5211325975088732,0.4113646659809788,1,1,ON,100.0,esp32-irrigation
27.42091462,55.06185531,855.61,770.5989065,68.04062772069318,1.6421903109699918,4.169832614171338,0.0526143275000001,0.0,0.0,0,0,OFF,0.0,esp32-irrigation
30.79064504,53.7936349,855.52,619.3458455,45.47621977654239,2.0512495761298952,5.108068440366037,0.4738306300000001,0.2420630037242934,0.2420630037242934,1,1,ON,100.0,esp32-irrigation
28.31392162,70.65596151,855.59,484.2784034,25.326433429293736,1.129620288641348,3.910130013137029,0.1642402024999998,0.5778927761784377,0.452146239246828,1,1,ON,100.0,esp32-irrigation
30.95806125,62.85499554,854.11,800.83536,72.55139707007083,1.6647933353634472,4.797205155834335,0.49475765625,0.0,0.0,0,0,OFF,0.0,esp32-irrigation
37.10755041,51.33455479,852.65,580.9816359,39.75292617741777,3.071600540348957,6.826786629997729,1.0,0.3374512303763705,0.3374512303763705,1,1,ON,100.0,esp32-irrigation
38.57939517,75.46819491,852.59,566.7506993,37.629910241431205,1.6767840070037936,6.206028364802354,1.0,0.3728348293094799,0.3427082844147712,1,1,ON,100.0,esp32-irrigation
31.44240679,42.65019138,853.34,744.510898,64.14873646009599,2.642100878824736,5.635731315099111,0.55530084875,0.0,0.0,0,1,ON,100.0,esp32-irrigation
35.1514994,55.18406478,856.22,476.4633458,24.16055852648145,2.5410338971149247,6.407716767737685,1.0,0.5973240245586424,0.5973240245586424,1,1,ON,100.0,esp32-irrigation
31.75841135,47.86353084,855.27,939.769171,93.27798050522884,2.4453292542863223,5.650465830361608,0.5948014187499999,0.0,0.0,0,0,OFF,0.0,esp32-irrigation
37.11727048,75.26039687,845.79,493.1856892,26.65525037446844,1.5623074464869986,5.804345571410463,1.0,0.5557458270921927,0.4949343745511484,1,1,ON,100.0,esp32-irrigation
23.7547732,50.37886897,856.39,810.9790827,74.06466956559503,1.4589992510454823,3.4452739100990835,0.0,0.0,0.0,0,0,OFF,0.0,esp32-irrigation
34.12719468,71.81596332,853.99,512.300441,29.50684924139245,1.5098322175010113,5.210628932558742,0.8908993350000003,0.5082191793101257,0.4459410122736507,1,1,ON,100.0,esp32-irrigation
19.76014759,76.62848145,855.18,910.4391775,88.90243971314338,0.5384302605552514,2.3382655647615005,0.0,0.0,0.0,0,0,OFF,0.0,esp32-irrigation
33.98477513,75.01987264,852.55,871.127588,83.03781299718557,1.3276319961021177,5.005859048702456,0.8730968912500003,0.0,0.0,0,0,OFF,0.0,esp32-irrigation
32.62123383,42.77788206,856.5,700.3153722,57.555508747121365,2.817765684549334,5.877826705724086,0.7026542287500002,0.0407415208813105,0.0407415208813105,0,1,ON,100.0,esp32-irrigation
32.34577574,64.52473271,856.09,730.4023299,62.04397584228456,1.7200087965499684,5.094531646198515,0.6682219675000001,0.0,0.0,0,1,ON,100.0,esp32-irrigation
35.8439565,68.24255327,851.37,845.602636,79.22992027835413,1.870615675853518,5.895026512813391,1.0,0.0,0.0,0,0,OFF,0.0,esp32-irrigation
33.26518448,61.23466017,854.63,474.7601593,23.906471800983905,1.9791466616984057,5.5103973074558,0.7831480600000003,0.6015588033169349,0.5984226760084673,1,1,ON,100.0,esp32-irrigation
25.61646274,69.95957193,852.1,393.1404702,11.730189556175922,0.9871215479670636,3.399395110843465,0.0,0.8044968407304013,0.6007824620543022,1,1,ON,100.0,esp32-irrigation
31.69310023,52.03717926,850.35,836.3059579,77.84301256364776,2.241270832564339,5.451538365209249,0.5866375287499999,0.0,0.0,0,0,OFF,0.0,esp32-irrigation
21.00096408,47.33352042,853.51,820.8877055,75.54286911769476,1.3098957566358764,2.938169202239592,0.0,0.0,0.0,0,0,OFF,0.0,esp32-irrigation
20.74926144,63.05823638,857.27,887.6158606,85.4975854261268,0.9046885145524504,2.6691999441038243,0.0,0.0,0.0,0,0,OFF,0.0,esp32-irrigation
32.75060257,52.49613149,856.05,863.5442279,81.9065034570514,2.3562898991823173,5.768813554098958,0.7188253212499998,0.0,0.0,0,0,OFF,0.0,esp32-irrigation
24.59600599,46.37503408,855.93,736.2440605,62.91546360912207,1.658268040174189,3.713543772581066,0.0,0.0,0.0,0,0,OFF,0.0,esp32-irrigation
31.11411765,62.17066447,855.68,664.0546115,52.14601427877451,1.710590496258558,4.865479839619615,0.5142647062500001,0.1308997620204248,0.1214288532288738,1,1,ON,100.0,esp32-irrigation
19.33417908,57.92662545,856.57,928.4572936,91.59043901297554,0.9439689069649608,2.5029374952308774,0.0,0.0,0.0,0,0,OFF,0.0,esp32-irrigation
31.4752249,79.08404546,852.22,941.3164728,93.50881186029092,0.9653921551164054,4.25700296497321,0.5594031125000001,0.0,0.0,0,0,OFF,0.0,esp32-irrigation
22.62012766,41.94680528,855.97,473.2923007,23.6874920326688,1.5938684358379054,3.354857392065784,0.0,0.6052084661221867,0.5437599008746002,1,1,ON,100.0,esp32-irrigation
33.25244787,59.84599612,855.61,561.8800436,36.90329048614373,2.048583003528932,5.57472385396362,0.7815559837499997,0.3849451585642711,0.3849451585642711,1,1,ON,100.0,esp32-irrigation
33.77777622,52.51042876,855.43,602.4751194,42.959391730104166,2.4950053390980496,6.113417482060101,0.8472220275,0.2840101378315972,0.2840101378315972,1,1,ON,100.0,esp32-irrigation
33.74615265,51.52255249,856.52,961.9857965,96.592326658689,2.542417922593216,6.111692652888399,0.8432690812499999,0.0,0.0,0,0,OFF,0.0,esp32-irrigation
31.97907033,75.66436706,855.53,543.3840122,34.14399427687612,1.1557368663287697,4.509797570365916,0.6223837912499999,0.4309334287187313,0.3399781269852903,1,1,ON,100.0,esp32-irrigation
18.22469877,72.21927897,856.29,819.5676372,75.34593717173341,0.5815423815820386,2.175435470237684,0.0,0.0,0.0,0,0,OFF,0.0,esp32-irrigation
32.63334038,62.03332959,856.36,956.6357037,95.79418296704984,1.870850971906994,5.288392371941008,0.7041675475,0.0,0.0,0,0,OFF,0.0,esp32-irrigation
24.22696466,67.29315053,854.63,932.5341321,92.1986346185932,0.9893198777811084,3.2015968925856844,0.0,0.0,0.0,0,0,OFF,0.0,esp32-irrigation
19.414288,54.18936339,853.07,563.4675776,37.14012380749522,1.0329536550203715,2.561177753516606,0.0,0.3809979365417463,0.2888872710473772,1,1,ON,100.0,esp32-irrigation
27.04082754,55.1993483,853.95,865.9690509,82.2682461880918,1.601125533146423,4.074758245987261,0.0051034424999998,0.0,0.0,0,0,OFF,0.0,esp32-irrigation
37.98636005,40.91316353,851.18,619.2016701,45.45471123635416,3.911473594919898,7.017702978005263,1.0,0.2424214793940972,0.2424214793940972,1,1,ON,100.0,esp32-irrigation
20.51635982,69.2767979,853.45,736.891259,63.01201471941559,0.7416812038592252,2.54575392010606,0.0,0.0,0.0,0,0,OFF,0.0,esp32-irrigation
22.00240857,46.00534921,854.6,925.5894111,91.16259927050652,1.4277910055622811,3.156909140321188,0.0,0.0,0.0,0,0,OFF,0.0,esp32-irrigation
33.97883795,73.00332548,851.54,777.141544,69.0166789860669,1.4343321938302578,5.110018617033484,0.8723547437499999,0.0,0.0,0,0,OFF,0.0,esp32-irrigation
38.70466771,48.06155686,852.19,529.8010521,32.11764551567304,3.5740835739846983,7.174953886053761,1.0,0.464705908072116,0.464705908072116,1,1,ON,100.0,esp32-irrigation
20.18541455,70.47262588,850.44,688.0514017,55.72593100801677,0.6983975123093711,2.479204753922404,0.0,0.0712344831997204,0.0480547380641923,0,0,OFF,0.0,esp32-irrigation
22.19809182,75.37115882,855.47,467.3039772,22.794135075380225,0.6590734249363113,2.713423149981783,0.0,0.6200977487436629,0.4122213611367769,1,1,ON,100.0,esp32-irrigation
35.8250619,58.80744877,853.3,545.6246927,34.478266049891694,2.4238565163286228,6.471290755969635,1.0,0.4253622325018051,0.4253622325018051,1,1,ON,100.0,esp32-irrigation
23.11428664,69.26233383,852.78,705.4331967,58.31900192234096,0.8695429551321967,2.9674768558497613,0.0,0.0280166346276506,0.0200987341305719,0,0,OFF,0.0,esp32-irrigation
32.53051233,80.32802248,855.34,841.8987775,78.67736700367092,0.9637669165790668,4.418939002002995,0.6913140412500001,0.0,0.0,0,0,OFF,0.0,esp32-irrigation
25.19005423,65.80166996,856.92,472.3041796,23.54008101532336,1.0956517361038272,3.414348456770128,0.0,0.6076653164112774,0.470280047929663,1,1,ON,100.0,esp32-irrigation
29.37015765,80.81726466,850.06,364.1358285,7.403185770165093,0.7849892280112273,3.7859059964919286,0.2962697062499999,0.8766135704972484,0.6103398377408243,1,1,ON,100.0,esp32-irrigation
29.46649973,51.65010112,852.16,444.8320778,19.441706357646577,1.9895694689039696,4.809170050810867,0.3083124662499998,0.6759715607058904,0.6742088751098967,1,1,ON,100.0,esp32-irrigation
37.2633438,68.72738536,851.21,818.2150116,75.14414822523332,1.990620815738392,6.301376863775254,1.0,0.0,0.0,0,0,OFF,0.0,esp32-irrigation
29.23149115,50.58830135,851.74,731.9997371,62.28228207870328,2.0059061057622305,4.779704351528979,0.27893639375,0.0,0.0,0,1,ON,100.0,esp32-irrigation
37.11595255,65.80181859,855.22,369.2401854,8.164669806406451,2.1594623519257814,6.456540753248333,1.0,0.8639221698932258,0.8639221698932258,1,1,ON,100.0,esp32-irrigation
24.62527282,56.56413544,854.16,776.9533262,68.98860006195476,1.3455366289286903,3.5033069999823887,0.0,0.0,0.0,0,0,OFF,0.0,esp32-irrigation
34.65540592,38.16778967,852.78,747.7103105,64.62603489197114,3.410956678139171,6.302732343165106,0.95692574,0.0,0.0,0,1,ON,100.0,esp32-irrigation
32.81698047,51.20301816,848.65,910.044976,88.84363149201127,2.4294741293598108,5.851539776819343,0.7271225587499996,0.0,0.0,0,0,OFF,0.0,esp32-irrigation
30.36964188,72.48801992,855.54,501.3669681,27.875759324065648,1.192330520506809,4.284480183482053,0.4212052349999999,0.5354040112655726,0.4272966414912147,1,1,ON,100.0,esp32-irrigation
36.78325926,46.16001798,850.09,946.9028327,94.34220262192612,3.3386798765700405,6.75674744253731,1.0,0.0,0.0,0,0,OFF,0.0,esp32-irrigation
30.54470573,54.83831156,854.08,857.5871114,81.01780205829537,1.9769285456638208,4.997027715232879,0.44308821625,0.0,0.0,0,0,OFF,0.0,esp32-irrigation
37.38014726,39.63472407,853.81,853.2950155,80.37749367588836,3.8669455105986574,6.885832852472433,1.0,0.0,0.0,0,0,OFF,0.0,esp32-irrigation
22.09520037,42.78502034,858.35,338.0009324,3.504299669748286,1.52152472731325,3.2283377961240576,0.0,0.9415950055041952,0.8289625237494198,1,1,ON,100.0,esp32-irrigation
29.78902766,56.92039644,850.75,507.892603,28.84927408802925,1.805892455063106,4.712614613914423,0.3486284574999998,0.5191787651995124,0.4939846363254511,1,1,ON,100.0,esp32-irrigation
27.38082391,55.98938373,846.77,456.5333,21.187331533231976,1.604528453299647,4.134012001544164,0.04760298875,0.646877807779467,0.5829223659872972,1,1,ON,100.0,esp32-irrigation
36.90233657,61.45260541,853.63,821.9097064,75.69533443029354,2.405940633449327,6.680367167701723,1.0,0.0,0.0,0,0,OFF,0.0,esp32-irrigation
35.42661592,43.54710476,857.85,615.0142405,44.83001730218108,3.2497806365447395,6.466165362824555,1.0,0.2528330449636486,0.2528330449636486,1,1,ON,100.0,esp32-irrigation
28.74218591,43.27797586,857.25,744.7063164,64.17788959239124,2.238468199351053,4.879726949268931,0.21777323875,0.0,0.0,0,1,ON,100.0,esp32-irrigation
38.94386848,53.44657004,853.45,588.6885805,40.90267244243629,3.244974102877923,7.227558281622093,1.0,0.3182887926260618,0.3182887926260618,1,1,ON,100.0,esp32-irrigation
23.60019476,73.07983378,853.54,564.3634522,37.27377320148138,0.7841998290110272,2.9780633629705657,0.0,0.3787704466419769,0.2636431531937556,1,1,ON,100.0,esp32-irrigation
23.50016245,62.90740035,856.8,866.5137131,82.34950061025889,1.0740381499809923,3.154067807314953,0.0,0.0,0.0,0,0,OFF,0.0,esp32-irrigation
26.80267382,47.99596521,851.95,472.2335657,23.52954661135432,1.8327642708192136,4.209905480032188,0.0,0.6078408898107613,0.5824277112024111,1,1,ON,100.0,esp32-irrigation
32.93869813,67.07898882,854.84,599.6219518,42.53374720275517,1.6502899024314293,5.135499713056955,0.7423372662499998,0.2911042132874138,0.2656536925795729,1,1,ON,100.0,esp32-irrigation
29.82370282,76.20072347,855.28,839.7496678,78.3567560509608,0.99965227156562,4.03402751844628,0.3529628525000001,0.0,0.0,0,0,OFF,0.0,esp32-irrigation
36.15899298,70.7924551,855.91,411.4963167,14.468572540611614,1.7504140277050728,5.828280973388921,1.0,0.7588571243231397,0.711507101021359,1,1,ON,100.0,esp32-irrigation
20.75900906,67.13439411,862.01,314.511264,3.696758433741076e-05,0.8053480676108736,2.6135080361403653,0.0,0.9999993838735944,0.7013365847904631,1,1,ON,100.0,esp32-irrigation
31.20255235,68.43396357,854.84,559.434993,36.5385301380375,1.434568691427155,4.634463801658815,0.5253190437500002,0.391024497699375,0.3357501243448257,1,1,ON,100.0,esp32-irrigation
29.20713071,41.44461915,852.82,724.8104345,61.20975927732777,2.3737623847855707,5.080420043042222,0.2758913387500001,0.0,0.0,0,1,ON,100.0,esp32-irrigation
20.58084138,53.29434911,855.07,438.2832335,18.464729142303305,1.1319998815131922,2.7759837418048807,0.0,0.6922545142949449,0.542035264187185,1,1,ON,100.0,esp32-irrigation
28.96504602,48.78488107,849.7,733.9732537,62.57669749980312,2.0473721978596013,4.764998418679171,0.2456307524999998,0.0,0.0,0,1,ON,100.0,esp32-irrigation
24.89892967,69.49026357,852.88,833.2013384,77.37985565002099,0.9606773917397772,3.277659166929188,0.0,0.0,0.0,0,0,OFF,0.0,esp32-irrigation
31.8577906,57.50089752,852.75,335.5237847,3.1347509751885463,2.004554575120477,5.267202708937081,0.6072238250000002,0.9477541504135244,0.9477541504135244,1,1,ON,100.0,esp32-irrigation
29.66598825,75.04351311,852.73,369.4029087,8.188945380725038,1.038801207328533,4.0430754542605225,0.3332485312500002,0.8635175769879161,0.6560145638750723,1,1,ON,100.0,esp32-irrigation
29.42000512,69.92980702,854.45,543.8975181,34.220600704096306,1.2340612772234822,4.168731029152409,0.3025006399999999,0.4296566549317282,0.3473839875540184,1,1,ON,100.0,esp32-irrigation
37.49879099,49.42187878,851.04,537.2270909,33.22548536885983,3.2609271775286794,6.91158075111468,1.0,0.4462419105190028,0.4462419105190028,1,1,ON,100.0,esp32-irrigation
35.43266193,75.14442494,856.15,915.9622424,89.72638792735917,1.431318590532854,5.361588403822098,1.0,0.0,0.0,0,0,OFF,0.0,esp32-irrigation
30.09761167,75.6692661,853.99,888.4903284,85.62804128627776,1.0381629704324256,4.108865255809661,0.3872014587499999,0.0,0.0,0,0,OFF,0.0,esp32-irrigation
21.43684451,66.29148375,855.0,361.9697669,7.080045879630518,0.861093049564415,2.7355930294414765,0.0,0.8819992353394913,0.6308704704877368,1,1,ON,100.0,esp32-irrigation
25.67089687,79.78319767,853.7,536.8670351,33.17177111078039,0.6664663778517231,3.176633780279324,0.0,0.4471371481536602,0.2980690429600598,1,1,ON,100.0,esp32-irrigation
36.29611583,61.78241977,853.63,407.9844371,13.944659282782457,2.3076551205571776,6.447239498191623,1.0,0.7675890119536258,0.7675890119536258,1,1,ON,100.0,esp32-irrigation
36.07405227,45.10677311,855.33,597.0135527,42.14461801102559,3.2744790482244968,6.6043522030065205,1.0,0.2975896998162402,0.2975896998162402,1,1,ON,100.0,esp32-irrigation
36.80257232,41.7507489,851.02,737.2769999,63.06956076159679,3.6159112312307418,6.760912376603729,1.0,0.0,0.0,0,1,ON,100.0,esp32-irrigation
36.86030769,68.60204922,851.53,642.8453773,48.98195393177872,1.955222238154385,6.182971097822367,1.0,0.1836341011370213,0.1815784201251596,1,1,ON,100.0,esp32-irrigation
20.35996125,42.26114474,854.4,512.5157339,29.538967314183584,1.3804752341927131,2.8848756233247848,0.0,0.5076838780969403,0.4290531941764047,1,1,ON,100.0,esp32-irrigation
32.15351303,38.20391109,850.38,848.9010793,79.7219924368267,2.963850508251112,5.781404658767004,0.6441891287499999,0.0,0.0,0,0,OFF,0.0,esp32-irrigation
38.38276902,80.46283665,850.95,775.267312,68.73707515424772,1.3213192412026074,5.764549085115373,1.0,0.0,0.0,0,0,OFF,0.0,esp32-irrigation
19.1677963,71.74353641,854.11,493.1786653,26.654202526947785,0.6274352999864923,2.313675729512974,0.0,0.5557632912175369,0.3650580224454073,1,1,ON,100.0,esp32-irrigation
37.51652164,64.16680889,855.28,499.63568,27.617480313386626,2.312500116837746,6.707968371062996,1.0,0.5397086614435563,0.5397086614435563,1,1,ON,100.0,esp32-irrigation
29.26811971,58.12172562,854.74,765.6654447,67.30463835362785,1.703676608629224,4.535098688666458,0.28351496375,0.0,0.0,0,0,OFF,0.0,esp32-irrigation
37.42592135,45.11139401,853.59,501.827755,27.94450096485083,3.52486650723585,6.89576317105116,1.0,0.5342583172524862,0.5342583172524862,1,1,ON,100.0,esp32-irrigation
37.83788956,57.8256362,855.19,924.699381,91.029821777435,2.769551067526385,6.985334667171506,1.0,0.0,0.0,0,0,OFF,0.0,esp32-irrigation
29.73345547,60.65267442,853.69,406.5086109,13.724490882808952,1.6441771794280202,4.565836817531148,0.3416819337499999,0.7712584852865175,0.7026506428803371,1,1,ON,100.0,esp32-irrigation
21.95874135,46.14623628,855.94,777.9721075,69.14058506448686,1.420279701098215,3.1457447976569606,0.0,0.0,0.0,0,0,OFF,0.0,esp32-irrigation
38.6188193,78.28770698,852.71,629.9791927,47.06253599683095,1.4872196239198987,5.996493615418317,1.0,0.2156244000528175,0.187982409815035,1,1,ON,100.0,esp32-irrigation
33.57152436,43.87073398,854.23,665.6345196,52.381709944349616,2.9151655778137378,6.07520728817212,0.8214405449999997,0.1269715009275064,0.1269715009275064,1,1,ON,100.0,esp32-irrigation
31.18371515,51.27646297,852.4,834.2597355,77.5377506623494,2.211948577340407,5.3257033762967225,0.5229643937500001,0.0,0.0,0,0,OFF,0.0,esp32-irrigation
31.56809373,38.24229476,847.71,441.4672391,18.93972912431927,2.865526889803295,5.661397566614777,0.5710117162500001,0.6843378479280121,0.6843378479280121,1,1,ON,100.0,esp32-irrigation
37.12133281,57.84895526,852.81,933.076988,92.27961957123816,2.662429572644823,6.829768223746214,1.0,0.0,0.0,0,0,OFF,0.0,esp32-irrigation
31.63596306,43.11027444,857.36,804.4018228,73.08345322156146,2.649828261939564,5.675271546373827,0.5794953825000002,0.0,0.0,0,0,OFF,0.0,esp32-irrigation
22.10807712,51.59086263,857.26,401.4765714,12.97379538403104,1.288359912595975,3.087440352243775,0.0,0.783770076932816,0.6443295254195338,1,1,ON,100.0,esp32-irrigation
20.99059327,59.20495229,857.49,737.1227171,63.04654436764782,1.0139889616555435,2.764920350355787,0.0,0.0,0.0,0,0,OFF,0.0,esp32-irrigation
18.12032267,51.33653101,858.52,546.2467478,34.57106618859526,1.012032779860139,2.3778730961848145,0.0,0.4238155635234123,0.3191365924868537,1,1,ON,100.0,esp32-irrigation
25.79195596,81.00449944,854.73,749.4783406,64.88979518991275,0.6307115648374172,3.167132658373472,0.0,0.0,0.0,0,0,OFF,0.0,esp32-irrigation
26.76011425,52.85570026,854.88,607.0483177,43.64163585375001,1.6573437446086017,4.070496219805423,0.0,0.2726394024374998,0.2492840032596542,1,1,ON,100.0,esp32-irrigation
23.25974048,39.76254025,853.26,825.5177294,76.23359066329553,1.7191037574966437,3.53677877058772,0.0,0.0,0.0,0,0,OFF,0.0,esp32-irrigation
31.11858827,58.24878216,853.08,907.2422247,88.42550822705996,1.8884127726309463,5.024742662759924,0.51482353375,0.0,0.0,0,0,OFF,0.0,esp32-irrigation
28.01070678,76.21269277,855.78,632.2903079,47.40731544019525,0.899704336920347,3.681522540721655,0.1263383474999999,0.2098780759967458,0.1521460917980655,1,1,ON,100.0,esp32-irrigation
20.79759328,76.34356227,858.11,654.067725,50.656139101452105,0.5810618718755832,2.489626819190052,0.0,0.1557310149757982,0.1004878462556295,1,0,OFF,0.0,esp32-irrigation
26.70487027,80.01033109,854.05,925.1900548,91.10302204007766,0.7004523515052824,3.3425663074897525,0.0,0.0,0.0,0,0,OFF,0.0,esp32-irrigation
35.27997759,68.30941625,852.24,963.7486913,96.85532085640524,1.809619683815028,5.724177139550363,1.0,0.0,0.0,0,0,OFF,0.0,esp32-irrigation
37.50038593,58.25756911,853.1,950.0172461,94.80682062039644,2.691495979452642,6.911927084630316,1.0,0.0,0.0,0,0,OFF,0.0,esp32-irrigation
34.49711434,69.03646834,854.96,679.1712861,54.40116739883852,1.693169656394765,5.460018080440696,0.9371392925000004,0.0933138766860247,0.0861559944743473,1,1,ON,100.0,esp32-irrigation
20.0609319,47.62376628,851.58,879.9468849,84.3535034811764,1.229330695656489,2.75747079504375,0.0,0.0,0.0,0,0,OFF,0.0,esp32-irrigation
23.92497402,79.19129075,848.99,856.3354958,80.83108210168132,0.6181240848789501,2.911319565768612,0.0,0.0,0.0,0,0,OFF,0.0,esp32-irrigation
22.70369255,54.30135202,853.5,418.6525592,15.536163332161074,1.26104472048642,3.158233564796776,0.0,0.741063944463982,0.6041606659092775,1,1,ON,100.0,esp32-irrigation
21.58489832,42.05797972,851.96,420.7362244,15.847011068272884,1.493612818995244,3.133346678538682,0.0,0.7358831488621186,0.6427227005368207,1,1,ON,100.0,esp32-irrigation
28.59361206,77.96399009,852.9,770.5666705,68.03581865270026,0.8621721768216298,3.736554390888393,0.1992015075000002,0.0,0.0,0,0,OFF,0.0,esp32-irrigation
22.58680672,42.53554304,854.52,552.073895,35.44037835789686,1.5745182811164666,3.3374929434409752,0.0,0.4093270273683856,0.3657867355708387,1,1,ON,100.0,esp32-irrigation
22.82460981,79.76647103,853.73,881.1938721,84.53953295850339,0.562445936843345,2.733302176294587,0.0,0.0,0.0,0,0,OFF,0.0,esp32-irrigation
38.24950513,66.10326374,856.64,708.0523678,58.70973811495215,2.2760500842050218,6.821667222018844,1.0,0.0215043647507975,0.0215043647507975,0,1,ON,100.0,esp32-irrigation
32.40264729,66.86881459,854.53,421.954009,16.02868400977126,1.6115129905381027,5.003539449014759,0.6753309112499997,0.7328552665038123,0.6616790787906953,1,1,ON,100.0,esp32-irrigation
29.88357966,67.3165519,854.77,373.7377682,8.835633371644954,1.377546432883487,4.364835312505539,0.3604474574999998,0.8527394438059175,0.7200417666514314,1,1,ON,100.0,esp32-irrigation
33.98800153,63.76614946,855.08,918.0135182,90.03240371078297,1.9260855640630183,5.596467682682238,0.8735001912499998,0.0,0.0,0,0,OFF,0.0,esp32-irrigation
18.75365445,77.97250513,852.5,835.4853328,77.7205891270364,0.4766415953068013,2.1849539056954,0.0,0.0,0.0,0,0,OFF,0.0,esp32-irrigation
26.67426949,68.79397158,857.0,896.2830401,86.79058255735961,1.091515704165697,3.6316963989075743,0.0,0.0,0.0,0,0,OFF,0.0,esp32-irrigation
26.06931121,56.00095631,854.28,773.0823637,68.41111768633188,1.4850720384219147,3.829317320320238,0.0,0.0,0.0,0,0,OFF,0.0,esp32-irrigation
24.879861,40.88900838,856.29,812.4893616,74.28997772784798,1.85914669015035,3.899571331261158,0.0,0.0,0.0,0,0,OFF,0.0,esp32-irrigation
25.54366976,44.63609602,851.86,939.6664405,93.26265484573489,1.8114087009240507,3.978553808220708,0.0,0.0,0.0,0,0,OFF,0.0,esp32-irrigation
28.81802489,54.68813987,850.26,488.8911251,26.01457377821293,1.7960466917252922,4.53254992993981,0.22725311125,0.5664237703631178,0.53754276990037,1,1,ON,100.0,esp32-irrigation
26.16554958,51.82940953,856.5,668.0869701,52.74757423284053,1.6351392992450406,3.9550090224490906,0.0,0.1208737627859912,0.1098482413377448,1,1,ON,100.0,esp32-irrigation
28.65338865,61.45513496,855.1,856.2915182,80.82452138482545,1.513324536548581,4.274040613827178,0.20667358125,0.0,0.0,0,0,OFF,0.0,esp32-irrigation
29.64983844,40.17290644,851.79,861.6341874,81.62155760043929,2.487961037417477,5.263342860417914,0.331229805,0.0,0.0,0,0,OFF,0.0,esp32-irrigation
23.83751094,51.13686901,852.57,492.2488999,26.51549719669364,1.443875735002204,3.448100116503288,0.0,0.5580750467217727,0.4804852779288335,1,1,ON,100.0,esp32-irrigation
31.35947958,47.86210891,856.65,689.1298818,55.88682206552766,2.3907085652010425,5.520561933247775,0.5449349474999998,0.068552965574539,0.068552965574539,0,1,ON,100.0,esp32-irrigation
32.21407166,38.82673351,850.76,644.6295239,49.248118539942055,2.944022682702637,5.793861902086106,0.6517589575000002,0.179198024334299,0.179198024334299,1,1,ON,100.0,esp32-irrigation
21.97518624,55.25513004,859.07,802.216439,72.75743078438423,1.1812355052201386,3.002668223324701,0.0,0.0,0.0,0,0,OFF,0.0,esp32-irrigation
30.01297501,81.18839878,851.75,806.3039303,73.36721560825212,0.7987826964097571,3.8910658503101976,0.3766218762500002,0.0,0.0,0,0,OFF,0.0,esp32-irrigation
25.26293054,40.62241473,856.16,375.9260017,9.162080936042056,1.9106104192044409,4.001122163864616,0.0,0.8472986510659657,0.8283637332591083,1,1,ON,100.0,esp32-irrigation
22.95329304,76.89823785,854.02,377.4394243,9.38785808536069,0.6471983273485024,2.8037182074901983,0.0,0.8435356985773218,0.5582515725831592,1,1,ON,100.0,esp32-irrigation
37.62863755,64.60616616,854.59,947.6346399,94.45137592452308,2.2980789706126745,6.715587369258802,1.0,0.0,0.0,0,0,OFF,0.0,esp32-irrigation
23.59700932,53.0035167,853.41,416.7907973,15.258419829128917,1.368771884853172,3.3615248411759846,0.0,0.7456930028478514,0.6280174056813945,1,1,ON,100.0,esp32-irrigation
24.84659734,49.21423126,854.21,501.3832717,27.87819154645458,1.5941385034411777,3.7099550842043634,0.0,0.535363474225757,0.4810426190127079,1,1,ON,100.0,esp32-irrigation
37.91007945,64.09118068,853.15,617.698082,45.23040122871491,2.367329904826245,6.852453978287005,1.0,0.2461599795214181,0.2461599795214181,1,1,ON,100.0,esp32-irrigation
20.37963186,69.72412168,852.65,757.5089006,66.08781941938587,0.7247438031725432,2.5186694760856665,0.0,0.0,0.0,0,0,OFF,0.0,esp32-irrigation
22.90368524,79.24674629,856.7,979.8948711,99.2640588041735,0.5796617749379183,2.754314230156546,0.0,0.0,0.0,0,0,OFF,0.0,esp32-irrigation
21.60186597,71.44457038,853.72,457.1566091,21.280318747604465,0.7368577551914353,2.683353096970281,0.0,0.6453280208732589,0.4415427496423297,1,1,ON,100.0,esp32-irrigation
34.22523135,77.68088282,852.92,579.1392126,39.47806766763191,1.202181544414234,4.922172997613809,0.9031539187500002,0.3420322055394681,0.2738123040434452,1,1,ON,100.0,esp32-irrigation
29.59071307,66.74082272,851.56,621.7302347,45.83193046597054,1.3784155254670811,4.317449485572347,0.3238391337499999,0.2361344922338243,0.1994401086652595,1,1,ON,100.0,esp32-irrigation
23.1682072,68.48496868,848.41,390.2658467,11.301344170099128,0.8944431463215397,2.990886444725512,0.0,0.8116442638316812,0.5873145441747003,1,1,ON,100.0,esp32-irrigation
34.54898888,75.41938517,852.98,965.858243,97.17003042210506,1.3480074286733528,5.122707187579435,0.9436236100000004,0.0,0.0,0,0,OFF,0.0,esp32-irrigation
31.07653069,73.06986906,859.9,362.4756394,7.155513532200712,1.2151422917020984,4.417956498084567,0.5095663362499998,0.8807414411299881,0.7079272638579196,1,1,ON,100.0,esp32-irrigation
31.55670137,60.26649598,855.77,451.6280634,20.45555289038533,1.842424530673137,5.063667249046537,0.5695876712499999,0.6590741184935778,0.6331106401078742,1,1,ON,100.0,esp32-irrigation
34.30404703,59.25782373,853.44,758.8807335,66.29247377138479,2.204141132877958,5.933847233815054,0.91300587875,0.0,0.0,0,1,ON,100.0,esp32-irrigation
36.32693676,42.07693022,852.58,580.9244902,39.74440100193684,3.5034185952959453,6.658569784211457,1.0,0.3375933166343861,0.3375933166343861,1,1,ON,100.0,esp32-irrigation
24.82405708,39.02829039,854.68,849.8112858,79.85777990878678,1.911298720047388,3.9262715797263272,0.0,0.0,0.0,0,0,OFF,0.0,esp32-irrigation
24.50508666,66.03037144,856.03,480.6453757,24.784446916404587,1.0447645696009762,3.27914859912318,0.0,0.5869258847265901,0.4467627846993071,1,1,ON,100.0,esp32-irrigation
20.99298079,51.17170451,852.13,517.8475563,30.334385370016257,1.2138388692020974,2.881250253279965,0.0,0.494426910499729,0.3972521057358839,1,1,ON,100.0,esp32-irrigation
26.27335136,55.31174365,857.23,414.9962947,14.990710280273976,1.5266137117506722,3.892801099213849,0.0,0.7501548286621005,0.6613765761739349,1,1,ON,100.0,esp32-irrigation
34.16069891,79.72125158,855.29,956.8103436,95.82023629728243,1.0883684606136128,4.798554107736553,0.8950873637500001,0.0,0.0,0,0,OFF,0.0,esp32-irrigation
25.87945214,55.72187781,856.29,752.1896227,65.29427279156653,1.4778090485428956,3.793565068387593,0.0,0.0,0.0,0,0,OFF,0.0,esp32-irrigation
29.48467608,80.22038704,855.16,501.0436339,27.827523309912543,0.8147716034427618,3.827460798948556,0.31058451,0.536207944834791,0.3773257241653431,1,1,ON,100.0,esp32-irrigation
29.9671779,48.39814652,854.05,806.1231929,73.34025263376816,2.185381629452391,5.068439360401186,0.3708972374999999,0.0,0.0,0,0,OFF,0.0,esp32-irrigation
34.02334216,39.89391466,855.2,551.7170889,35.387148900296914,3.201356713421345,6.169742254206568,0.8779177699999998,0.4102141849950514,0.4102141849950514,1,1,ON,100.0,esp32-irrigation
24.0813142,41.04701079,856.19,962.3302175,96.6437084680696,1.767712442962439,3.703331219801168,0.0,0.0,0.0,0,0,OFF,0.0,esp32-irrigation
24.42687671,68.09564311,853.78,579.5859243,39.54470952575752,0.9766662152011591,3.221446809793065,0.0,0.3409215079040413,0.2537023836533487,1,1,ON,100.0,esp32-irrigation
33.47101751,51.15370341,852.15,775.3758106,68.75326131706376,2.5227054592806604,6.054238299955848,0.8088771887500004,0.0,0.0,0,0,OFF,0.0,esp32-irrigation
20.40158854,71.18159468,855.41,811.6258428,74.16115527399599,0.6907902533271159,2.502342637033139,0.0,0.0,0.0,0,0,OFF,0.0,esp32-irrigation
33.46062414,60.69793516,857.46,838.5521749,78.17811028916809,2.0286071772995653,5.595606695005339,0.8075780175,0.0,0.0,0,0,OFF,0.0,esp32-irrigation
34.33181139,69.96194432,850.38,564.3997817,37.27919295069496,1.6275591985043991,5.364255735273167,0.9164764237499998,0.3786801174884173,0.3434211358714587,1,1,ON,100.0,esp32-irrigation
38.03761364,70.33464359,849.37,927.4942644,91.44677128428786,1.96925855781046,6.43200408223933,1.0,0.0,0.0,0,0,OFF,0.0,esp32-irrigation
33.16312968,49.5327553,854.03,688.6344181,55.81290723051932,2.561897963157478,5.990139856135347,0.7703912099999997,0.0697848794913446,0.0697848794913446,0,1,ON,100.0,esp32-irrigation
36.3988443,57.20195734,853.36,932.4881201,92.1917704035389,2.598802459662505,6.67401134504893,1.0,0.0,0.0,0,0,OFF,0.0,esp32-irrigation
38.52812018,46.17205865,853.41,953.4932385,95.32538011271885,3.669070898049147,7.136204469332512,1.0,0.0,0.0,0,0,OFF,0.0,esp32-irrigation
30.77602793,68.64579249,854.52,643.1644525,49.0295545749,1.3907547038315191,4.524059048842586,0.4720034912500002,0.182840757085,0.15499203928452,1,1,ON,100.0,esp32-irrigation
36.87646644,60.55219924,852.62,954.9249841,95.53897242997212,2.4586698860190457,6.732041097565812,1.0,0.0,0.0,0,0,OFF,0.0,esp32-irrigation
27.61295617,70.62393796,858.01,732.2790219,62.323946664650414,1.085615014091723,3.768435118468817,0.07661952125,0.0,0.0,0,0,OFF,0.0,esp32-irrigation
27.04200842,52.89730285,850.35,621.9835402,45.86971937813343,1.683514672327752,4.137694973448153,0.0052510524999997,0.2355046770311095,0.2168712333114751,1,1,ON,100.0,esp32-irrigation
22.93783977,61.18296521,852.78,577.5838297,39.246030748624,1.086446985971995,3.0815823969115166,0.0,0.3458994875229333,0.2669001076786038,1,1,ON,100.0,esp32-irrigation
24.79784033,74.51248001,854.37,933.5390972,92.34855847690132,0.7977165437133726,3.150365903679198,0.0,0.0,0.0,0,0,OFF,0.0,esp32-irrigation
27.27693177,66.94831206,850.22,666.6114127,52.52744593329748,1.1976864555434763,3.803884974037218,0.0346164712500001,0.1245425677783753,0.099562020530879,1,1,ON,100.0,esp32-irrigation
36.93768385,43.97449644,852.73,922.4524783,90.69462175702938,3.5035818958857576,6.790071759510076,1.0,0.0,0.0,0,0,OFF,0.0,esp32-irrigation
36.05761457,43.04536541,857.43,713.2865138,59.490584497844495,3.394384445541185,6.600832726148241,1.0,0.0084902583692584,0.0084902583692584,0,1,ON,100.0,esp32-irrigation
31.95893035,72.28157664,853.82,527.8551472,31.827349294929967,1.3148931551448502,4.652758826938272,0.6198662937499999,0.4695441784178339,0.3891221957688475,1,1,ON,100.0,esp32-irrigation
21.26579008,46.33316062,855.62,432.0816418,17.539556163345477,1.3566435487820905,3.00431881581245,0.0,0.707674063944242,0.5938523953447111,1,1,ON,100.0,esp32-irrigation
18.45603071,47.47411436,852.23,898.6217247,87.13947489063345,1.1156074244796066,2.474910929274196,0.0,0.0,0.0,0,0,OFF,0.0,esp32-irrigation
38.65454727,61.02134273,851.42,672.653778,53.428865016490654,2.6750471376954508,7.163946629961036,1.0,0.1095189163918224,0.1095189163918224,1,1,ON,100.0,esp32-irrigation
27.24756087,60.24617222,853.39,547.9886639,34.830930717782444,1.4380751845504758,3.983955305450969,0.0309451087500001,0.4194844880369592,0.3605548021559326,1,1,ON,100.0,esp32-irrigation
20.23837503,80.78548389,854.38,559.9036849,36.60845107161597,0.4559621148050625,2.3504349268835227,0.0,0.3898591488064004,0.2393698248946671,1,1,ON,100.0,esp32-irrigation
28.65896407,38.95105253,857.37,867.9181369,82.55901697535035,2.3976402281256703,4.993226991700881,0.2073705087499999,0.0,0.0,0,0,OFF,0.0,esp32-irrigation
24.46380026,39.64037679,856.06,626.8448611,46.59494653856112,1.85183340458154,3.824140105504864,0.0,0.223417557690648,0.2151418029707153,1,1,ON,100.0,esp32-irrigation
24.93140265,43.00183158,851.83,529.0784645,32.00984762203712,1.798210786043372,3.865863872444002,0.0,0.4665025396327146,0.4429687444374006,1,1,ON,100.0,esp32-irrigation
23.37405919,71.55607472,855.41,552.172897,35.45514778801959,0.8173735661976307,2.969138033883393,0.0,0.4090808701996735,0.2881334075344211,1,1,ON,100.0,esp32-irrigation
24.70706875,45.23837346,855.88,608.0031263,43.78407720744256,1.704687435084581,3.763697745114644,0.0,0.2702653798759573,0.2503121892412051,1,1,ON,100.0,esp32-irrigation
20.48830763,62.7436228,857.99,672.9582723,53.47429043503388,0.8978425774819446,2.6305328148932667,0.0,0.1087618260827686,0.0787936626068333,1,0,OFF,0.0,esp32-irrigation
35.10740591,73.72906817,857.34,943.1192363,93.7777537962219,1.4859221917099008,5.360213924138046,1.0,0.0,0.0,0,0,OFF,0.0,esp32-irrigation
23.40198387,41.46380013,852.25,666.1297487,52.455589780991176,1.684949644179757,3.5376355548864846,0.0,0.1257401703168137,0.1158365489670112,1,1,ON,100.0,esp32-irrigation
25.42265713,76.54995218,852.52,844.7726008,79.10609301339184,0.7617535972079422,3.2110007358868606,0.0,0.0,0.0,0,0,OFF,0.0,esp32-irrigation
30.13740561,47.60866835,850.84,719.9225317,60.48056654535022,2.240578502796152,5.148364907029046,0.3921757012499998,0.0,0.0,0,1,ON,100.0,esp32-irrigation
23.75210531,42.82454478,854.16,595.8513385,41.97123523679343,1.6808477027142366,3.591573942168146,0.0,0.3004794127201095,0.2765047390059345,1,1,ON,100.0,esp32-irrigation
33.30036328,62.54808038,854.77,974.643482,98.48064004132368,1.9158594280547503,5.456163406288268,0.7875454099999999,0.0,0.0,0,0,OFF,0.0,esp32-irrigation
21.3897874,47.23662389,857.5,687.6284211,55.66282943011969,1.3439766450998487,3.0151310344251074,0.0,0.0722861761646717,0.0604308212145589,0,1,ON,100.0,esp32-irrigation
23.83255762,42.54556328,854.55,392.3956024,11.619067832142436,1.6972382655941236,3.61549603457468,0.0,0.8063488694642927,0.745315973900486,1,1,ON,100.0,esp32-irrigation
18.339578,73.74066498,854.6,703.2628572,57.99522384121302,0.5536708481148703,2.1751534196886184,0.0,0.033412935979783,0.021331410140375,0,0,OFF,0.0,esp32-irrigation
20.36546734,44.20570354,855.54,490.7607764,26.29349424678125,1.3344363567543878,2.8597870186659167,0.0,0.5617750958869792,0.4683008260111814,1,1,ON,100.0,esp32-irrigation
19.98710035,73.63133682,853.11,486.0019418,25.58355631532253,0.61608133512552,2.4087037301794454,0.0,0.5736073947446246,0.3751508997703472,1,1,ON,100.0,esp32-irrigation
28.85005844,80.64218637,859.36,374.658626,8.97300983808059,0.7687179177817995,3.697548437130184,0.2312573050000002,0.8504498360319902,0.5886639247990912,1,1,ON,100.0,esp32-irrigation
29.87576366,59.57892703,850.0,951.3121034,94.99999150998698,1.7029086151450232,4.640432771008177,0.3594704575,0.0,0.0,0,0,OFF,0.0,esp32-irrigation
24.32527685,53.08322095,855.14,885.8440712,85.23326430397296,1.4275243833643765,3.512909137238128,0.0,0.0,0.0,0,0,OFF,0.0,esp32-irrigation
31.69379691,44.46753337,858.86,437.6249439,18.36652342678531,2.595097765798878,5.68710209158065,0.58672461375,0.6938912762202449,0.6938912762202449,1,1,ON,100.0,esp32-irrigation
38.24886427,58.39074165,853.03,645.0722132,49.31416032376889,2.793822963681538,7.075044994032979,1.0,0.1780973279371852,0.1780973279371852,1,1,ON,100.0,esp32-irrigation
28.99179843,43.98427654,853.65,626.0660988,46.47876832628199,2.2427460230970104,4.930673985019621,0.2489748037499999,0.2253538612286335,0.2253538612286335,1,1,ON,100.0,esp32-irrigation
36.28445358,71.41805907,852.35,481.4695059,24.90739325487172,1.7247340278848555,5.824637006295283,1.0,0.5848767790854714,0.5446276102948372,1,1,ON,100.0,esp32-irrigation
34.02000897,57.45406546,853.07,432.719531,17.6347184829495,2.2656514857426,5.937730242848847,0.8775011212499999,0.7060880252841751,0.7060880252841751,1,1,ON,100.0,esp32-irrigation
36.7390364,80.52208362,856.62,857.0625092,80.93954025009832,1.2049373173233338,5.349123265194647,1.0,0.0,0.0,0,0,OFF,0.0,esp32-irrigation
35.29588086,43.58670815,847.83,686.3038551,55.46522650310884,3.224181243458902,6.4383704255971,1.0,0.0755795582815193,0.0755795582815193,0,1,ON,100.0,esp32-irrigation
28.0445189,40.18338003,858.07,635.851167,47.93853561407353,2.266894116151675,4.770422947474525,0.1305648625,0.2010244064321078,0.2010244064321078,1,1,ON,100.0,esp32-irrigation
32.73582105,52.94624049,850.11,549.390347,35.04003821661728,2.332025552543177,5.742913637176216,0.7169776312499998,0.4159993630563787,0.4159993630563787,1,1,ON,100.0,esp32-irrigation
28.09360645,51.24958639,853.56,542.3087264,33.983579755098255,1.852799006967596,4.450758984406727,0.1367008062499999,0.4336070040816958,0.4176501586850379,1,1,ON,100.0,esp32-irrigation
28.54810678,49.6108792,853.1,981.2191784,99.46162313750372,1.9663103382414413,4.622847357029697,0.1935133475000001,0.0,0.0,0,0,OFF,0.0,esp32-irrigation
34.45693888,72.28542951,854.94,861.946012,81.66807657622003,1.512133248424114,5.271294171306638,0.9321173600000004,0.0,0.0,0,0,OFF,0.0,esp32-irrigation
18.47598289,56.68116253,851.39,653.6789347,50.59813814017616,0.9212079012643118,2.3786210659061933,0.0,0.1566976976637307,0.1144366381313041,1,1,ON,100.0,esp32-irrigation
36.27799471,59.95129931,854.4,796.2659579,71.86971927549543,2.415823807300216,6.558528736138336,1.0,0.0,0.0,0,0,OFF,0.0,esp32-irrigation
18.00888645,64.43757585,860.5,804.495422,73.09741664496647,0.7344148192997343,2.225425831646397,0.0,0.0,0.0,0,0,OFF,0.0,esp32-irrigation
19.35168964,59.11857952,851.87,611.5147434,44.3079513046951,0.9182257950232128,2.491511919043521,0.0,0.2615341449217483,0.1908039219974962,1,1,ON,100.0,esp32-irrigation
28.80482775,39.50412318,854.62,497.5890257,27.31215397988617,2.396071764529824,5.0203532337817816,0.2256034687500001,0.5447974336685638,0.5447974336685638,1,1,ON,100.0,esp32-irrigation
38.58356148,45.55455537,851.32,618.7141742,45.38198506284088,3.7222590437809786,7.148365966189774,1.0,0.2436335822859852,0.2436335822859852,1,1,ON,100.0,esp32-irrigation
31.28780682,57.77383484,854.91,757.993807,66.16015928313467,1.928355011329372,5.091629929003783,0.5359758525,0.0,0.0,0,0,OFF,0.0,esp32-irrigation
29.8437344,45.35327053,854.07,550.6136833,35.22253937820427,2.297994518111675,5.140636159975849,0.3554667999999998,0.4129576770299288,0.4129576770299288,1,1,ON,100.0,esp32-irrigation
26.97301768,56.66346499,852.76,472.8214961,23.61725591985134,1.5426507269142458,4.019087579667057,0.0,0.6063790680024777,0.53704731151114,1,1,ON,100.0,esp32-irrigation
19.28398125,77.63342708,856.51,651.6493527,50.295358706151305,0.500256787363551,2.260335846698788,0.0,0.1617440215641449,0.1011003969328074,1,0,OFF,0.0,esp32-irrigation
28.58612957,44.44564488,858.68,537.7561679,33.30441474181227,2.1726550681530243,4.796841361291095,0.19826619625,0.4449264209697954,0.4449264209697954,1,1,ON,100.0,esp32-irrigation
28.467184,44.16829499,853.71,525.4228635,31.464493553169408,2.168491253158535,4.771219884153269,0.1833979999999999,0.4755917741138432,0.4755917741138432,1,1,ON,100.0,esp32-irrigation
38.77636619,43.38955116,854.75,791.1127097,71.10094148115869,3.910633179563552,7.19070912508287,1.0,0.0,0.0,0,0,OFF,0.0,esp32-irrigation
27.90733449,47.67560124,851.02,811.8682243,74.1973145094386,1.9671794566928824,4.508167030977177,0.11341681125,0.0,0.0,0,0,OFF,0.0,esp32-irrigation
32.80553173,81.23212452,851.27,626.4186066,46.53135654995236,0.9338027456961364,4.433464445641539,0.7256914662499998,0.2244773908341274,0.1646430963939669,1,1,ON,100.0,esp32-irrigation
19.08612028,52.23474431,856.49,849.9976761,79.88558620069406,1.055243020682856,2.5287754277897974,0.0,0.0,0.0,0,0,OFF,0.0,esp32-irrigation
23.62926487,64.566818,858.47,343.2287139,4.28419657648847,1.0339967627735625,3.146272319355201,0.0,0.9285967237251922,0.7043398634260923,1,1,ON,100.0,esp32-irrigation
18.36922671,81.04708424,856.28,322.226076,1.1509569161097413,0.400360605912468,2.101084858177643,0.0,0.9808173847315044,0.588578852975899,1,1,ON,100.0,esp32-irrigation
21.20303775,57.14000515,854.27,695.0165157,56.76500864806212,1.0792967861224436,2.832399261500245,0.0,0.0539165225322979,0.0415062436381508,0,0,OFF,0.0,esp32-irrigation
24.77236122,51.58282048,854.63,764.3584414,67.1096554855089,1.5130744871278157,3.641866794256135,0.0,0.0,0.0,0,0,OFF,0.0,esp32-irrigation
37.71249752,81.23243042,849.95,936.8830599,92.84742136280896,1.224107105520832,5.537600823385628,1.0,0.0,0.0,0,0,OFF,0.0,esp32-irrigation
19.77019446,41.57267868,856.74,438.4164003,18.48459538487685,1.3468806040058523,2.7805228832547675,0.0,0.6919234102520524,0.5789462603075446,1,1,ON,100.0,esp32-irrigation
27.93691908,72.77460796,856.45,839.4221601,78.30789742093513,1.0253270741904048,3.76992216834997,0.1171148849999998,0.0,0.0,0,0,OFF,0.0,esp32-irrigation
37.84771365,77.88353417,851.93,431.4383007,17.44358051213113,1.453140253929634,5.817089996131816,1.0,0.7092736581311477,0.612305354986148,1,1,ON,100.0,esp32-irrigation
30.29138928,46.19684329,852.79,730.8871111,62.11629702830309,2.321336481212448,5.2478851508168605,0.4114236600000001,0.0,0.0,0,1,ON,100.0,esp32-irrigation
33.68784037,38.51726326,854.22,770.4620625,68.02021290184393,3.214011230404658,6.099502005840535,0.8359800462500004,0.0,0.0,0,0,OFF,0.0,esp32-irrigation
32.19595693,48.83958262,852.64,750.9452718,65.1086366057754,2.4596293814590697,5.752734544976001,0.6494946162500002,0.0,0.0,0,1,ON,100.0,esp32-irrigation
37.31349323,74.9779603,852.96,894.5197058,86.52752279364934,1.5970953684072304,5.878708460075763,1.0,0.0,0.0,0,0,OFF,0.0,esp32-irrigation
27.0769443,51.05330323,859.6,839.3820978,78.30192080086275,1.753009396527406,4.196589193283254,0.0096180375000001,0.0,0.0,0,0,OFF,0.0,esp32-irrigation
20.19145248,80.922057,854.56,531.933686,32.43579855665596,0.4514103271956082,2.342274966551425,0.0,0.4594033573890673,0.2815465336629736,1,1,ON,100.0,esp32-irrigation
20.3419073,64.36262084,854.26,324.8136981,1.5369865295514218,0.8511030877192429,2.5848378554534706,0.0,0.9743835578408097,0.6945169925956984,1,1,ON,100.0,esp32-irrigation
32.28123338,70.75179506,852.11,495.5471092,27.00753444630931,1.4129406564197704,4.797558829207246,0.6601541725000004,0.5498744258948449,0.4691721960154991,1,1,ON,100.0,esp32-irrigation
19.51586565,62.74805031,857.12,795.6622865,71.77966167504914,0.8452899920441566,2.473850517835444,0.0,0.0,0.0,0,0,OFF,0.0,esp32-irrigation
33.78044462,59.51279268,853.09,771.428665,68.16441370667813,2.127431974035632,5.754114151943128,0.8475555774999997,0.0,0.0,0,0,OFF,0.0,esp32-irrigation
18.22769908,41.91027044,853.79,374.9248335,9.012723511232576,1.216239198110424,2.494613022408568,0.0,0.849787941479457,0.6832803218669492,1,1,ON,100.0,esp32-irrigation
22.51576112,79.41251699,858.2,854.9752294,80.62815327657594,0.5616670949755402,2.6936210718040483,0.0,0.0,0.0,0,0,OFF,0.0,esp32-irrigation
37.02146154,67.92813924,856.71,423.476391,16.255797750595534,2.014803600543523,6.279643735929005,1.0,0.7290700374900745,0.7290700374900745,1,1,ON,100.0,esp32-irrigation
21.19412836,74.34806464,853.56,804.8135816,73.14488069599646,0.6456120113556703,2.5769111725119576,0.0,0.0,0.0,0,0,OFF,0.0,esp32-irrigation
38.40977098,78.45059182,848.32,756.2360723,65.89793488538588,1.4595328589043914,5.926585528450958,1.0,0.0,0.0,0,0,OFF,0.0,esp32-irrigation
21.20688027,68.51957211,857.57,729.6052909,61.925071054345096,0.7929243189046491,2.664944760513148,0.0,0.0,0.0,0,0,OFF,0.0,esp32-irrigation
36.17012572,69.00378288,851.55,399.3065327,12.650062177194354,1.8587431575065885,5.945208519822868,1.0,0.789165630380094,0.7612968690921403,1,1,ON,100.0,esp32-irrigation
34.09287231,58.67134143,855.49,331.2333505,2.494690490420325,2.20977229756307,5.897151334233646,0.8866090387499996,0.9584218251596612,0.9584218251596612,1,1,ON,100.0,esp32-irrigation
24.15751066,64.90791885,849.78,918.382544,90.08745614170944,1.057059254303983,3.237340488697458,0.0,0.0,0.0,0,0,OFF,0.0,esp32-irrigation
35.37652622,62.64357409,855.59,656.8513436,51.07140808996747,2.144540945781872,6.088364497651132,1.0,0.1488098651672088,0.1488098651672088,1,1,ON,100.0,esp32-irrigation
23.44370938,43.78824809,851.76,886.5453,85.33787582456485,1.6221163925406437,3.5033973403402983,0.0,0.0,0.0,0,0,OFF,0.0,esp32-irrigation
38.46278934,45.45007801,854.81,896.6252287,86.84163133027823,3.7052181315346817,7.121881853205974,1.0,0.0,0.0,0,0,OFF,0.0,esp32-irrigation
20.84683897,74.68040203,855.13,604.6998382,43.29128228644949,0.6237999560319049,2.5203804325734587,0.0,0.2784786285591752,0.1826680533423472,1,1,ON,100.0,esp32-irrigation
27.88856237,48.41080429,851.87,461.1806029,21.880630814465267,1.937418453620755,4.481349741135904,0.1110702962499998,0.6353228197589122,0.6253829486312785,1,1,ON,100.0,esp32-irrigation
26.63092425,74.55029182,853.39,487.5642767,25.816630355582674,0.8879060172575195,3.472749927183763,0.0,0.5697228274069555,0.4113264953593785,1,1,ON,100.0,esp32-irrigation
36.96769288,76.2631373,854.88,676.8220149,54.05069572323889,1.4868252600902456,5.694778055977597,1.0,0.0991550712793518,0.0864341018007232,1,1,ON,100.0,esp32-irrigation
35.55572488,68.86934165,853.6,396.5901501,12.244823666888818,1.804862332275988,5.771413528604485,1.0,0.795919605551853,0.757091131671052,1,1,ON,100.0,esp32-irrigation
18.94140659,75.70689489,856.79,459.7178875,21.662418324922385,0.5318668496081999,2.235981211847873,0.0,0.6389596945846269,0.4044402172386492,1,1,ON,100.0,esp32-irrigation
27.90880203,58.10668769,859.19,774.0513784,68.55567835075824,1.5751487347576971,4.1992843068227685,0.11360025375,0.0,0.0,0,0,OFF,0.0,esp32-irrigation
34.93457136,68.18615436,849.5,770.24717,67.9881545619857,1.782332484272661,5.631246031835407,0.99182142,0.0,0.0,0,0,OFF,0.0,esp32-irrigation
28.74297709,76.12654977,858.19,504.1666001,28.2934172420201,0.942180892081732,3.8235597399090206,0.21787213625,0.5284430459663316,0.3886937580989023,1,1,ON,100.0,esp32-irrigation
36.62393909,63.99681308,853.47,586.8800498,40.63287013744811,2.2132676854501367,6.414013994738267,1.0,0.3227854977091982,0.3227854977091982,1,1,ON,100.0,esp32-irrigation
38.1411364,46.18002407,850.78,588.9574537,40.94278379310872,3.592743104161781,7.051495222295256,1.0,0.3176202701148546,0.3176202701148546,1,1,ON,100.0,esp32-irrigation
33.52410607,51.20693201,850.25,736.5111685,62.95531162169979,2.527443963088757,6.065311556327259,0.8155132587500002,0.0,0.0,0,1,ON,100.0,esp32-irrigation
22.39077106,52.60794954,854.44,493.3717474,26.68300712265189,1.2831698879970272,3.125903397475258,0.0,0.5552832146224684,0.4557722823896697,1,1,ON,100.0,esp32-irrigation
35.722874,55.00262656,855.62,632.4679182,47.433811904053805,2.6329121760248686,6.529286697819718,1.0,0.2094364682657699,0.2094364682657699,1,1,ON,100.0,esp32-irrigation
33.92770237,56.97160682,853.21,569.0251221,37.96921579701714,2.279594849624929,5.932826451779506,0.8659627962499998,0.367179736716381,0.367179736716381,1,1,ON,100.0,esp32-irrigation
27.09019561,46.4863865,858.13,650.4908359,50.12252752169447,1.9180615894376345,4.32479203886239,0.0112744512499998,0.1646245413050921,0.1612522729915677,1,1,ON,100.0,esp32-irrigation
28.21492667,67.91418113,850.59,805.1086766,73.18890389736679,1.2280821250791565,3.973501251555693,0.15186583375,0.0,0.0,0,0,OFF,0.0,esp32-irrigation
32.88693972,40.83121849,853.62,698.822479,57.33279423834296,2.9574542747220893,5.9328165468328695,0.7358674650000001,0.0444534293609507,0.0444534293609507,0,1,ON,100.0,esp32-irrigation
23.42816879,80.70989166,851.66,764.5558767,67.13910950529747,0.5561381702818089,2.806236559411144,0.0,0.0,0.0,0,0,OFF,0.0,esp32-irrigation
29.24944396,76.70609732,855.0,539.3854779,33.547480338398664,0.9466138024838514,3.9027546731079896,0.2811804950000001,0.4408753276933556,0.3247723314389581,1,1,ON,100.0,esp32-irrigation
38.98046644,76.84298119,855.14,389.0352541,11.117760490827648,1.6173189290175196,6.213738517521696,1.0,0.8147039918195392,0.7367610427887384,1,1,ON,100.0,esp32-irrigation
23.17427832,38.98202857,853.77,517.3981579,30.267342701524097,1.7324153734315713,3.5315020188177773,0.0,0.4955442883079317,0.4623942799741828,1,1,ON,100.0,esp32-irrigation
24.44058019,51.73294849,848.16,892.2077392,86.18261633575193,1.478777960834181,3.5658160078781367,0.0,0.0,0.0,0,0,OFF,0.0,esp32-irrigation
20.76842142,57.32464714,855.61,628.1128849,46.784114322121496,1.046334741759044,2.753063274111422,0.0,0.220264761297975,0.1677500486818211,1,1,ON,100.0,esp32-irrigation
20.48416478,72.7901963,856.23,545.9926596,34.53316051078162,0.6555623849315988,2.4928879742099324,0.0,0.4244473248203063,0.2817865875444124,1,1,ON,100.0,esp32-irrigation
27.9355922,80.88909726,855.26,868.9174037,82.7080907433202,0.7196741709222011,3.5284357453226467,0.1169490249999998,0.0,0.0,0,0,OFF,0.0,esp32-irrigation
29.7092609,56.42904927,857.12,724.7706103,61.20381817776318,1.8181364958503183,4.708766671210958,0.3386576125,0.0,0.0,0,1,ON,100.0,esp32-irrigation
27.42826278,54.38826174,851.63,323.1229431,1.2847543743713477,1.667522080632868,4.190664061036434,0.0535328475,0.9785874270938107,0.8972477491740646,1,1,ON,100.0,esp32-irrigation
21.39805874,74.51845199,856.73,939.9889178,93.31076302484756,0.6493890041362946,2.60505688987122,0.0,0.0,0.0,0,0,OFF,0.0,esp32-irrigation
28.09047781,40.39049373,857.21,423.6197661,16.277186899509577,2.265095252118394,4.777687629891287,0.1363097262499999,0.7287135516748404,0.7287135516748404,1,1,ON,100.0,esp32-irrigation
34.44260653,38.77759224,849.02,861.7761078,81.64272973262639,3.3376968669415112,6.2578616780134695,0.93032581625,0.0,0.0,0,0,OFF,0.0,esp32-irrigation
33.92763318,75.11352709,854.33,461.8982135,21.98768622356834,1.3184516690050827,4.987096811367165,0.8659541475000001,0.6335385629405277,0.525591775392269,1,1,ON,100.0,esp32-irrigation
31.03264769,47.72395964,852.62,387.2622094,10.853252099066813,2.35291803265429,5.421635603972094,0.5040809612500001,0.8191124650155532,0.8191124650155532,1,1,ON,100.0,esp32-irrigation
21.07906801,38.4345036,854.87,735.3858269,62.78742961804947,1.5385893065670828,3.082864882550268,0.0,0.0,0.0,0,0,OFF,0.0,esp32-irrigation
30.50602251,62.5092683,854.81,374.4094947,8.935843646218478,1.6375135042595297,4.69413466299295,0.4382528137500001,0.8510692725630253,0.7739439930020847,1,1,ON,100.0,esp32-irrigation
23.92857077,72.59141293,853.51,459.9244441,21.693233088968427,0.8143497772340124,3.042593322355041,0.0,0.6384461151838595,0.4492026705109039,1,1,ON,100.0,esp32-irrigation
37.44780133,44.37252294,851.42,495.5242233,27.00412025567836,3.576562036323592,6.900511414223121,1.0,0.5499313290720274,0.5499313290720274,1,1,ON,100.0,esp32-irrigation
28.14420865,69.27789068,854.31,723.9576246,61.08253441090069,1.1710608816449584,3.917032134211017,0.1430260812499999,0.0,0.0,0,0,OFF,0.0,esp32-irrigation
31.9294092,61.97491146,851.05,954.8944362,95.53441519805313,1.8008078704536852,5.093754812337686,0.6161761499999998,0.0,0.0,0,0,OFF,0.0,esp32-irrigation
23.89707677,74.09704738,852.02,573.8314592,38.68624030101385,0.7681607177434552,3.0075494303673165,0.0,0.3552293283164359,0.2458329681089876,1,1,ON,100.0,esp32-irrigation
35.15228785,69.12296009,855.08,409.7308854,14.20519993983778,1.750783957925781,5.639741719047411,1.0,0.7632466676693703,0.715693339258646,1,1,ON,100.0,esp32-irrigation
27.26235131,80.02756772,851.46,697.3316082,57.11038143756517,0.7231189039286507,3.4369961575352805,0.0327939137499999,0.0481603093739138,0.0327865622187892,0,0,OFF,0.0,esp32-irrigation
28.19979323,42.42298713,855.88,827.8167449,76.57656503531122,2.201817546292634,4.7478998633105824,0.1499741537500001,0.0,0.0,0,0,OFF,0.0,esp32-irrigation
19.91498899,79.33121843,856.37,326.0374576,1.7195508254470888,0.4807567941201005,2.325386683103311,0.0,0.971340819575882,0.6024150843922639,1,1,ON,100.0,esp32-irrigation
36.36715521,65.94844418,848.92,493.9382359,26.767517660985195,2.064112351862334,6.202220646084243,1.0,0.5538747056502468,0.5538747056502468,1,1,ON,100.0,esp32-irrigation
38.87845151,62.30451961,851.24,946.4516979,94.27490091181396,2.6183200733583694,7.213160127191958,1.0,0.0,0.0,0,0,OFF,0.0,esp32-irrigation
32.23140589,61.6523718,856.72,678.5205325,54.304085927531794,1.8473223908540743,5.192012784337726,0.6539257362499997,0.0949319012078034,0.0913084072807822,1,1,ON,100.0,esp32-irrigation
33.64798122,80.1605365,851.11,755.1991306,65.74324065719368,1.034803582863728,4.663210916916536,0.8309976524999998,0.0,0.0,0,0,OFF,0.0,esp32-irrigation
18.31976938,80.16932297,854.24,954.9828426,95.54760394320172,0.417605256847165,2.104091621026996,0.0,0.0,0.0,0,0,OFF,0.0,esp32-irrigation
23.12004673,66.86297643,855.98,600.2863582,42.6328654417593,0.9377451303542343,3.012087376645703,0.0,0.289452242637345,0.2125842290694931,1,1,ON,100.0,esp32-irrigation
25.26741571,48.41653243,856.53,836.4350289,77.86226778187941,1.6602593512699138,3.824902855523814,0.0,0.0,0.0,0,0,OFF,0.0,esp32-irrigation
25.73607676,43.94846081,853.88,773.6131717,68.49030529531534,1.854942476738668,4.042636766768472,0.0,0.0,0.0,0,0,OFF,0.0,esp32-irrigation
22.09366215,77.29737327,853.45,366.6502066,7.7782886130374,0.6036770798367954,2.666042529404794,0.0,0.8703618564493766,0.5665353042003611,1,1,ON,100.0,esp32-irrigation
18.61726547,38.27769391,858.92,930.8333003,91.94489917465674,1.3242333771793022,2.6038071508577,0.0,0.0,0.0,0,0,OFF,0.0,esp32-irrigation
19.79287238,76.66719899,859.57,709.241006,58.88706290471492,0.538630214169698,2.34234910707916,0.0,0.0185489515880847,0.0117722322356707,0,0,OFF,0.0,esp32-irrigation
31.03844103,47.46296551,856.32,903.6990925,87.89693260794667,2.3654450831355427,5.433915901644971,0.5048051287500002,0.0,0.0,0,0,OFF,0.0,esp32-irrigation
38.36989748,80.68568838,853.21,366.6240342,7.774384131987079,1.30534118954454,5.744107014717471,1.0,0.8704269311335487,0.7192644969911418,1,1,ON,100.0,esp32-irrigation
21.21331495,65.9991142,853.03,906.4617376,88.30907270368536,0.8567472461398746,2.703240021240617,0.0,0.0,0.0,0,0,OFF,0.0,esp32-irrigation
21.90384117,40.88185891,852.9,511.5324589,29.39227925329677,1.5539053406704917,3.218559411099408,0.0,0.5101286791117204,0.4532372592810817,1,1,ON,100.0,esp32-irrigation
32.90098051,80.21124683,854.96,429.4908928,17.15306006911502,0.9898882075272192,4.501548953625756,0.7376225637499996,0.7141156655147497,0.5337815017832506,1,1,ON,100.0,esp32-irrigation
31.89395126,66.06260122,854.82,657.8301987,51.21743677625379,1.6040021072445676,4.906923988045525,0.6117439075000002,0.1463760537291034,0.1318849015224582,1,1,ON,100.0,esp32-irrigation
27.26822315,52.12466847,857.83,959.7928174,96.26517113073972,1.7339631360570438,4.214698205902472,0.03352789375,0.0,0.0,0,0,OFF,0.0,esp32-irrigation
33.35180284,53.56789874,855.22,866.623234,82.36583928300821,2.382088870440394,5.91564552662678,0.7939753549999997,0.0,0.0,0,0,OFF,0.0,esp32-irrigation
29.3172859,80.1330324,850.32,558.5144131,36.40119512959899,0.8105152880355752,3.799523743277437,0.2896607375000002,0.3933134145066835,0.2763533411151267,1,1,ON,100.0,esp32-irrigation
28.6876276,39.56164844,856.79,439.8180514,18.69369810985091,2.377604425397097,4.982513932374849,0.2109534499999998,0.6884383648358181,0.6884383648358181,1,1,ON,100.0,esp32-irrigation
23.42735156,77.51549738,852.29,628.1109083,46.783819446709074,0.648201341205022,2.866125747767109,0.0,0.220269675888182,0.1458296127784698,1,1,ON,100.0,esp32-irrigation
20.65489627,63.92537265,854.16,661.4164124,51.75243942920309,0.8783349713219275,2.641563385933269,0.0,0.1374593428466151,0.0989135084125857,1,1,ON,100.0,esp32-irrigation
35.14463793,72.63544197,854.01,870.2692259,82.90975983607834,1.5509646912916084,5.433498240679318,1.0,0.0,0.0,0,0,OFF,0.0,esp32-irrigation
22.17609856,58.06241388,859.93,333.3527052,2.810862498530323,1.1207581574712957,2.994419520014045,0.0,0.9531522916911612,0.7436394474019128,1,1,ON,100.0,esp32-irrigation
34.34170066,75.8507639,861.25,399.9009981,12.738746397570443,1.3092027643142587,5.048371155776865,0.9177125825,0.7876875600404926,0.651654462775488,1,1,ON,100.0,esp32-irrigation
35.16279087,47.945379,854.9,394.375131,11.914380142334393,2.953303014450529,6.410112450227084,1.0,0.80142699762776,0.80142699762776,1,1,ON,100.0,esp32-irrigation
28.99870724,59.87852088,853.66,815.8781826,74.79553271621084,1.6070170402403583,4.408788882299658,0.2498384050000002,0.0,0.0,0,0,OFF,0.0,esp32-irrigation
18.13560358,44.29469738,856.76,512.3499812,29.51423980443326,1.1595911965543293,2.453631746922221,0.0,0.5080960032594457,0.4013439147257461,1,1,ON,100.0,esp32-irrigation
23.1718231,41.60769984,857.04,942.0591954,93.61961355663308,1.6576217591011413,3.482930415411454,0.0,0.0,0.0,0,0,OFF,0.0,esp32-irrigation
20.44174048,52.65056199,854.35,847.0789492,79.45016133052124,1.1378028113151428,2.759836549331112,0.0,0.0,0.0,0,0,OFF,0.0,esp32-irrigation
21.48492028,79.32548612,859.51,430.5693951,17.313954438491823,0.5296923163625561,2.544944972805826,0.0,0.711434092691803,0.4499273394702051,1,1,ON,100.0,esp32-irrigation
24.40858802,49.76827959,855.25,451.9033361,20.496618938620145,1.5360275572573958,3.599769355893704,0.0,0.6583896843563309,0.5820210168244961,1,1,ON,100.0,esp32-irrigation
29.49623275,39.16821727,855.3,703.0251122,57.959756293441,2.507480812583358,5.242795797330099,0.3120290937500001,0.0340040617759833,0.0340040617759833,0,1,ON,100.0,esp32-irrigation
26.75837944,56.09093233,856.05,518.7168939,30.46407589077596,1.5434527477879787,3.984477988129374,0.0,0.4922654018204007,0.436079797680363,1,1,ON,100.0,esp32-irrigation
32.61183937,44.98175879,854.74,593.4555882,41.61382966269056,2.707809754271658,5.875885282622388,0.7014799212499998,0.3064361722884907,0.3064361722884907,1,1,ON,100.0,esp32-irrigation
26.2279116,38.62951608,856.55,374.8840177,9.006634481657393,2.0908888675184976,4.300926140328427,0.0,0.8498894253057101,0.8498894253057101,1,1,ON,100.0,esp32-irrigation
33.49926682,70.99796154,852.04,819.1246082,75.27984471039082,1.5001998805656669,5.090702841312622,0.8124083525000003,0.0,0.0,0,0,OFF,0.0,esp32-irrigation
20.50705004,48.25953452,853.74,648.0090953,49.75229364384944,1.2483369762515344,2.831580653453017,0.0,0.1707951059358426,0.1387000144935489,1,1,ON,100.0,esp32-irrigation
18.69920792,66.77751475,852.61,857.2026979,80.9604540418262,0.716441287518476,2.3021296296344578,0.0,0.0,0.0,0,0,OFF,0.0,esp32-irrigation
31.39166851,53.50273298,854.93,815.238246,74.70006495902746,2.13596555955242,5.2977269401691816,0.5489585637499999,0.0,0.0,0,0,OFF,0.0,esp32-irrigation
20.93451093,62.77400767,857.04,870.3600148,82.92330401007955,0.9220947773901996,2.7040469670751937,0.0,0.0,0.0,0,0,OFF,0.0,esp32-irrigation
22.0943524,44.31610252,856.09,935.6878364,92.66911415725473,1.480731999777377,3.203226340385648,0.0,0.0,0.0,0,0,OFF,0.0,esp32-irrigation
30.47113409,56.30274293,858.13,862.4917566,81.74949247422767,1.9047993869498976,4.920645902414784,0.4338917612499999,0.0,0.0,0,0,OFF,0.0,esp32-irrigation
35.24854074,72.09933311,853.36,737.3389895,63.07880856533345,1.5904444930285746,5.492809261641577,1.0,0.0,0.0,0,1,ON,100.0,esp32-irrigation
26.38976952,72.06937802,856.11,775.9346662,68.83663315533865,0.9607217424567734,3.492207869099174,0.0,0.0,0.0,0,0,OFF,0.0,esp32-irrigation
28.6186316,39.98955298,851.44,911.1284894,89.00527343306631,2.351352270451349,4.947843629298671,0.20232895,0.0,0.0,0,0,OFF,0.0,esp32-irrigation
37.33282252,52.62555136,852.15,545.5446534,34.466325535069565,3.0269724529776663,6.875570773088439,1.0,0.4255612410821739,0.4255612410821739,1,1,ON,100.0,esp32-irrigation
20.58014377,63.40248577,856.87,615.0571963,44.83642558369524,0.8869719192766834,2.636564287469617,0.0,0.252726240271746,0.1824033897322257,1,1,ON,100.0,esp32-irrigation
28.34549893,80.623793,856.32,792.4642892,71.30257436716653,0.747270580865456,3.608224214381891,0.1681873662500002,0.0,0.0,0,0,OFF,0.0,esp32-irrigation
26.36336003,80.87704992,853.7,571.1664809,38.28867044605726,0.6567435774131946,3.263272704493668,0.0,0.3618554925657123,0.240339313956411,1,1,ON,100.0,esp32-irrigation
22.06806809,62.50203976,854.77,492.4364468,26.54347603383109,0.9955409899940442,2.902459562936828,0.0,0.5576087327694819,0.4175849538474045,1,1,ON,100.0,esp32-irrigation
18.14270226,50.81667054,851.63,832.6225478,77.29350984566969,1.024282914598291,2.3869480266993386,0.0,0.0,0.0,0,0,OFF,0.0,esp32-irrigation
36.80531346,76.21378331,852.29,913.8435135,89.41030927806385,1.4767865200716843,5.654549720886584,1.0,0.0,0.0,0,0,OFF,0.0,esp32-irrigation
29.44606572,79.78622604,856.29,341.413353,4.013375320755594,0.8308064337985162,3.83525574190633,0.305758215,0.93311041132074,0.6603637389527828,1,1,ON,100.0,esp32-irrigation
27.76984447,78.14317647,855.71,648.0706214,49.761472301196505,0.8151655435825891,3.5800896382189387,0.0962305587499998,0.1706421283133915,0.1200964599778647,1,1,ON,100.0,esp32-irrigation
32.51221198,76.56497638,854.95,959.2431048,96.18316327399666,1.146943449972083,4.587698399782859,0.6890264974999996,0.0,0.0,0,0,OFF,0.0,esp32-irrigation
32.80504705,59.69400129,853.79,972.057366,98.0948351126228,2.0053856176071347,5.447681299741757,0.7256308812499999,0.0,0.0,0,0,OFF,0.0,esp32-irrigation
36.00656552,60.4600563,853.3,707.8321128,58.67687978045709,2.3499134831196904,6.43165730744697,1.0,0.0220520036590484,0.0220520036590484,0,1,ON,100.0,esp32-irrigation
20.26471034,42.49588018,853.52,778.5278405,69.2234910634605,1.366799733675565,2.863282829263903,0.0,0.0,0.0,0,0,OFF,0.0,esp32-irrigation
34.29608862,76.0003134,855.23,641.0056405,48.70749620252281,1.2978028657968277,5.029246238463657,0.9120110775,0.1882083966246198,0.1551685474389242,1,1,ON,100.0,esp32-irrigation
31.63648482,40.19824236,854.86,947.698465,94.4608975539298,2.785548196066489,5.675378245021356,0.5795606025,0.0,0.0,0,0,OFF,0.0,esp32-irrigation
38.95254536,54.00892393,854.16,669.2261554,52.91752148325141,3.2072697526286853,7.229468715389833,1.0,0.1180413086124764,0.1180413086124764,1,1,ON,100.0,esp32-irrigation
33.06709297,38.62897134,852.32,485.5218648,25.51193691667377,3.098690112625552,5.970188507139101,0.7583866212499997,0.5748010513887704,0.5748010513887704,1,1,ON,100.0,esp32-irrigation
24.02433251,57.89069367,849.33,718.180253,60.22064792235318,1.2583432347655823,3.352909784088714,0.0,0.0,0.0,0,0,OFF,0.0,esp32-irrigation
27.29350022,79.03668803,857.07,962.7478536,96.70601273662652,0.7603798990793301,3.470002498605576,0.0366875274999998,0.0,0.0,0,0,OFF,0.0,esp32-irrigation
26.04132736,65.95486029,853.28,318.6795062,0.6218684650032544,1.1472056664231374,3.57797001211866,0.0,0.9896355255832792,0.778646633452334,1,1,ON,100.0,esp32-irrigation
30.17881859,66.90234813,851.82,893.0228742,86.30422074195668,1.418823247330883,4.449031168951641,0.3973523237499998,0.0,0.0,0,0,OFF,0.0,esp32-irrigation
31.53882047,54.30537018,855.55,836.436661,77.86251126369699,2.116692164456782,5.308574135233158,0.5673525587500001,0.0,0.0,0,0,OFF,0.0,esp32-irrigation
34.53176121,70.30358117,852.48,890.9243263,85.99115275779243,1.6270042801230151,5.399930840661255,0.94147015125,0.0,0.0,0,0,OFF,0.0,esp32-irrigation
23.2899455,57.75846643,857.46,482.3471043,25.03831614778913,1.2077216956888557,3.210517525920991,0.0,0.5826947308701811,0.4672806325439646,1,1,ON,100.0,esp32-irrigation
20.34094706,54.73993083,856.7,745.7531486,64.33405931651916,1.0808511151320934,2.7137748304078704,0.0,0.0,0.0,0,0,OFF,0.0,esp32-irrigation
38.53547245,78.18930298,854.68,347.3845836,4.904182305395703,1.487270177683691,5.981228077001038,1.0,0.918263628243405,0.8005583415062124,1,1,ON,100.0,esp32-irrigation
35.17362179,69.39563105,849.96,427.2787669,16.823048161247442,1.7373679699969908,5.629961112701574,1.0,0.7196158639792093,0.672367320184402,1,1,ON,100.0,esp32-irrigation
21.72011834,68.36340419,858.02,812.2939875,74.26083120436623,0.8222864969734015,2.7501467268077864,0.0,0.0,0.0,0,0,OFF,0.0,esp32-irrigation
38.74941874,77.36370585,853.6,924.3773967,90.98178714561482,1.561444257395768,6.105854756833934,1.0,0.0,0.0,0,0,OFF,0.0,esp32-irrigation
28.12294442,65.39875492,853.3,885.3095013,85.15351548290107,1.3172948672602731,4.0300403704821335,0.1403680524999999,0.0,0.0,0,0,OFF,0.0,esp32-irrigation
31.43887847,75.33687981,854.19,692.4877654,56.38776171513496,1.1360004167461186,4.405226816971005,0.5548598087499998,0.0602039714144172,0.0471999198613459,0,1,ON,100.0,esp32-irrigation
18.27723458,51.28091256,850.97,852.0975826,80.19885686508461,1.0232194271574977,2.4042132298314707,0.0,0.0,0.0,0,0,OFF,0.0,esp32-irrigation
35.65522829,73.87270239,854.34,412.229136,14.577896831473709,1.5230990138564444,5.496558132209516,1.0,0.7570350528087715,0.666777362001336,1,1,ON,100.0,esp32-irrigation
23.15551873,49.76812942,852.25,791.119,71.10187988792119,1.4245623522522288,3.330323428171825,0.0,0.0,0.0,0,0,OFF,0.0,esp32-irrigation
19.26528914,76.36128408,851.91,943.2583226,93.79850312844628,0.5280950065169858,2.272891387281946,0.0,0.0,0.0,0,0,OFF,0.0,esp32-irrigation
30.95397535,49.85085966,850.08,509.0408695,29.020576100453333,2.2470997438958245,5.312300351967462,0.49424691875,0.5163237316591112,0.5163237316591112,1,1,ON,100.0,esp32-irrigation
30.33156607,67.83171338,856.74,556.4775565,36.09733044783804,1.391094876340329,4.450472566606555,0.4164457587500001,0.398377825869366,0.3377342510383017,1,1,ON,100.0,esp32-irrigation
23.75569725,59.0797077,853.18,570.7247657,38.22277398153591,1.2032372539397265,3.276247443583937,0.0,0.3629537669744015,0.2906567569575403,1,1,ON,100.0,esp32-irrigation
31.27843753,42.90788725,857.68,676.3596509,53.98171880570933,2.6058553092835184,5.602300117307743,0.5348046912500002,0.1003046865715112,0.1003046865715112,1,1,ON,100.0,esp32-irrigation
22.87595927,44.16219144,853.52,852.2911161,80.22772880206219,1.5569974855723008,3.371704013305496,0.0,0.0,0.0,0,0,OFF,0.0,esp32-irrigation
30.82452925,54.87089509,849.63,494.2458963,26.81341540829664,2.007300544962511,5.075696403106856,0.4780661562500001,0.553109743195056,0.553109743195056,1,1,ON,100.0,esp32-irrigation
19.72029406,80.07495629,852.44,702.9175601,57.94371133247554,0.4578974447184225,2.289608207807098,0.0,0.0342714777920742,0.0210589444229658,0,0,OFF,0.0,esp32-irrigation
23.80677484,78.49591472,857.83,611.68898,44.333944469363686,0.634259822763586,2.906589621344313,0.0,0.2611009255106052,0.1719519194397437,1,1,ON,100.0,esp32-irrigation
20.88368526,43.87879377,854.7,486.3515944,25.63571859126572,1.385796563430907,2.964915517122045,0.0,0.5727380234789048,0.4847936079102715,1,1,ON,100.0,esp32-irrigation
21.27366221,40.43975343,853.68,938.6938915,93.11756692330482,1.5063496239992882,3.09358883464113,0.0,0.0,0.0,0,0,OFF,0.0,esp32-irrigation
34.28087653,66.97137359,853.89,901.4618307,87.56317084736276,1.7845413191450084,5.51136251165059,0.91010956625,0.0,0.0,0,0,OFF,0.0,esp32-irrigation
20.77505597,74.67908546,856.36,576.1790374,39.036459409542125,0.6210838132058711,2.5098045364798054,0.0,0.3493923431742979,0.2289466537880557,1,1,ON,100.0,esp32-irrigation
18.16576125,77.57573539,858.21,819.4827949,75.33328013024635,0.4676803501379126,2.11136257999421,0.0,0.0,0.0,0,0,OFF,0.0,esp32-irrigation
20.89229711,71.78892948,858.71,323.9431469,1.4071149601220234,0.6969826724890189,2.568361479896592,0.0,0.9765480839979664,0.6584333153487165,1,1,ON,100.0,esp32-irrigation
20.11365724,40.12107865,854.29,379.8787306,9.75176148070379,1.4100189133809684,2.8652702819073865,0.0,0.8374706419882701,0.7139476821453257,1,1,ON,100.0,esp32-irrigation
35.89733467,43.98947293,849.98,720.9247919,60.63008687815845,3.308885754731933,6.5665453623352406,1.0,0.0,0.0,0,1,ON,100.0,esp32-irrigation
37.48797846,76.37805754,852.07,943.8178951,93.88198191612072,1.5220858970252986,5.828171180419783,1.0,0.0,0.0,0,0,OFF,0.0,esp32-irrigation
24.02454948,41.56558898,855.37,630.3549471,47.118592221494126,1.7462055210192318,3.679552142889513,0.0,0.2146901296417645,0.2010683372430782,1,1,ON,100.0,esp32-irrigation
32.1073703,62.34340789,851.34,734.9599717,62.72389919827213,1.8013786139956716,5.126736578488607,0.6384212874999999,0.0,0.0,0,1,ON,100.0,esp32-irrigation
29.98347052,58.61215717,851.61,767.9292566,67.64236094173748,1.754448823740845,4.703331369338973,0.3729338150000001,0.0,0.0,0,0,OFF,0.0,esp32-irrigation
34.75084453,38.41494083,854.29,807.8034516,73.5909189178608,3.415330079694612,6.322888142514632,0.9688555662500002,0.0,0.0,0,0,OFF,0.0,esp32-irrigation
20.12291671,65.44328414,855.06,779.1469646,69.3158539463542,0.8142019443622924,2.5356257212153537,0.0,0.0,0.0,0,0,OFF,0.0,esp32-irrigation
26.92077778,78.13943016,854.45,349.958555,5.288175464424579,0.7757885297790239,3.429418663599845,0.0,0.9118637422595904,0.6327852291213868,1,1,ON,100.0,esp32-irrigation
37.662008,51.00641696,851.18,720.150386,60.51455856734988,3.1868543794415403,6.947050278341734,1.0,0.0,0.0,0,1,ON,100.0,esp32-irrigation
24.81746093,71.72648652,854.05,319.8331213,0.793968398418373,0.8859497877652666,3.214238275825572,0.0,0.9867671933596938,0.711940143062534,1,1,ON,100.0,esp32-irrigation
25.28934964,55.98172687,852.25,561.5130669,36.848543746408005,1.418615192973116,3.657514608123905,0.0,0.3858576042265332,0.3297746670332586,1,1,ON,100.0,esp32-irrigation
19.0647559,59.18502626,857.54,897.6119838,86.98883856344207,0.9004951781398775,2.444552030921155,0.0,0.0,0.0,0,0,OFF,0.0,esp32-irrigation
27.47323835,67.09814079,856.89,443.9106977,19.3042519728522,1.206028129125302,3.840637780846325,0.0591547937499998,0.67826246711913,0.5436321371284639,1,1,ON,100.0,esp32-irrigation
36.16296063,63.26411405,848.64,970.1487527,97.81010217020102,2.2020677758872726,6.3076665392941385,1.0,0.0,0.0,0,0,OFF,0.0,esp32-irrigation
24.89691131,51.52948919,852.29,505.594593,28.50644971966993,1.5260348708570215,3.670708966106359,0.0,0.5248925046721679,0.4626973187313865,1,1,ON,100.0,esp32-irrigation
22.5288378,57.65249263,851.16,719.5294201,60.42192091893226,1.1562409377261762,3.066952660842815,0.0,0.0,0.0,0,0,OFF,0.0,esp32-irrigation
35.29840593,69.69307416,851.74,767.1388035,67.52443865909939,1.7323688656463814,5.648074053598828,1.0,0.0,0.0,0,0,OFF,0.0,esp32-irrigation
38.71046935,65.5124067,852.75,328.7653357,2.126504270642588,2.373964440370043,7.031514764533826,1.0,0.964558262155957,0.964558262155957,1,1,ON,100.0,esp32-irrigation
33.68680908,53.97390854,849.93,447.158083,19.78870713810031,2.4058763339632487,6.00743252043752,0.8358511350000004,0.6701882143649949,0.6701882143649949,1,1,ON,100.0,esp32-irrigation
30.13807336,61.04596397,851.68,617.0165158,45.12872303670962,1.665980086061715,4.654665507228506,0.39225917,0.2478546160548396,0.2271575216738786,1,1,ON,100.0,esp32-irrigation
21.21469846,43.47293583,852.54,925.6858539,91.17698691111416,1.4244780504765917,3.0365912426835315,0.0,0.0,0.0,0,0,OFF,0.0,esp32-irrigation
24.93143174,48.12679337,855.13,627.0938279,46.6320881897952,1.636528400275599,3.753212101701199,0.0,0.22279853017008,0.2025532956257889,1,1,ON,100.0,esp32-irrigation
36.47025281,64.83185223,853.4,577.8601122,39.28724744200272,2.143853037372587,6.308173563989827,1.0,0.3452125426332879,0.3452125426332879,1,1,ON,100.0,esp32-irrigation
31.92729222,55.12754876,851.96,657.3298885,51.14279892511358,2.124833764408053,5.390692226692851,0.6159115274999998,0.1476200179147736,0.1476200179147736,1,1,ON,100.0,esp32-irrigation
28.7158071,65.93770514,854.6,488.3075158,25.92750910502129,1.3421767720613316,4.14512513637329,0.2144758874999999,0.5678748482496452,0.4744845318144544,1,1,ON,100.0,esp32-irrigation
25.0587487,78.32053737,853.23,730.8383305,62.10901978478231,0.6891640842193955,3.1102369439417608,0.0,0.0,0.0,0,0,OFF,0.0,esp32-irrigation
19.68317819,75.98983366,854.56,486.5522376,25.665651175678136,0.5505084168759924,2.3354841350347257,0.0,0.572239147072031,0.3648751902682885,1,1,ON,100.0,esp32-irrigation
33.39403736,52.6565803,857.78,668.9531786,52.87679794460852,2.434586774667115,5.974996190115337,0.7992546699999998,0.1187200342565246,0.1187200342565246,1,1,ON,100.0,esp32-irrigation
26.69244574,57.68292281,857.75,942.4457835,93.67728598677814,1.4817378484233057,3.927349377919626,0.0,0.0,0.0,0,0,OFF,0.0,esp32-irrigation
38.85702138,79.00919401,849.69,372.0859795,8.589214331805895,1.4563389725213565,6.004737577138863,1.0,0.8568464278032352,0.7403879254705071,1,1,ON,100.0,esp32-irrigation
36.31416897,61.15957193,855.32,361.9242067,7.073249065522951,2.347582937811944,6.493515245217358,1.0,0.8821125155746175,0.8821125155746175,1,1,ON,100.0,esp32-irrigation
31.30407949,64.04196252,855.87,911.2861839,89.0287987951649,1.6436251656750924,4.839181424076602,0.5380099362499999,0.0,0.0,0,0,OFF,0.0,esp32-irrigation
23.82153086,80.40253429,851.87,873.6624741,83.41597528807871,0.5785372652009678,2.8715550345855867,0.0,0.0,0.0,0,0,OFF,0.0,esp32-irrigation
21.60208201,39.26572031,857.05,952.0486962,95.10987874346203,1.5672366589734503,3.1799922826761806,0.0,0.0,0.0,0,0,OFF,0.0,esp32-irrigation
25.14879702,50.09716875,858.43,591.1763601,41.27380723731848,1.5948759798090986,3.759415642233628,0.0,0.3121032127113586,0.2804930856493282,1,1,ON,100.0,esp32-irrigation
23.5992587,78.98119843,851.96,813.4714178,74.43648396431271,0.6122551979248,2.865008494423833,0.0,0.0,0.0,0,0,OFF,0.0,esp32-irrigation
36.19652503,62.34131248,850.96,670.6364274,53.127910301235154,2.261538986736676,6.377610894725126,1.0,0.1145348283127474,0.1145348283127474,1,1,ON,100.0,esp32-irrigation
26.83057979,79.23044087,856.92,855.899335,80.76601426004306,0.7331770255893213,3.3845937291396218,0.0,0.0,0.0,0,0,OFF,0.0,esp32-irrigation
36.3801787,48.66714936,853.91,928.8374856,91.64715725278096,3.113875451205625,6.670002003358847,1.0,0.0,0.0,0,0,OFF,0.0,esp32-irrigation
36.00144994,46.25473153,854.66,378.8927401,9.604668312975726,3.193259188936766,6.588811656880909,1.0,0.8399221947837379,0.8399221947837379,1,1,ON,100.0,esp32-irrigation
26.18713782,73.97234228,855.31,669.872519,53.013948040533776,0.8846293857954038,3.40688780544658,0.0,0.116434199324437,0.0839673782207076,1,0,OFF,0.0,esp32-irrigation
36.773865,78.88268731,854.16,462.2594595,22.04157803943177,1.3088381449463735,5.467367104607876,1.0,0.6326403660094705,0.5233261437712428,1,1,ON,100.0,esp32-irrigation
19.95890786,42.78475448,851.89,740.6283785,63.56952997481952,1.3344540284923947,2.8009492228795243,0.0,0.0,0.0,0,0,OFF,0.0,esp32-irrigation
28.59547459,67.46050869,856.79,725.5696028,61.3230143949843,1.2732646787677449,4.069897183038369,0.1994343237499998,0.0,0.0,0,0,OFF,0.0,esp32-irrigation
34.99422769,70.21875206,856.32,387.2806112,10.855997337539083,1.6739704812992562,5.531909478939895,0.9992784612500004,0.8190667110410152,0.7523067296448894,1,1,ON,100.0,esp32-irrigation
34.75825292,38.50470223,852.86,655.9913138,50.94310613612255,3.411751404506856,6.324453550230606,0.9697816149999996,0.1509482310646242,0.1509482310646242,1,1,ON,100.0,esp32-irrigation
25.52386305,61.41103437,854.43,910.9250493,88.97492359830429,1.2610798361141318,3.581828593120193,0.0,0.0,0.0,0,0,OFF,0.0,esp32-irrigation
24.21515713,52.2158937,850.87,602.0830295,42.90089852410959,1.4443559037230953,3.507150806002045,0.0,0.2849850245981734,0.2453974629868475,1,1,ON,100.0,esp32-irrigation
31.20842021,50.53214561,855.14,877.2663252,83.95360914390113,2.2488952571468896,5.363533217876975,0.52605252625,0.0,0.0,0,0,OFF,0.0,esp32-irrigation
27.75952594,51.33794761,855.7,630.7484579,47.17729740182517,1.8137933300766231,4.361434036986072,0.0949407424999999,0.2137117099695804,0.2037630735103139,1,1,ON,100.0,esp32-irrigation
29.99603646,64.89989065,853.84,354.9000979,6.02537039543574,1.4889819271157028,4.478615928108623,0.3745045574999999,0.8995771600760709,0.7846521133878702,1,1,ON,100.0,esp32-irrigation
30.36750131,71.64409453,856.77,787.2023949,70.51758840549927,1.228754601492599,4.315712126946324,0.4209376637500002,0.0,0.0,0,0,OFF,0.0,esp32-irrigation
19.79260314,68.3918075,854.39,844.2273386,79.02474908133533,0.729652787086107,2.44664698634714,0.0,0.0,0.0,0,0,OFF,0.0,esp32-irrigation
36.68409243,72.46157172,854.61,594.5067755,41.77064909435092,1.6984730916333446,5.871600798010689,1.0,0.3038225150941513,0.280919849177021,1,1,ON,100.0,esp32-irrigation
28.27464248,56.75303114,851.66,641.7629368,48.82047204932432,1.6610290051434011,4.329258286317042,0.15933031,0.1863254658445946,0.1705357337134792,1,1,ON,100.0,esp32-irrigation
32.72545563,59.25904096,853.61,646.0326089,49.457435178633546,2.017981664002284,5.444400441809609,0.7156819537499999,0.1757094136894409,0.1757094136894409,1,1,ON,100.0,esp32-irrigation
33.93470436,68.3835802,853.09,717.0548928,60.05276314389629,1.6756550872210851,5.339852838275278,0.8668380449999997,0.0,0.0,0,1,ON,100.0,esp32-irrigation
28.2767208,76.30908786,854.77,443.3671631,19.223165769603984,0.910030127883558,3.7287040098169215,0.1595900999999999,0.6796139038399337,0.4944242338756915,1,1,ON,100.0,esp32-irrigation
27.39339072,64.49117413,853.39,528.2198127,31.8817512425716,1.2955242222924277,3.897420073918332,0.0491738399999999,0.4686374792904734,0.3861015411189552,1,1,ON,100.0,esp32-irrigation
32.36154182,76.31835181,853.39,839.8221368,78.36756720458965,1.149219075769245,4.565469431589174,0.6701927274999999,0.0,0.0,0,0,OFF,0.0,esp32-irrigation
21.35934689,61.54007582,857.1,549.6667284,35.08126966420944,0.9778176652764125,2.79423702759194,0.0,0.415312172263176,0.3091809807924016,1,1,ON,100.0,esp32-irrigation
35.50829318,73.91770372,852.25,894.46298,86.5190602601727,1.5082297294379865,5.454718365226111,1.0,0.0,0.0,0,0,OFF,0.0,esp32-irrigation
23.43336012,41.30489968,850.77,452.9699452,20.6557390429686,1.6927226344853712,3.5477688253464463,0.0,0.6557376826171899,0.6053643457213704,1,1,ON,100.0,esp32-irrigation
26.20960228,51.86190813,858.83,892.4070501,86.21235016345487,1.638290840349396,3.964622016783384,0.0,0.0,0.0,0,0,OFF,0.0,esp32-irrigation
21.46339691,53.65847221,858.48,685.2378214,55.30619223874436,1.185732304946287,2.931985348834203,0.0,0.0782301293542606,0.0623050625759987,0,1,ON,100.0,esp32-irrigation
24.71913923,59.51550462,851.4,617.9351354,45.26576560142105,1.2611597024917074,3.4594931845592947,0.0,0.2455705733096491,0.2002112144488033,1,1,ON,100.0,esp32-irrigation
21.4128709,45.1182899,856.75,601.8575722,42.86726409411823,1.3999117348999337,3.051679880543785,0.0,0.2855455984313629,0.2427074577389536,1,1,ON,100.0,esp32-irrigation
26.0782639,43.38436116,853.21,376.4279795,9.236967565001637,1.9119230432405108,4.143104007010418,0.0,0.8460505405833061,0.8274211513634815,1,1,ON,100.0,esp32-irrigation
34.1000339,74.41620088,854.17,869.7413029,82.8310026204799,1.3684669192763033,5.065916738062848,0.8875042375,0.0,0.0,0,0,OFF,0.0,esp32-irrigation
29.65736811,42.88919377,854.78,702.6672838,57.90637432590778,2.3760305113223272,5.1703769731387625,0.33217101375,0.0348937612348703,0.0348937612348703,0,1,ON,100.0,esp32-irrigation
38.48150709,61.34445925,852.4,345.0181405,4.551148871678813,2.6282668252389936,7.125984474063962,1.0,0.9241475188053532,0.9241475188053532,1,1,ON,100.0,esp32-irrigation
36.27399585,78.06746992,851.29,928.1532066,91.54507435672892,1.322727751661348,5.395116381285522,1.0,0.0,0.0,0,0,OFF,0.0,esp32-irrigation
21.56813386,46.86483943,853.29,670.9091413,53.168594619628166,1.368299510993095,3.055975794205648,0.0,0.1138567563395305,0.0958759141754252,1,1,ON,100.0,esp32-irrigation
25.89631897,59.94223996,852.2,662.9027511,51.97417611703105,1.3382867396889986,3.694949846564311,0.0,0.1337637313828158,0.1116354226816438,1,1,ON,100.0,esp32-irrigation
22.96309362,68.02705064,852.76,371.8390999,8.552384055640518,0.8962568782480062,2.9638665918923706,0.0,0.8574602657393248,0.6208562981179706,1,1,ON,100.0,esp32-irrigation
35.16312211,61.43569729,853.21,539.3897504,33.54811772340301,2.187973937785105,6.090159680520524,1.0,0.4408647046099498,0.4408647046099498,1,1,ON,100.0,esp32-irrigation
31.03317676,43.46638953,852.09,688.3047291,55.76372318729062,2.5446257268499632,5.552405967324726,0.504147095,0.0706046135451562,0.0706046135451562,0,1,ON,100.0,esp32-irrigation
33.44371056,53.24901897,855.29,441.5814782,18.956771673002457,2.410808277644229,5.9622281596207385,0.8054638199999999,0.6840538054499591,0.6840538054499591,1,1,ON,100.0,esp32-irrigation
37.92904446,58.35943206,856.77,366.1914629,7.709851783262369,2.748020239683476,7.005202028255442,1.0,0.8715024702789606,0.8715024702789606,1,1,ON,100.0,esp32-irrigation
24.37125102,69.41026616,853.23,771.0960549,68.11479388455271,0.9333107695625918,3.1840616877121963,0.0,0.0,0.0,0,0,OFF,0.0,esp32-irrigation
38.37140485,70.44100583,853.59,486.1275968,25.602301923917004,1.997881673375286,6.5313063487406495,1.0,0.5732949679347166,0.5729913614361188,1,1,ON,100.0,esp32-irrigation
36.48321687,73.33550255,854.47,753.558164,65.49843609231202,1.6266224285409818,5.756980760787129,1.0,0.0,0.0,0,0,OFF,0.0,esp32-irrigation
22.80556215,51.78262122,856.04,920.6298032,90.42270934590768,1.3387876303453656,3.222503109442705,0.0,0.0,0.0,0,0,OFF,0.0,esp32-irrigation
37.7586755,79.8358435,853.26,357.1373695,6.359133618014506,1.3184933636218408,5.650829994207575,1.0,0.8940144396997582,0.7416952462814366,1,1,ON,100.0,esp32-irrigation
27.76487617,52.38554115,856.12,441.6204999,18.96259305308993,1.7753000541645894,4.332185378729944,0.0956095212500001,0.6839567824485011,0.6455355194560162,1,1,ON,100.0,esp32-irrigation
38.44003878,57.33845813,854.19,905.3521644,88.1435430796026,2.894167620851683,7.116896291895329,1.0,0.0,0.0,0,0,OFF,0.0,esp32-irrigation
30.2318539,47.24443225,850.88,622.7533417,45.984560790050494,2.268394073121022,5.190574880275082,0.4039817375000001,0.2335906534991584,0.2335906534991584,1,1,ON,100.0,esp32-irrigation
25.90705251,68.17293581,856.66,624.1145167,46.1876251629651,1.06398341837164,3.4973428776610893,0.0,0.230206247283915,0.1763370311208692,1,1,ON,100.0,esp32-irrigation
19.01137336,62.89936687,857.54,968.0013966,97.48975282506107,0.8158254716889844,2.3932120032459485,0.0,0.0,0.0,0,0,OFF,0.0,esp32-irrigation
29.95834927,63.95561988,852.1,827.8263164,76.5779929418224,1.5257365985316595,4.503648127468679,0.3697936587499999,0.0,0.0,0,0,OFF,0.0,esp32-irrigation
18.18557726,38.99320507,855.51,712.4642446,59.36791578921777,1.2739415231828386,2.517733132316937,0.0,0.0105347368463705,0.0086225280992841,0,0,OFF,0.0,esp32-irrigation
23.93879456,71.67287997,856.44,573.8972251,38.696051465076266,0.8421576506140513,3.062534079235543,0.0,0.3550658089153956,0.2522882513200896,1,1,ON,100.0,esp32-irrigation
28.97867778,45.60550322,853.6,529.8468862,32.12448319104513,2.1761848169707942,4.873438798052347,0.2473347225000002,0.4645919468159145,0.4645919468159145,1,1,ON,100.0,esp32-irrigation
37.56303909,63.99490425,855.77,316.8431429,0.347914005100672,2.3294655900769285,6.73656939474432,1.0,0.9942014332483222,0.9942014332483222,1,1,ON,100.0,esp32-irrigation
24.59477353,55.99713172,860.56,832.0638767,77.21016553168582,1.3606195503930043,3.508975900331079,0.0,0.0,0.0,0,0,OFF,0.0,esp32-irrigation
26.6075727,55.80616586,852.44,776.4805212,68.91806552316592,1.539746355624222,3.9570142305847886,0.0,0.0,0.0,0,0,OFF,0.0,esp32-irrigation
35.86218311,53.73659462,849.84,827.1269749,76.47366297458773,2.7277927269265727,6.55903300035238,1.0,0.0,0.0,0,0,OFF,0.0,esp32-irrigation
25.40060979,78.65232823,855.31,366.5059857,7.756773285015891,0.6925525671517037,3.158767229031645,0.0,0.8707204452497351,0.5861151425321621,1,1,ON,100.0,esp32-irrigation
21.12522601,69.36038489,856.87,455.6571221,21.05662055497779,0.767889945206001,2.639614905955264,0.0,0.6490563240837035,0.4491291183259126,1,1,ON,100.0,esp32-irrigation
23.16220222,61.95920312,854.24,520.4901925,30.72862216013836,1.0792624447190862,3.109045867890693,0.0,0.4878562973310273,0.3755593936977852,1,1,ON,100.0,esp32-irrigation
33.73314222,59.9203571,857.19,452.7554987,20.62374723879483,2.100466839999507,5.718454171579979,0.8416427774999997,0.6562708793534194,0.6562708793534194,1,1,ON,100.0,esp32-irrigation
21.07410481,71.14853521,851.72,919.9155821,90.31615959308834,0.720810111114807,2.605519293646508,0.0,0.0,0.0,0,0,OFF,0.0,esp32-irrigation
20.41709013,68.41054551,856.88,747.4730797,64.59064405417436,0.7579382158108025,2.5421758842385014,0.0,0.0,0.0,0,0,OFF,0.0,esp32-irrigation
37.8238746,58.10928073,851.55,745.8305981,64.34561347682187,2.7488379021501728,6.982281629579268,1.0,0.0,0.0,0,1,ON,100.0,esp32-irrigation
19.26945473,75.75961311,859.59,716.629197,59.989256503912905,0.5416769494902802,2.2806100515472885,0.0,0.0001790582681182,0.0001137770681729,0,0,OFF,0.0,esp32-irrigation
34.67225382,64.76614342,858.42,933.0958156,92.2824283318953,1.945481150517006,5.74677606248976,0.9590317275000002,0.0,0.0,0,0,OFF,0.0,esp32-irrigation
34.47638907,42.72044652,851.55,559.8479747,36.6001400485455,3.128601475496752,6.264978506443752,0.9345486337500004,0.389997665857575,0.389997665857575,1,1,ON,100.0,esp32-irrigation
29.74307967,72.95021801,852.66,553.2480918,35.61554873413088,1.1309343025103349,4.132913725925695,0.34288495875,0.4064075210978187,0.3181088121508383,1,1,ON,100.0,esp32-irrigation
25.82827076,63.80662292,856.65,816.5140673,74.89039599819259,1.204322519044554,3.587344129311026,0.0,0.0,0.0,0,0,OFF,0.0,esp32-irrigation
36.93241766,44.69800954,852.2,759.7752426,66.42591945578091,3.457344349075405,6.788934502392782,1.0,0.0,0.0,0,1,ON,100.0,esp32-irrigation
38.06321422,62.89537565,852.92,697.6931645,57.16431954495975,2.466506021310405,6.996778224166572,1.0,0.0472613409173375,0.0472613409173375,0,1,ON,100.0,esp32-irrigation
32.48942816,47.92168299,853.76,874.5652464,83.55065370267211,2.5455197732882606,5.850605947172008,0.6861785200000003,0.0,0.0,0,0,OFF,0.0,esp32-irrigation
36.07932692,43.28696289,848.47,823.3183324,75.90547769281395,3.3840126345599306,6.605481680554217,1.0,0.0,0.0,0,0,OFF,0.0,esp32-irrigation
30.44889422,49.66022294,853.91,737.8325261,63.15243590949522,2.191564500934278,5.165912469680314,0.4311117774999999,0.0,0.0,0,1,ON,100.0,esp32-irrigation
37.57426137,77.21242097,851.37,739.5524515,63.40901979680648,1.4752135165986746,5.792023480681515,1.0,0.0,0.0,0,1,ON,100.0,esp32-irrigation
25.10528173,70.93392985,853.35,486.3597199,25.63693077894336,0.9265384482955992,3.2831514494116867,0.0,0.572717820350944,0.4190201803202723,1,1,ON,100.0,esp32-irrigation
22.8188831,64.0499495,858.47,534.872179,32.87417219587131,0.998982816201444,3.009184853654456,0.0,0.4520971300688115,0.3389578810825887,1,1,ON,100.0,esp32-irrigation
33.239722,51.95126264,850.47,751.0428356,65.12319148069315,2.449611691272628,5.957644437151072,0.77996525,0.0,0.0,0,1,ON,100.0,esp32-irrigation
35.11354359,79.30716998,855.42,519.5749133,30.59207792681804,1.1708134138528228,5.038649798973071,1.0,0.4901320345530326,0.3885293074299328,1,1,ON,100.0,esp32-irrigation
27.49504834,53.08887922,853.6,358.1356107,6.5080543837467015,1.7217356429690185,4.24400784713266,0.0618810425,0.891532426937555,0.8295120025490426,1,1,ON,100.0,esp32-irrigation
36.42534595,38.24653941,852.53,470.3655623,23.250871981697333,3.7552620984439673,6.67970512903339,1.0,0.6124854669717111,0.6124854669717111,1,1,ON,100.0,esp32-irrigation
26.07338056,56.7926139,856.45,860.4781521,81.44909661396683,1.4587023829929826,3.810679416598596,0.0,0.0,0.0,0,0,OFF,0.0,esp32-irrigation
30.37070598,61.39044027,854.81,880.3995155,84.42102833944296,1.6733858622531834,4.701690741307315,0.4213382475,0.0,0.0,0,0,OFF,0.0,esp32-irrigation
21.55157509,54.13914051,856.44,429.4377613,17.145133744631018,1.1797814030121738,2.9410498801090568,0.0,0.7142477709228163,0.5677879447808177,1,1,ON,100.0,esp32-irrigation
18.3473087,66.93525508,857.82,719.0508987,60.35053358959016,0.6974990895966563,2.248801487475546,0.0,0.0,0.0,0,0,OFF,0.0,esp32-irrigation
35.40486533,54.30734787,852.52,507.7176601,28.82317555530248,2.62720334229959,6.461538538170345,1.0,0.5196137407449587,0.5196137407449587,1,1,ON,100.0,esp32-irrigation
24.93429018,75.59149147,853.08,424.4181997,16.396299738268702,0.7701861000004843,3.1499554730110884,0.0,0.7267283376955216,0.503293184890148,1,1,ON,100.0,esp32-irrigation
24.29321167,43.66936755,851.97,812.4831315,74.28904830191104,1.7106694377119611,3.699759700463314,0.0,0.0,0.0,0,0,OFF,0.0,esp32-irrigation
20.90131276,77.212802,853.03,354.6334099,5.985585039780626,0.5632925887101387,2.492266602033729,0.0,0.9002402493369897,0.5768947897960182,1,1,ON,100.0,esp32-irrigation
23.19348881,38.01672092,862.19,551.4378453,35.34549046069554,1.7618653699679476,3.553608849420768,0.0,0.410908492321741,0.3864456068727245,1,1,ON,100.0,esp32-irrigation
20.63926315,44.15782751,858.23,659.7350717,51.501611728943175,1.358321113242983,2.91322103828371,0.0,0.1416398045176137,0.1189179864967777,1,1,ON,100.0,esp32-irrigation
23.37986656,53.73109939,851.42,451.1136641,20.37881318293978,1.3300634113011054,3.303301254538077,0.0,0.6603531136176704,0.5497544355492414,1,1,ON,100.0,esp32-irrigation
18.3423435,65.70036013,852.09,922.2037807,90.65752026589902,0.7233238909094699,2.2612426311028253,0.0,0.0,0.0,0,0,OFF,0.0,esp32-irrigation
20.12078232,81.0980471,856.39,969.2404266,97.6745952222344,0.4452962348362211,2.3304267241469807,0.0,0.0,0.0,0,0,OFF,0.0,esp32-irrigation
26.09057087,51.41445044,855.84,456.3830632,21.164918734304063,1.641938424438617,3.947580948102242,0.0,0.6472513544282655,0.5893123944905596,1,1,ON,100.0,esp32-irrigation
26.12876314,81.19037308,855.84,774.6999965,68.65244124145015,0.6371029461399856,3.2170612297747354,0.0,0.0,0.0,0,0,OFF,0.0,esp32-irrigation
29.71219935,40.29955045,853.4,528.7519516,31.961137399408123,2.491611952062505,5.278887407384429,0.3390249187499998,0.4673143766765312,0.4673143766765312,1,1,ON,100.0,esp32-irrigation
23.36094055,75.52934501,854.48,837.1555265,77.9697538827338,0.7026402507378792,2.8928183254677906,0.0,0.0,0.0,0,0,OFF,0.0,esp32-irrigation
31.78713416,72.36973617,854.61,439.7023375,18.6764355458595,1.2980363426327854,4.6088255479025815,0.5983917700000001,0.6887260742356749,0.5678609057370154,1,1,ON,100.0,esp32-irrigation
34.21423244,72.16583696,853.71,862.5903911,81.7642070795431,1.4983237938557252,5.214579772037867,0.9017790550000004,0.0,0.0,0,0,OFF,0.0,esp32-irrigation
29.09719244,72.90053666,848.56,528.8367524,31.97378824979449,1.091629060435878,3.999788248174542,0.2621490550000001,0.4671035291700918,0.3610277112536034,1,1,ON,100.0,esp32-irrigation
20.15283446,55.95583492,854.61,637.7533943,48.22231587290544,1.0396604042250075,2.664956393370346,0.0,0.196294735451576,0.1491673337274946,1,1,ON,100.0,esp32-irrigation
20.75382795,65.3584069,852.98,390.9213181,11.399129457666456,0.8485967422154498,2.6376370722078923,0.0,0.8100145090388924,0.5768511728988589,1,1,ON,100.0,esp32-irrigation
31.24489844,57.20495961,854.29,416.6598682,15.238887413688012,1.949575196529204,5.102687664343152,0.530612305,0.7460185431051998,0.7366140834997874,1,1,ON,100.0,esp32-irrigation
37.58506571,51.59713281,860.55,949.1042318,94.67061427199044,3.1353229622177685,6.93032257447793,1.0,0.0,0.0,0,0,OFF,0.0,esp32-irrigation
32.88497251,57.54560075,854.57,939.5111601,93.2394896266764,2.121779018448477,5.5734070101914615,0.7356215637499997,0.0,0.0,0,0,OFF,0.0,esp32-irrigation
34.91442868,46.72748941,852.63,751.7971045,65.23571569042922,2.9812057433663,6.357481296632336,0.989303585,0.0,0.0,0,1,ON,100.0,esp32-irrigation
36.72206944,57.00376392,855.5,325.2868423,1.607571671264411,2.6573591444177387,6.743556841991492,1.0,0.9732071388122598,0.9732071388122598,1,1,ON,100.0,esp32-irrigation
38.95506299,64.98230855,854.13,631.5418534,47.29565864096105,2.4423513711374145,7.163334917762317,1.0,0.2117390226506491,0.2117390226506491,1,1,ON,100.0,esp32-irrigation
20.3770208,39.07489612,856.2,422.0394626,16.041432246917328,1.4581897729617312,2.931111094248037,0.0,0.7326427958847113,0.6334044559906493,1,1,ON,100.0,esp32-irrigation
31.09522233,59.67784765,855.39,344.924981,4.537251044104446,1.821353434609547,4.960746885065622,0.5119027912499998,0.924379149264926,0.8830948592312439,1,1,ON,100.0,esp32-irrigation
37.15183409,63.47640333,858.28,830.6291907,76.99613455630103,2.3108093327479216,6.62942776889228,1.0,0.0,0.0,0,0,OFF,0.0,esp32-irrigation
38.29119853,53.34994484,850.18,811.0181793,74.07050211950035,3.139447873857985,7.084306087472783,1.0,0.0,0.0,0,0,OFF,0.0,esp32-irrigation
20.60623953,40.07331672,856.31,620.8442448,45.69975570265783,1.4547114607366696,2.963267896950849,0.0,0.2383374049557029,0.2058467411056759,1,1,ON,100.0,esp32-irrigation
22.73961437,73.61460123,852.56,699.3393161,57.40989762446928,0.7296866699800899,2.82808135959215,0.0,0.0431683729255121,0.0294590330348749,0,0,OFF,0.0,esp32-irrigation
23.07764881,45.08808056,856.22,981.2255661,99.46257607470493,1.5499763971006946,3.39882437103632,0.0,0.0,0.0,0,0,OFF,0.0,esp32-irrigation
25.28373075,62.97368855,852.27,729.7888128,61.952449429307606,1.1928807173866582,3.496931390229568,0.0,0.0,0.0,0,0,OFF,0.0,esp32-irrigation
25.69089663,38.57393698,853.47,657.9166203,51.230329422688136,2.0273706594837124,4.159023015171883,0.0,0.146161176288531,0.146161176288531,1,1,ON,100.0,esp32-irrigation
21.51627887,43.23193342,854.28,493.5383052,26.707854739755525,1.4572221622324035,3.101238707703257,0.0,0.5548690876707413,0.4795764267582403,1,1,ON,100.0,esp32-irrigation
27.73215822,38.4294526,856.71,640.9990847,48.70651818763424,2.291273930177865,4.7305506769993055,0.0915197774999998,0.1882246968727627,0.1882246968727627,1,1,ON,100.0,esp32-irrigation
25.97512825,45.77770331,856.78,617.8210787,45.248750263744256,1.819971820492309,4.05818999007037,0.0,0.245854162270929,0.2347889929564231,1,1,ON,100.0,esp32-irrigation
30.43327947,49.70390515,850.83,718.4656866,60.26322980564722,2.187708983900266,5.159566053807239,0.4291599337499998,0.0,0.0,0,1,ON,100.0,esp32-irrigation
28.89016573,46.27768309,854.27,647.5612571,49.685483730906434,2.1383215519748617,4.825752564207104,0.2362707162499999,0.1719086044848927,0.1719086044848927,1,1,ON,100.0,esp32-irrigation
20.93347526,77.1449252,853.31,869.2399037,82.75620230889037,0.5660884366362912,2.497874222018704,0.0,0.0,0.0,0,0,OFF,0.0,esp32-irrigation
33.63012281,67.57685569,850.42,982.28253,99.6202572777441,1.6894686724772154,5.297992849119553,0.8287653512500004,0.0,0.0,0,0,OFF,0.0,esp32-irrigation
26.65202314,68.4062962,853.86,715.3730877,59.801866162981966,1.1036306970384058,3.637445132822435,0.0,0.0033022306169672,0.0025622260778798,0,0,OFF,0.0,esp32-irrigation
21.00743281,47.63123905,854.31,516.6831243,30.160671737396143,1.3030086551679845,2.9351111204118263,0.0,0.4973221377100643,0.4106648313157466,1,1,ON,100.0,esp32-irrigation
35.53400744,38.66162365,859.4,583.7771166,40.16996479136556,3.5519662605544173,6.489024724097214,1.0,0.330500586810574,0.330500586810574,1,1,ON,100.0,esp32-irrigation
33.64865346,67.223421,854.64,885.5353147,85.18720303701183,1.7096527945711608,5.321033363741876,0.8310816824999998,0.0,0.0,0,0,OFF,0.0,esp32-irrigation
32.18510736,48.08461257,850.29,720.476255,60.563172730949205,2.4943983124366715,5.782715255548052,0.6481384200000004,0.0,0.0,0,1,ON,100.0,esp32-irrigation
30.12771446,55.43252978,852.57,733.2132242,62.46331390561861,1.90492350996413,4.858135764030357,0.3909643075,0.0,0.0,0,1,ON,100.0,esp32-irrigation
32.04959061,63.55283332,856.31,377.262033,9.361394292611772,1.7378431851233531,5.057636724854927,0.6311988262500003,0.8439767617898039,0.7886631968646234,1,1,ON,100.0,esp32-irrigation
29.06855098,47.56993111,859.33,967.4134579,97.40204227834391,2.108513771785339,4.834524590394286,0.2585688725000001,0.0,0.0,0,0,OFF,0.0,esp32-irrigation
27.88391982,61.53056545,850.29,849.269258,79.77691849470757,1.44431851986688,4.092059600670264,0.1104899774999998,0.0,0.0,0,0,OFF,0.0,esp32-irrigation
19.63485184,71.79444754,850.54,405.2600029,13.538219609433993,0.6447639488521278,2.38066663870448,0.0,0.7743630065094335,0.5120018407352238,1,1,ON,100.0,esp32-irrigation
31.50381657,71.98733233,858.5,636.1071182,47.97671922009386,1.2950451099357667,4.559322132507537,0.5629770712500002,0.2003880129984356,0.16507188558006,1,1,ON,100.0,esp32-irrigation
34.99255766,77.02848242,854.37,949.1121684,94.67179827897122,1.2910840068049314,5.1411181071994365,0.9990697075000003,0.0,0.0,0,0,OFF,0.0,esp32-irrigation
34.19665215,74.30129524,851.33,349.9549026,5.287630587890976,1.382019841134899,5.095990434485986,0.8995815187499998,0.9118728235351504,0.7709929954468954,1,1,ON,100.0,esp32-irrigation
20.66286592,39.98383118,856.46,788.7575911,70.74959747201326,1.4619743498617628,2.9758585851611894,0.0,0.0,0.0,0,0,OFF,0.0,esp32-irrigation
31.05477277,71.06809619,847.28,618.0530624,45.28335832263964,1.3038510659627125,4.49331344132032,0.50684659625,0.2452773612893394,0.2025899678880763,1,1,ON,100.0,esp32-irrigation
28.31616452,61.24234488,854.21,490.9422034,26.320560097964808,1.4921987652578876,4.201041551413811,0.1645205650000001,0.5613239983672532,0.4900637435019355,1,1,ON,100.0,esp32-irrigation
20.82533001,57.41396855,855.92,931.4228172,92.03284516221974,1.0478067608247978,2.7617477007161217,0.0,0.0,0.0,0,0,OFF,0.0,esp32-irrigation
37.04762856,58.64475236,855.46,602.7801956,43.00490395832182,2.60170475703484,6.81382819367708,1.0,0.2832516006946363,0.2832516006946363,1,1,ON,100.0,esp32-irrigation
20.58854026,55.69683421,852.59,485.6146101,25.5257729525878,1.0742806497351864,2.744227049408848,0.0,0.5745704507902033,0.4415977046934863,1,1,ON,100.0,esp32-irrigation
37.32637728,76.10685919,853.34,592.3282993,41.445657154694096,1.526108623218675,5.803021796105917,1.0,0.309239047421765,0.2726026179374536,1,1,ON,100.0,esp32-irrigation
24.04963924,60.77475941,852.4,455.2265441,20.99238557302409,1.1739406413107762,3.300136551745194,0.0,0.6501269071162651,0.5158660531264975,1,1,ON,100.0,esp32-irrigation
28.47624337,60.82339585,854.82,542.5111661,34.01378034703795,1.5224107628509396,4.251887667426338,0.1845304212499998,0.4331036608827008,0.3813922491308422,1,1,ON,100.0,esp32-irrigation
28.48166386,49.7243793,851.94,730.0816688,61.99613860960719,1.954335286193369,4.601185963812189,0.1852079825000001,0.0,0.0,0,1,ON,100.0,esp32-irrigation
26.86314951,74.96327968,853.36,858.2405452,81.11528337027819,0.8855025365898179,3.5042713865310144,0.0,0.0,0.0,0,0,OFF,0.0,esp32-irrigation
20.30467723,53.06416963,852.67,535.7365949,33.00312848192632,1.1183623272425445,2.729809402507375,0.0,0.4499478586345614,0.3507751128973675,1,1,ON,100.0,esp32-irrigation
33.58115225,55.9703125,855.2,564.7519413,37.33172922879283,2.287984132427098,5.871062497694358,0.8226440312500003,0.3778045128534528,0.3778045128534528,1,1,ON,100.0,esp32-irrigation
24.97318376,70.63032718,856.75,770.2200801,67.98411320539611,0.9288808955851608,3.266055977479458,0.0,0.0,0.0,0,0,OFF,0.0,esp32-irrigation
22.50802093,80.66669175,854.31,725.9001981,61.372333642901005,0.5272029354674246,2.671118078269083,0.0,0.0,0.0,0,0,OFF,0.0,esp32-irrigation
37.44809686,68.79065529,853.2,900.5141503,87.4217929009933,2.0066333094658133,6.355853295117611,1.0,0.0,0.0,0,0,OFF,0.0,esp32-irrigation
26.61628443,59.05223719,850.78,651.6851395,50.3006974936699,1.427382278840304,3.8743537596802384,0.0,0.1616550417721683,0.1385134063637797,1,1,ON,100.0,esp32-irrigation
19.10876554,57.70188818,854.56,962.7407569,96.70495402857262,0.9357814946719064,2.468885611247168,0.0,0.0,0.0,0,0,OFF,0.0,esp32-irrigation
24.26397077,46.16010835,854.56,411.0962995,14.408896715039544,1.6321686756850595,3.641846260682276,0.0,0.7598517214160075,0.6899774051731482,1,1,ON,100.0,esp32-irrigation
37.1581512,60.19708563,859.69,569.33281,38.01511764686519,2.5191539532674234,6.837735238243255,1.0,0.3664147058855802,0.3664147058855802,1,1,ON,100.0,esp32-irrigation
33.80055876,47.44208625,850.76,941.8597511,93.58985982789804,2.764796118843391,6.123073343433729,0.8500698450000002,0.0,0.0,0,0,OFF,0.0,esp32-irrigation
19.66012399,79.76691316,858.9,619.75017,45.53653817869238,0.463243745900636,2.2853463164913888,0.0,0.2410576970217936,0.1484459661475358,1,1,ON,100.0,esp32-irrigation
29.30744078,71.60835616,856.58,710.3120523,59.04684496453237,1.1576403493972451,4.087184919449996,0.2884300975,0.0158859172577938,0.0125405033300989,0,0,OFF,0.0,esp32-irrigation
35.53141146,78.28727766,854.04,672.2762317,53.372541470542686,1.2571548191100772,5.198205296919275,1.0,0.1104576421576219,0.0899444103653086,1,1,ON,100.0,esp32-irrigation
20.26834081,62.08224498,859.56,389.4422921,11.178483701452596,0.9014589218715244,2.6033666537720874,0.0,0.8136919383091235,0.590223433515485,1,1,ON,100.0,esp32-irrigation
31.43072787,44.71799177,854.76,690.5214298,56.0944175782285,2.5451501715571547,5.633348164739094,0.5538409837499998,0.0650930403628583,0.0650930403628583,0,1,ON,100.0,esp32-irrigation
24.6801016,41.30469195,855.61,357.5881901,6.426388454781266,1.8242004737981967,3.841622640030786,0.0,0.8928935257536456,0.8536509610596084,1,1,ON,100.0,esp32-irrigation
23.9558904,39.09398529,854.59,789.780008,70.90212484480205,1.8125791507294209,3.712557693081811,0.0,0.0,0.0,0,0,OFF,0.0,esp32-irrigation
20.10428381,74.40509036,858.25,885.2047188,85.13788369958525,0.6023553719658928,2.415627954915264,0.0,0.0,0.0,0,0,OFF,0.0,esp32-irrigation
36.98209281,76.81714578,855.9,318.3073669,0.5663515523422203,1.4532629777780397,5.6608707281592965,1.0,0.990560807460963,0.8551667409107161,1,1,ON,100.0,esp32-irrigation
23.94843057,68.87312137,853.16,673.7193472,53.58782998528241,0.925929329236738,3.11974948283486,0.0,0.1068695002452931,0.0781731512921439,1,0,OFF,0.0,esp32-irrigation
30.50291707,54.86481368,850.64,932.7806058,92.2354043413184,1.9710568357796907,4.984176443682039,0.4378646337499998,0.0,0.0,0,0,OFF,0.0,esp32-irrigation
19.56379336,58.40727796,854.74,347.1670841,4.871735045067873,0.9466014723383682,2.534745174081429,0.0,0.9188044159155354,0.6768376111819278,1,1,ON,100.0,esp32-irrigation
25.61244804,48.71305423,852.53,543.4141879,34.14849598282705,1.6848761437602309,3.8994429685069343,0.0,0.4308584002862158,0.3969149601383432,1,1,ON,100.0,esp32-irrigation
18.6190638,77.62865415,855.21,919.0629785,90.18896550314491,0.4800244601098631,2.1708193102076923,0.0,0.0,0.0,0,0,OFF,0.0,esp32-irrigation
28.05501153,39.34716472,857.33,376.0970504,9.18759851974978,2.2999887023446464,4.798656866432202,0.1318764412500002,0.8468733580041703,0.8468733580041703,1,1,ON,100.0,esp32-irrigation
21.15709792,60.76108588,853.92,620.3312326,45.62322292715833,0.9853305584756022,2.771009699931767,0.0,0.2396129512140278,0.1788309663664402,1,1,ON,100.0,esp32-irrigation
32.60120889,41.75212425,853.58,884.7483674,85.0698037606577,2.8650474559524235,5.873688661768376,0.7001511112500003,0.0,0.0,0,0,OFF,0.0,esp32-irrigation
29.8329718,61.38730568,854.17,704.7999637,58.224534229315566,1.6227308679939132,4.564824895260503,0.3541214749999999,0.0295910961780739,0.0268001443855212,0,1,ON,100.0,esp32-irrigation
35.23556139,80.28679709,855.49,983.0992354,99.74209596116611,1.1229233817817112,5.00980071899126,1.0,0.0,0.0,0,0,OFF,0.0,esp32-irrigation
32.91575559,46.44965738,848.03,911.956855,89.12885162184293,2.680958813711356,5.938789498624086,0.7394694487500004,0.0,0.0,0,0,OFF,0.0,esp32-irrigation
23.5517268,79.94159394,853.26,795.0447309,71.68753278592473,0.5826099360089999,2.839407457153156,0.0,0.0,0.0,0,0,OFF,0.0,esp32-irrigation
26.40927345,77.47918198,854.96,581.1681146,39.7807456571154,0.7755331698887103,3.357642525039269,0.0,0.3369875723814101,0.2338300462462191,1,1,ON,100.0,esp32-irrigation
31.55824272,51.67728104,856.81,741.9540903,63.76730383588256,2.2408983423615294,5.424767699816337,0.5697803399999999,0.0,0.0,0,1,ON,100.0,esp32-irrigation
38.45269244,54.05258409,851.76,697.8039015,57.18083963933663,3.119208565784227,7.119669083580202,1.0,0.0469860060110561,0.0469860060110561,0,1,ON,100.0,esp32-irrigation
33.81561887,39.70224777,848.85,801.9356884,72.71554752577721,3.174613077005916,6.126224758550542,0.8519523587500002,0.0,0.0,0,0,OFF,0.0,esp32-irrigation
38.97760739,72.61431457,854.47,979.3901931,99.18876935087484,1.912361408373532,6.554738360988504,1.0,0.0,0.0,0,0,OFF,0.0,esp32-irrigation
31.51018015,39.44843729,852.23,656.2979653,50.988853372554914,2.800351378567448,5.649566818601774,0.56377251875,0.1501857771240847,0.1501857771240847,1,1,ON,100.0,esp32-irrigation
19.08136893,65.89338001,852.34,563.5261418,37.14886059927309,0.7532695531014436,2.369260641846852,0.0,0.3808523233454484,0.2621472765237423,1,1,ON,100.0,esp32-irrigation
38.55496679,55.70800337,851.41,581.2926675,39.79932685096131,3.0234414971649843,7.142092689379711,1.0,0.3366778858173115,0.3366778858173115,1,1,ON,100.0,esp32-irrigation
26.67558695,73.4092045,853.94,722.1437461,60.81193430426798,0.9301574502341344,3.51084975194044,0.0,0.0,0.0,0,0,OFF,0.0,esp32-irrigation
31.47151861,67.1358019,852.31,434.1016491,17.840907213473066,1.5165537284095574,4.7539478889447935,0.55893982625,0.7026515464421156,0.6177279788534408,1,1,ON,100.0,esp32-irrigation
27.06831475,55.70686047,848.84,617.122437,45.14452469487728,1.585541340104028,4.067447497476151,0.0085393437499998,0.2475912550853786,0.2219371701392166,1,1,ON,100.0,esp32-irrigation
28.61078684,64.36489311,856.41,901.8420138,87.61988775943816,1.3956336969431262,4.171534108915071,0.2013483549999999,0.0,0.0,0,0,OFF,0.0,esp32-irrigation
22.08404016,48.87875079,858.14,525.8502864,31.528257847369527,1.3585496269162851,3.1268649587701067,0.0,0.4745290358771745,0.3984323291015572,1,1,ON,100.0,esp32-irrigation
26.39375294,63.03207122,856.06,885.2396045,85.14308805816823,1.271874010673803,3.723491526329174,0.0,0.0,0.0,0,0,OFF,0.0,esp32-irrigation
29.90047888,48.67779935,851.17,674.4506674,53.696930635685774,2.1652345630086423,5.0385651885543785,0.3625598600000002,0.1050511560719037,0.1050511560719037,1,1,ON,100.0,esp32-irrigation
18.72267295,64.98368664,854.85,680.3285408,54.573810299242936,0.756233848987163,2.325590824311305,0.0,0.0904364950126177,0.0623160321843839,1,0,OFF,0.0,esp32-irrigation
38.93393233,73.48722667,852.91,380.5470546,9.851464159612666,1.8470683131518664,6.470543015055799,1.0,0.8358089306731222,0.8038535132604784,1,1,ON,100.0,esp32-irrigation
30.64163088,66.24270081,855.42,367.6961124,7.934320133896035,1.4859090766515743,4.585005812280766,0.4552038600000001,0.8677613311017327,0.7562342751136956,1,1,ON,100.0,esp32-irrigation
27.15721098,58.6145625,856.01,581.8691291,39.88532520775845,1.4891954466958026,4.008479288715212,0.0196513724999998,0.3352445798706925,0.2924334654035669,1,1,ON,100.0,esp32-irrigation
21.03648944,79.43705502,853.24,476.8215834,24.21400153975927,0.5125489013833069,2.479528322018421,0.0,0.5964333076706789,0.374641962984094,1,1,ON,100.0,esp32-irrigation
29.59774989,59.46809274,854.25,499.0805972,27.534671313296496,1.6805116053451497,4.572997026130449,0.3247187362499999,0.5410888114450584,0.4978709125114877,1,1,ON,100.0,esp32-irrigation
28.83924385,51.33721885,855.28,935.212768,92.59824195732632,1.9312384012129595,4.646859580830629,0.2299054812499998,0.0,0.0,0,0,OFF,0.0,esp32-irrigation
21.19555107,55.69068284,858.7,524.7058654,31.35752951874514,1.115281292553697,2.852452838976591,0.0,0.4773745080209143,0.3717889685948948,1,1,ON,100.0,esp32-irrigation
23.45626676,57.66157813,856.55,617.9265741,45.26448839972705,1.222695397249236,3.2447730765134084,0.0,0.2455918600045491,0.1978669392096348,1,1,ON,100.0,esp32-irrigation
21.61186961,39.75943515,856.98,566.7081005,37.62355521830126,1.5554269020413314,3.1744364831377867,0.0,0.3729407463616456,0.3314908906203918,1,1,ON,100.0,esp32-irrigation
19.62648199,38.00020142,855.45,436.259992,18.162895604035043,1.416546226464637,2.79752293511988,0.0,0.6972850732660826,0.595576671459338,1,1,ON,100.0,esp32-irrigation
19.20166744,57.08078605,858.82,402.82012,13.174230195087144,0.9550350107602602,2.491304007962978,0.0,0.7804294967485477,0.5765491215804923,1,1,ON,100.0,esp32-irrigation
26.0722719,42.02251155,855.5,463.3296186,22.20122774395937,1.9572200230190195,4.175199949011111,0.0,0.629979537600677,0.6232419100714156,1,1,ON,100.0,esp32-irrigation
27.04603743,56.32524166,852.2,459.6482799,21.652034043956235,1.5613643561762056,4.04534058989309,0.0057546787499997,0.6391327659340628,0.5690461628654703,1,1,ON,100.0,esp32-irrigation
32.37063044,77.78922941,857.22,490.2019187,26.21012209522176,1.0783927787713985,4.500915181310744,0.6713288049999999,0.563164631746304,0.4334104839068191,1,1,ON,100.0,esp32-irrigation
26.27368716,62.77199633,856.19,578.4561832,39.37617119084295,1.2717861767172278,3.704854986308432,0.0,0.3437304801526176,0.2811531583699274,1,1,ON,100.0,esp32-irrigation
21.90730724,52.61919361,853.86,775.117311,68.71469753270637,1.245655800028607,3.032009401706405,0.0,0.0,0.0,0,0,OFF,0.0,esp32-irrigation
20.93742788,42.39016927,853.89,842.2005614,78.72238807620694,1.4272620881001463,2.99685475904154,0.0,0.0,0.0,0,0,OFF,0.0,esp32-irrigation
25.42544605,55.881947,855.29,661.6157082,51.78217100424048,1.433372383405792,3.68943008017425,0.0,0.136963816595992,0.1175619463566337,1,1,ON,100.0,esp32-irrigation
28.14833576,67.20527156,855.38,780.2208351,69.4760573292212,1.2503647759459715,3.9808052775504574,0.1435419699999998,0.0,0.0,0,0,OFF,0.0,esp32-irrigation
33.1234626,52.71946848,854.12,675.2962628,53.82307922028398,2.3948003136699656,5.881209708837816,0.7654328250000004,0.1029486796619336,0.1029486796619336,1,1,ON,100.0,esp32-irrigation
27.69935143,50.21620867,855.05,369.5695855,8.21381075062341,1.849100840081518,4.378560908182702,0.08741892875,0.8631031541562765,0.8305427689349829,1,1,ON,100.0,esp32-irrigation
29.06209788,58.03889687,858.36,866.7419576,82.38355084352331,1.6868677399360457,4.485460902716957,0.2577622349999999,0.0,0.0,0,0,OFF,0.0,esp32-irrigation
25.46697254,68.74081597,857.22,409.1768453,14.122546493017174,1.0181011560364306,3.3998810929820618,0.0,0.7646242251163804,0.5769283144393019,1,1,ON,100.0,esp32-irrigation
21.19670974,40.84331847,855.53,981.0736113,99.43990697912692,1.4891005570142704,3.0717935661442177,0.0,0.0,0.0,0,0,OFF,0.0,esp32-irrigation
19.19606257,74.844855,857.65,504.1326068,28.288346014479345,0.5595549396679763,2.281219657183904,0.0,0.5285275664253443,0.338198835848671,1,1,ON,100.0,esp32-irrigation
27.08007467,76.91623522,851.77,349.3834967,5.202386456340509,0.826888985480665,3.490775972761008,0.0100093337499997,0.9132935590609916,0.645444875654988,1,1,ON,100.0,esp32-irrigation
37.81510529,63.22546403,854.06,800.1270229,72.44572511090053,2.411972270034979,6.8820569195433565,1.0,0.0,0.0,0,0,OFF,0.0,esp32-irrigation
26.18213624,49.91950599,858.98,833.415628,77.41182404735865,1.7016359595212316,4.006626010838546,0.0,0.0,0.0,0,0,OFF,0.0,esp32-irrigation
24.39981728,74.78018245,854.13,566.0915235,37.53157231980653,0.7707880472008218,3.077450693928533,0.0,0.3744737946698911,0.2593968785653173,1,1,ON,100.0,esp32-irrigation
25.09964435,63.4918098,852.47,835.1621914,77.67238187539444,1.1633803229262016,3.4485851822849862,0.0,0.0,0.0,0,0,OFF,0.0,esp32-irrigation
26.02272078,75.81297722,852.85,568.9135307,37.95256824055772,0.8141248481219933,3.332010061969406,0.0,0.3674571959907047,0.2585176064646688,1,1,ON,100.0,esp32-irrigation
25.97392906,38.88860528,851.76,724.6548478,61.18654836347071,2.05105902078922,4.226342983439259,0.0,0.0,0.0,0,1,ON,100.0,esp32-irrigation
31.25216528,47.37785287,851.89,791.7487874,71.19583355548818,2.398250003083669,5.505830759554562,0.53152066,0.0,0.0,0,0,OFF,0.0,esp32-irrigation
31.93252406,59.91144188,852.84,821.1146741,75.5767290081793,1.898864891755848,5.1843153745237,0.6165655074999998,0.0,0.0,0,0,OFF,0.0,esp32-irrigation
24.66472618,66.99739779,851.13,507.9201864,28.853389066502885,1.0247516405617798,3.2884433430513726,0.0,0.5191101822249519,0.3925448438293119,1,1,ON,100.0,esp32-irrigation
36.1382814,60.68625897,853.3,829.8847828,76.8850814415978,2.35340741186646,6.462883285902673,1.0,0.0,0.0,0,0,OFF,0.0,esp32-irrigation
28.39992803,56.64268667,856.45,602.0061636,42.889431427092674,1.6774283557346734,4.363822909573541,0.1749910037500002,0.2851761428817888,0.2621787085531332,1,1,ON,100.0,esp32-irrigation
30.77209218,44.41965484,851.64,618.765119,45.38958516853285,2.464781773905618,5.4684507639313935,0.4715115225000001,0.2435069138577859,0.2435069138577859,1,1,ON,100.0,esp32-irrigation
27.05418536,63.93366225,858.15,883.0845391,84.82158861537728,1.2899810094821065,3.839920243457828,0.0067731700000002,0.0,0.0,0,0,OFF,0.0,esp32-irrigation
28.16066957,73.45880929,855.5,666.0992201,52.45103542830695,1.0126622442188584,3.7934181589632576,0.1450836962499999,0.1258160761948841,0.0947603356170226,1,1,ON,100.0,esp32-irrigation
32.16373308,53.5156242,856.32,546.9205838,34.67159116502173,2.2307599020741584,5.534362119822108,0.645466635,0.4221401472496378,0.4221401472496378,1,1,ON,100.0,esp32-irrigation
33.29434852,38.9946026,851.96,348.9390969,5.136089494737201,3.11969128015801,6.017432730630841,0.786793565,0.9143985084210466,0.9143985084210466,1,1,ON,100.0,esp32-irrigation
30.46766749,70.13783072,856.08,866.6035545,82.36290343322638,1.3014586311535568,4.395070202904902,0.43345843625,0.0,0.0,0,0,OFF,0.0,esp32-irrigation
38.6354493,54.88957094,850.23,760.6482294,66.55615437568817,3.0926810295136486,7.159753785548045,1.0,0.0,0.0,0,1,ON,100.0,esp32-irrigation
25.17821684,66.95768322,856.8,630.4389546,47.13112472488834,1.0578700745271037,3.3859980241305085,0.0,0.2144812545851943,0.1639639524857737,1,1,ON,100.0,esp32-irrigation
21.12014351,43.2677871,855.5,612.0097294,44.38179487491311,1.4213791675656249,3.020663493441765,0.0,0.2603034187514482,0.222649173540579,1,1,ON,100.0,esp32-irrigation
28.81721906,58.57297637,855.53,585.6198976,40.44487666396381,1.641985099281606,4.406504108973533,0.2271523824999999,0.3259187222672698,0.2967477825185742,1,1,ON,100.0,esp32-irrigation
32.16930482,49.5696726,850.8,809.3240487,73.81776638168233,2.420885134498257,5.7114280201725,0.6461631025000001,0.0,0.0,0,0,OFF,0.0,esp32-irrigation
36.10080677,75.15092496,851.03,980.4847885,99.35206453958772,1.484467834202855,5.536041724383173,1.0,0.0,0.0,0,0,OFF,0.0,esp32-irrigation
29.53176218,60.69839547,855.55,380.9249733,9.907843261365338,1.6233255587563629,4.513501687749909,0.3164702725000001,0.8348692789772444,0.7562507991846864,1,1,ON,100.0,esp32-irrigation
32.85015047,39.3959433,851.29,697.8736146,57.19123965912499,3.022943568810572,5.925193513503642,0.7312688087500003,0.0468126723479168,0.0468126723479168,0,1,ON,100.0,esp32-irrigation
28.35110004,44.38842694,855.36,601.7706963,42.854303673779256,2.1454360031331565,4.731033721732683,0.1688875049999998,0.2857616054370124,0.2857616054370124,1,1,ON,100.0,esp32-irrigation
38.65987288,69.03337156,849.54,918.1514996,90.05298821054595,2.125802711124909,6.736129255807644,1.0,0.0,0.0,0,0,OFF,0.0,esp32-irrigation
30.05739577,62.06638322,856.11,371.1846416,8.4547499055215,1.6148544106684966,4.596801789275665,0.3821744712499999,0.8590875015746418,0.7763690610543182,1,1,ON,100.0,esp32-irrigation
20.50064685,72.15242265,852.06,566.9513651,37.6598461973828,0.6716104586873185,2.5040527284021388,0.0,0.3723358967102867,0.2486841189489808,1,1,ON,100.0,esp32-irrigation
20.89278672,76.24933318,856.47,565.5306713,37.44790262245624,0.5868016062460529,2.5047872845612327,0.0,0.3758682896257293,0.2430741738351983,1,1,ON,100.0,esp32-irrigation
18.22605971,41.26443924,856.98,486.0368166,25.588759047809187,1.2296345978437777,2.5011154239949054,0.0,0.5735206825365134,0.4630655597247253,1,1,ON,100.0,esp32-irrigation
20.39105057,79.48170429,853.41,800.4919455,72.50016541352977,0.4915131120462338,2.388775410538755,0.0,0.0,0.0,0,0,OFF,0.0,esp32-irrigation
36.17392621,45.08634996,854.71,831.7091892,77.15725213350544,3.2936803275409785,6.6257485835589,1.0,0.0,0.0,0,0,OFF,0.0,esp32-irrigation
23.70592099,80.69806443,855.41,890.6005452,85.94285007369004,0.5658654724835122,2.8482589471354,0.0,0.0,0.0,0,0,OFF,0.0,esp32-irrigation
22.16342989,52.11263864,853.59,707.7378431,58.66281632975065,1.2787759914715031,3.089702256807786,0.0,0.0222863945041558,0.0182680238091721,0,0,OFF,0.0,esp32-irrigation
27.18384463,60.00463357,851.82,920.3878041,90.38660715810128,1.4414233380227672,3.97623052676601,0.0229805787499999,0.0,0.0,0,0,OFF,0.0,esp32-irrigation
33.24425606,46.0327489,848.7,469.0048747,23.04788032064958,2.7520468136114604,6.007009312690452,0.7805320074999997,0.615868661322507,0.615868661322507,1,1,ON,100.0,esp32-irrigation
35.7369533,58.58769789,854.19,844.6949489,79.09450865841976,2.425016700602039,6.453921092470801,1.0,0.0,0.0,0,0,OFF,0.0,esp32-irrigation
37.40087241,77.94523811,849.2,858.4550058,81.14727727793435,1.4143995059102172,5.6935054226731925,1.0,0.0,0.0,0,0,OFF,0.0,esp32-irrigation
19.24786122,80.42032999,855.53,867.497644,82.49628652037318,0.436940493680498,2.2224104421660384,0.0,0.0,0.0,0,0,OFF,0.0,esp32-irrigation
29.58812931,46.2812435,853.39,608.7887783,43.90128324686374,2.2260250378649653,5.030530971570285,0.3235161637499999,0.2683119458856043,0.2683119458856043,1,1,ON,100.0,esp32-irrigation
20.16174522,45.71973726,856.88,375.2961887,9.06812344938644,1.281989087034399,2.801063934502345,0.0,0.8488646091768927,0.6964910959220705,1,1,ON,100.0,esp32-irrigation
38.10538967,40.12866871,852.27,748.7780275,64.78532027633044,3.988989333224117,7.043686201056124,1.0,0.0,0.0,0,1,ON,100.0,esp32-irrigation
34.28470909,79.39689953,852.66,360.4131279,6.847821571669072,1.1134254862120208,4.84368446004161,0.91058863625,0.8858696404721821,0.6895222790268929,1,1,ON,100.0,esp32-irrigation
27.05295815,49.53550825,856.18,642.6149348,48.94757579395267,1.8048284150623208,4.231966484995724,0.0066197687499998,0.1842070701007888,0.1752190736437145,1,1,ON,100.0,esp32-irrigation
38.81498568,41.7130772,853.78,676.8634756,54.056880961026906,4.034812053042648,7.199199923412934,1.0,0.0990519839828849,0.0990519839828849,1,1,ON,100.0,esp32-irrigation
23.64045427,52.37113879,855.55,769.5100918,67.87819491501008,1.3908225258595364,3.382658282401552,0.0,0.0,0.0,0,0,OFF,0.0,esp32-irrigation
37.4050145,46.16700719,854.28,701.5258878,57.73609727630927,3.453153954605473,6.891227051617639,1.0,0.0377317120615121,0.0377317120615121,0,1,ON,100.0,esp32-irrigation
36.33272617,81.03788431,849.4,620.6098309,45.66478509887363,1.1472679793483196,5.218381924144592,1.0,0.2389202483521061,0.1879865118141329,1,1,ON,100.0,esp32-irrigation
30.03405103,53.47100288,855.89,890.4586121,85.92167604687691,1.9781147950923184,4.903756903073065,0.37925637875,0.0,0.0,0,0,OFF,0.0,esp32-irrigation
34.03915164,55.27285768,855.05,872.442064,83.23391066622247,2.3843443535861435,6.058826285698891,0.879893955,0.0,0.0,0,0,OFF,0.0,esp32-irrigation
28.58240959,44.06731084,851.63,865.8281387,82.24722446235556,2.186979527944787,4.807744472334158,0.1978011987500001,0.0,0.0,0,0,OFF,0.0,esp32-irrigation
31.75970492,80.36151453,853.18,689.7524125,55.97969315573692,0.9211609568122908,4.260542221320982,0.5949631150000001,0.0670051140710513,0.0489331807827772,0,0,OFF,0.0,esp32-irrigation
18.1914068,62.62072936,855.32,787.6856642,70.58968404151476,0.780838213163122,2.271347690963387,0.0,0.0,0.0,0,0,OFF,0.0,esp32-irrigation
21.93185779,80.98426702,854.63,743.2503269,63.96068049379059,0.5006785161466135,2.5829020849887216,0.0,0.0,0.0,0,0,OFF,0.0,esp32-irrigation
18.84960961,70.78626294,856.17,800.973922,72.57206818557015,0.6359424405224253,2.279064207967328,0.0,0.0,0.0,0,0,OFF,0.0,esp32-irrigation
23.30843932,65.48593805,858.38,647.8639627,49.73064230555094,0.987888535315148,3.070757532122404,0.0,0.171155961574151,0.1278487338345614,1,1,ON,100.0,esp32-irrigation
38.94792954,67.33756201,855.63,586.5363152,40.58159072738102,2.2772088592670494,6.970782781630421,1.0,0.3236401545436497,0.3236401545436497,1,1,ON,100.0,esp32-irrigation
28.97226414,77.99203724,850.84,920.4920714,90.40216208225873,0.8801560094421548,3.806697229431737,0.2465330175,0.0,0.0,0,0,OFF,0.0,esp32-irrigation
20.1910739,75.63012062,856.73,899.4375203,87.26117784722648,0.5766113151976171,2.412027532390072,0.0,0.0,0.0,0,0,OFF,0.0,esp32-irrigation
28.65753129,48.69746747,857.48,365.1445004,7.553662620570139,2.014691659485203,4.681927651887556,0.2071914112500001,0.8741056229904978,0.8741056229904978,1,1,ON,100.0,esp32-irrigation
28.92974493,54.60061733,855.1,876.8487005,83.89130657603208,1.811182615308314,4.564634087210598,0.2412181162499997,0.0,0.0,0,0,OFF,0.0,esp32-irrigation
23.05684715,39.95789807,857.56,573.392578,38.6207666215369,1.6926540823651786,3.4869734677238218,0.0,0.3563205563077183,0.3289421392200818,1,1,ON,100.0,esp32-irrigation
28.46298257,57.10222828,859.22,341.3953141,4.010684220848115,1.6657339874788992,4.365201099410105,0.1828728212500001,0.9331552629858648,0.8551747407805237,1,1,ON,100.0,esp32-irrigation
34.080015,76.05790348,856.07,922.9337439,90.7664184747691,1.2792272076875546,4.974212538437041,0.8850018750000004,0.0,0.0,0,0,OFF,0.0,esp32-irrigation
30.02698594,58.14933653,854.62,445.8502157,19.593595375740573,1.778501330269852,4.731615013042898,0.3783732424999999,0.6734400770709904,0.6361485567674422,1,1,ON,100.0,esp32-irrigation
27.71682398,43.38469646,856.89,437.3340851,18.32313219507102,2.104986298318356,4.5818689735431954,0.0896029975000001,0.6946144634154829,0.6946144634154829,1,1,ON,100.0,esp32-irrigation
28.84048521,55.9540822,854.5,453.7803709,20.776640900969504,1.74813842602388,4.497312964977703,0.23006065125,0.6537226516505082,0.6125607476533733,1,1,ON,100.0,esp32-irrigation
29.13085872,79.18449469,854.16,718.9335089,60.33302100955925,0.8401282252670615,3.796934120798369,0.2663573399999999,0.0,0.0,0,0,OFF,0.0,esp32-irrigation
36.02112425,65.46851381,852.4,644.4928106,49.22772321933039,2.0538937485198723,6.122431717186868,1.0,0.1795379463444935,0.1795379463444935,1,1,ON,100.0,esp32-irrigation
37.27226696,57.42351383,857.04,802.5390718,72.80556216147657,2.7114701636617373,6.862446554680688,1.0,0.0,0.0,0,0,OFF,0.0,esp32-irrigation
27.78129418,54.3590303,852.22,895.1428382,86.62048364735939,1.7033490485317435,4.278576333182025,0.0976617724999999,0.0,0.0,0,0,OFF,0.0,esp32-irrigation
20.94573366,38.77138684,858.92,456.4170799,21.16999345273052,1.5176905192117565,3.050457853973048,0.0,0.6471667757878248,0.5691331078844178,1,1,ON,100.0,esp32-irrigation
32.44163357,50.04769566,854.96,551.6194611,35.372584477657625,2.4350403029160246,5.780038655084628,0.6802041962500001,0.4104569253723729,0.4104569253723729,1,1,ON,100.0,esp32-irrigation
31.07791978,79.7460063,850.37,657.9505839,51.23539621948937,0.9139736328983162,4.15018896561246,0.5097399724999998,0.1460767296751772,0.1064159346633703,1,1,ON,100.0,esp32-irrigation
19.84125514,69.29931404,856.14,588.5827295,40.886881256925705,0.7108443072186273,2.442523961872576,0.0,0.3185519790512383,0.2158862047410691,1,1,ON,100.0,esp32-irrigation
24.5399963,60.31998427,849.41,523.0329056,31.107952107539138,1.222941954154773,3.406234568587589,0.0,0.4815341315410144,0.3879891387252546,1,1,ON,100.0,esp32-irrigation
37.04210721,44.86266361,854.72,690.0185029,56.01938935954216,3.467708656520416,6.812634552302691,1.0,0.0663435106742973,0.0663435106742973,0,1,ON,100.0,esp32-irrigation
36.35851831,56.16071779,855.45,617.0792772,45.13808598000071,2.65616194061975,6.665350313110645,1.0,0.2476985669999881,0.2476985669999881,1,1,ON,100.0,esp32-irrigation
29.34163267,56.83202339,852.6,401.8961701,13.036392439436325,1.7636031112070385,4.597855922133647,0.2927040837499999,0.7827267926760613,0.7364682480351826,1,1,ON,100.0,esp32-irrigation
27.16706687,52.51488375,854.65,688.9735906,55.86350605214211,1.709670679287847,4.1788374999337,0.0208833587499999,0.0689415657976315,0.0639376263059169,0,1,ON,100.0,esp32-irrigation
20.65007228,47.57010673,860.01,473.5920018,23.73220238654197,1.2761692083263148,2.8679274034905244,0.0,0.6044632935576338,0.4950810074792575,1,1,ON,100.0,esp32-irrigation
38.52912486,64.808031,851.71,812.0722857,74.22775703169111,2.39891799736999,7.021006539343387,1.0,0.0,0.0,0,0,OFF,0.0,esp32-irrigation
28.44537348,66.32271036,851.54,807.7164305,73.5779368361286,1.306364236204242,4.072729460480013,0.180671685,0.0,0.0,0,0,OFF,0.0,esp32-irrigation
22.60821572,53.24354319,858.59,474.4945262,23.866843818632727,1.2827856914352802,3.1577980743213425,0.0,0.6022192696894545,0.4942392004107863,1,1,ON,100.0,esp32-irrigation
27.34977238,60.07260419,859.22,386.6186767,10.757247864361098,1.4530213068898947,4.012001877537014,0.0437215475000001,0.8207125355939817,0.7084844680594125,1,1,ON,100.0,esp32-irrigation
23.63340713,62.73791596,854.77,804.3553628,73.07652217245638,1.0876381884841484,3.182147450429126,0.0,0.0,0.0,0,0,OFF,0.0,esp32-irrigation
34.75598695,50.19511091,855.96,865.1040398,82.13920110822649,2.762822337321022,6.323974733663645,0.96949836875,0.0,0.0,0,0,OFF,0.0,esp32-irrigation
27.29266064,78.29925783,857.68,853.8132485,80.45480530677247,0.787089235846319,3.490432306278165,0.0365825800000001,0.0,0.0,0,0,OFF,0.0,esp32-irrigation
25.15176551,66.54521929,852.73,558.2625082,36.36361516335467,1.0693912400605006,3.390240764340505,0.0,0.3939397472774221,0.3022888023512417,1,1,ON,100.0,esp32-irrigation
26.44373642,40.03298079,853.21,453.2603201,20.699058084957063,2.069238634406467,4.323669339983361,0.0,0.6550156985840491,0.6550156985840491,1,1,ON,100.0,esp32-irrigation
23.79734741,80.70383356,857.82,554.353576,35.78046834831715,0.5688151363130373,2.8619868066727228,0.0,0.4036588608613808,0.2592312479218983,1,1,ON,100.0,esp32-irrigation
28.09451194,68.28764287,858.44,354.8822406,6.022706387188124,1.2053173532938768,3.9365527450790303,0.1368139925,0.8996215602135312,0.720893149587436,1,1,ON,100.0,esp32-irrigation
21.90314181,62.48111043,856.38,691.045128,56.17254452485881,0.9861324258789648,2.8739222811299343,0.0,0.0637909245856865,0.0476220370955295,0,0,OFF,0.0,esp32-irrigation
28.5774517,46.45424698,851.97,506.3445304,28.61832774259587,2.093048170358129,4.730763071894693,0.1971814625000001,0.5230278709567355,0.5230278709567355,1,1,ON,100.0,esp32-irrigation
23.39425376,75.58455777,859.76,691.3675731,56.22064790027407,0.702464791815015,2.897108978188492,0.0,0.0629892016620987,0.0425565249390894,0,0,OFF,0.0,esp32-irrigation
25.15818379,77.66730711,853.25,817.8174838,75.08484377619251,0.7141433002939672,3.141208626911572,0.0,0.0,0.0,0,0,OFF,0.0,esp32-irrigation
19.65411841,51.19673212,854.4,496.1129808,27.09195295355796,1.116951812431897,2.639104027730513,0.0,0.5484674507740339,0.4273866536875068,1,1,ON,100.0,esp32-irrigation
33.38343506,53.6621807,854.45,542.0361726,33.942919320927416,2.381462196085998,5.921504930250396,0.7979293824999996,0.434284677984543,0.434284677984543,1,1,ON,100.0,esp32-irrigation
38.57131251,50.02808091,856.86,816.1093451,74.83001826590422,3.414165958659419,7.1456785039417525,1.0,0.0,0.0,0,0,OFF,0.0,esp32-irrigation
35.10956337,38.03378742,855.52,943.9331678,93.89917866050676,3.505316924681381,6.398821702269122,1.0,0.0,0.0,0,0,OFF,0.0,esp32-irrigation
26.77091143,58.07531303,855.42,753.552804,65.49763647063308,1.474785372502873,3.9348179913376455,0.0,0.0,0.0,0,0,OFF,0.0,esp32-irrigation
28.21066543,47.22560356,855.37,807.8377486,73.59603545232395,2.0194354504646688,4.604384657717157,0.1513331787499998,0.0,0.0,0,0,OFF,0.0,esp32-irrigation
26.59177911,62.22575622,854.52,635.9700867,47.95627642940418,1.3148604358651588,3.786315773486716,0.0,0.200728726176597,0.1663469281861031,1,1,ON,100.0,esp32-irrigation
21.76904352,56.94976635,856.38,632.0681179,47.37416843630677,1.1222938322967784,2.937526529078235,0.0,0.2104305260615538,0.164256483412239,1,1,ON,100.0,esp32-irrigation
18.42017197,67.30079068,849.07,559.9296865,36.61233007218443,0.6929460502040617,2.25549302196702,0.0,0.3897944987969262,0.2624238889816136,1,1,ON,100.0,esp32-irrigation
21.13140845,73.59319189,854.32,485.2241644,25.46752503352691,0.6620584698410312,2.5785686437451543,0.0,0.5755412494412181,0.383031114454471,1,1,ON,100.0,esp32-irrigation
22.90425451,45.34477348,855.45,969.2433032,97.67502436248098,1.526634701936057,3.35681969634214,0.0,0.0,0.0,0,0,OFF,0.0,esp32-irrigation
28.82513164,46.88951026,851.26,732.44759,62.3490941846386,2.1060304174326525,4.787206311561983,0.2281414549999998,0.0,0.0,0,1,ON,100.0,esp32-irrigation
36.44569964,56.4857983,854.19,801.1338832,72.59593170111273,2.649069964402461,6.684079058423024,1.0,0.0,0.0,0,0,OFF,0.0,esp32-irrigation
32.92999744,56.39241347,853.14,893.3572564,86.35410493154053,2.184927712647535,5.6422096891876015,0.7412496800000001,0.0,0.0,0,0,OFF,0.0,esp32-irrigation
32.32486394,53.15338323,858.11,317.3000582,0.4160780684059769,2.2686698090993245,5.601381820647766,0.6656079925,0.993065365526567,0.993065365526567,1,1,ON,100.0,esp32-irrigation
32.16351597,66.37671314,857.67,645.0729883,49.314275955627735,1.6135434695715294,4.963175770432622,0.6454394962499999,0.1780954007395377,0.1608888680757702,1,1,ON,100.0,esp32-irrigation
38.53982414,41.53640331,851.81,955.9920751,95.69816442568012,3.9875638415805614,7.138771293557536,1.0,0.0,0.0,0,0,OFF,0.0,esp32-irrigation
34.51889435,70.27429661,853.08,903.0976142,87.80720218106457,1.6274468841125624,5.398041574663949,0.9398617937499996,0.0,0.0,0,0,OFF,0.0,esp32-irrigation
21.05448833,51.4909386,854.89,589.3929301,41.00774953379975,1.2104666812400278,2.888079718655164,0.0,0.3165375077700042,0.2540582805145887,1,1,ON,100.0,esp32-irrigation
32.78782501,53.18212535,852.54,921.9378432,90.61784687219726,2.327125137491925,5.748752229849115,0.7234781262499999,0.0,0.0,0,0,OFF,0.0,esp32-irrigation
35.73353858,73.93734786,853.8,437.3196748,18.3209824211382,1.5258872442133002,5.513565890836761,1.0,0.6946502929810301,0.6123146518027115,1,1,ON,100.0,esp32-irrigation
18.56909213,69.90224633,853.48,486.9769089,25.72900497752532,0.6437942529547942,2.248747077253294,0.0,0.5711832503745781,0.3775227486810872,1,1,ON,100.0,esp32-irrigation
29.03490003,44.55960634,851.29,658.5863367,51.33023982421374,2.225246308003126,4.924460714981087,0.2543625037499999,0.1444960029297709,0.1444960029297709,1,1,ON,100.0,esp32-irrigation
34.06489439,74.44234515,855.07,559.7659761,36.587907239179415,1.3643980014458732,5.055855382937545,0.8831117987499999,0.3902015460136764,0.3281983253923757,1,1,ON,100.0,esp32-irrigation
34.84256029,50.72398905,854.99,459.2252845,21.58893025814856,2.746614297066272,6.342276190194686,0.9803200362500002,0.6401844956975239,0.6401844956975239,1,1,ON,100.0,esp32-irrigation
20.52498061,39.36350748,853.13,425.6600108,16.58155702869785,1.4645887499107475,2.9567627948134256,0.0,0.7236407161883691,0.626779371070895,1,1,ON,100.0,esp32-irrigation
19.27175714,61.39934577,857.53,698.9812266,57.35647670521583,0.8626958798610305,2.451499168917639,0.0,0.0440587215797361,0.0315316801845637,0,0,OFF,0.0,esp32-irrigation
22.46729579,69.4314541,853.32,573.4424822,38.628211487243966,0.8315194946980355,2.8556863467699856,0.0,0.3561964752126005,0.252144315876801,1,1,ON,100.0,esp32-irrigation
37.89317668,51.8671417,853.69,466.5888024,22.68744304659161,3.170312635770959,6.99738250664138,1.0,0.6218759492234731,0.6218759492234731,1,1,ON,100.0,esp32-irrigation
25.32878868,48.29189655,856.61,824.9094964,76.1428525489965,1.6703522215348137,3.842156753622289,0.0,0.0,0.0,0,0,OFF,0.0,esp32-irrigation
25.89936328,42.73577921,854.41,635.6454683,47.90784883425105,1.9134807003993373,4.113165435587616,0.0,0.2015358527624825,0.1971766675561244,1,1,ON,100.0,esp32-irrigation
31.4609748,52.06308704,854.96,536.8109805,33.1634087090334,2.210777491034535,5.378548626640183,0.5576218499999999,0.44727652151611,0.44727652151611,1,1,ON,100.0,esp32-irrigation
22.2291635,70.04905825,853.64,629.1310365,46.93600538402463,0.8030109135726148,2.806143434213185,0.0,0.2177332435995894,0.1525771645143034,1,1,ON,100.0,esp32-irrigation
27.67515341,49.38110363,853.79,779.5223526,69.37185551031155,1.877465461045139,4.39648027864137,0.08439417625,0.0,0.0,0,0,OFF,0.0,esp32-irrigation
34.86140687,70.37992104,852.9,621.7428123,45.833806831946085,1.652727395751892,5.485940171133789,0.9826758587500004,0.2361032194675652,0.2156051744935992,1,1,ON,100.0,esp32-irrigation
22.88248883,70.19583923,852.99,838.4911086,78.16900022623297,0.8313963635408409,2.9115892689575738,0.0,0.0,0.0,0,0,OFF,0.0,esp32-irrigation
31.25917747,53.51244611,853.41,868.3484972,82.62321948013249,2.1195107768590926,5.257557605806379,0.5323971837500001,0.0,0.0,0,0,OFF,0.0,esp32-irrigation
34.14343035,60.76684955,849.63,882.0021339,84.66011199908804,2.103637385959962,5.8020720665110215,0.8929287937500003,0.0,0.0,0,0,OFF,0.0,esp32-irrigation
28.01900733,73.10331364,853.01,593.1839152,41.573300629037405,1.0178017297008788,3.776272580072257,0.1273759162500001,0.3071116561827099,0.2317005218098708,1,1,ON,100.0,esp32-irrigation
32.59555266,55.4398028,852.98,572.3988849,38.472524355684925,2.1910921084277235,5.582269149115585,0.6994440825000003,0.3587912607385846,0.3587912607385846,1,1,ON,100.0,esp32-irrigation
26.58757725,54.29654129,853.77,380.6059478,9.860250032646578,1.5904702669300437,3.991658923341338,0.0,0.8356624994558904,0.7501053393712045,1,1,ON,100.0,esp32-irrigation
28.0479478,47.50301102,853.63,949.9498585,94.7967675260212,1.9898962698996228,4.551427090385021,0.1309934749999999,0.0,0.0,0,0,OFF,0.0,esp32-irrigation
35.97803351,59.6516216,853.13,345.1485092,4.570597684882983,2.3942086791616823,6.472360306067505,1.0,0.923823371918617,0.923823371918617,1,1,ON,100.0,esp32-irrigation
27.8254071,79.8678658,855.46,617.6782515,45.227442852277576,0.753278811416205,3.5393984161670176,0.1031758874999999,0.2462092857953737,0.1694707024385798,1,1,ON,100.0,esp32-irrigation
21.12666608,55.5065832,857.25,785.7016782,70.2937067623542,1.1151924274912453,2.8427313284835485,0.0,0.0,0.0,0,0,OFF,0.0,esp32-irrigation
27.75727093,38.0195423,852.64,785.7499923,70.30091441193596,2.309909849938446,4.749909616111452,0.09465886625,0.0,0.0,0,0,OFF,0.0,esp32-irrigation
37.9212555,46.5843761,850.04,689.2077843,55.89844380579689,3.5236160293409267,7.003503730618223,1.0,0.0683592699033852,0.0683592699033852,0,1,ON,100.0,esp32-irrigation
30.4167883,63.26814019,851.34,659.8816112,51.523472953014064,1.5962051500711654,4.642732655567412,0.4270985375,0.1412754507830989,0.1270138759212014,1,1,ON,100.0,esp32-irrigation
24.62052585,50.98708545,853.43,823.6120777,75.94929954168798,1.517869486430929,3.621035782854414,0.0,0.0,0.0,0,0,OFF,0.0,esp32-irrigation
18.86235421,41.77413197,854.46,316.0231424,0.2255837482842004,1.2685055119323203,2.609551080911446,0.0,0.99624027086193,0.8140542041302915,1,1,ON,100.0,esp32-irrigation
27.90251021,40.8446971,852.33,316.2381741,0.2576628544367972,2.223367926391308,4.709275063262943,0.1128137762499998,0.99570561909272,0.99570561909272,1,1,ON,100.0,esp32-irrigation
36.22311492,79.21760136,850.01,367.9682399,7.974916971290433,1.2498767608470993,5.308904561940791,1.0,0.8670847171451594,0.7044796179839335,1,1,ON,100.0,esp32-irrigation
31.52682986,58.00352563,852.68,976.1754947,98.70919052030156,1.944061858915432,5.15013528581874,0.5658537324999999,0.0,0.0,0,0,OFF,0.0,esp32-irrigation
23.47763377,50.41963114,855.24,570.4483526,38.18153780483792,1.4336813106277693,3.385738007343915,0.0,0.3636410365860346,0.312156857775694,1,1,ON,100.0,esp32-irrigation
28.12585914,44.6986451,855.71,856.8842675,80.91294959199944,2.105720284431305,4.657615262713812,0.1407323924999999,0.0,0.0,0,0,OFF,0.0,esp32-irrigation
29.45699529,49.49388184,852.67,612.9143423,44.51674787601068,2.077159348937061,4.880792242307372,0.3071244112499998,0.2580542020664887,0.2580542020664887,1,1,ON,100.0,esp32-irrigation
38.06691067,62.46157713,852.0,665.4342174,52.35182823139102,2.495841074041091,7.030601818504942,1.0,0.1274695294768163,0.1274695294768163,1,1,ON,100.0,esp32-irrigation
29.53749844,42.82150813,851.74,632.0303243,47.36853026804465,2.362497902219325,5.13551477055122,0.317187305,0.2105244955325891,0.2105244955325891,1,1,ON,100.0,esp32-irrigation
38.24274164,54.79068976,852.93,362.6672973,7.184105661263931,3.034542782084701,7.073705910341484,1.0,0.8802649056456012,0.8802649056456012,1,1,ON,100.0,esp32-irrigation
21.3508017,45.14404809,852.92,360.250147,6.823507567771298,1.393945782949566,3.03890578236577,0.0,0.8862748738704783,0.7519922176767171,1,1,ON,100.0,esp32-irrigation
29.92394547,42.39543232,855.44,714.0821567,59.60928101118955,2.433557111958708,5.271779590010852,0.3654931837499999,0.0065119831468408,0.0065119831468408,0,1,ON,100.0,esp32-irrigation
25.07986286,78.12096205,850.13,885.0991472,85.1221341958465,0.6963831528278962,3.1181424391929617,0.0,0.0,0.0,0,0,OFF,0.0,esp32-irrigation
25.66183675,49.4127432,853.62,430.2661464,17.268714842479064,1.666762499297611,3.89461775275746,0.0,0.7121880859586823,0.65285614150996,1,1,ON,100.0,esp32-irrigation
19.22227353,54.81851433,856.05,655.2739721,50.83609084236827,1.0066660564869443,2.5213969561135543,0.0,0.1527318192938621,0.1148033942040882,1,1,ON,100.0,esp32-irrigation
29.34765475,41.56384377,854.54,774.3545527,68.6009068475447,2.388204731263641,5.119897480228915,0.29345684375,0.0,0.0,0,0,OFF,0.0,esp32-irrigation
36.39825621,43.15041905,859.96,728.1767551,61.71195758516365,3.4519353797876486,6.673885012947299,1.0,0.0,0.0,0,1,ON,100.0,esp32-irrigation
24.63829861,64.48907947,855.52,875.4513015,83.68283819272614,1.1008975261469358,3.337017789177721,0.0,0.0,0.0,0,0,OFF,0.0,esp32-irrigation
20.27753249,73.47549723,852.66,874.9388728,83.6063924655941,0.630953222210056,2.4531158935323067,0.0,0.0,0.0,0,0,OFF,0.0,esp32-irrigation
19.70349028,40.18591851,855.0,578.4605688,39.37682544846144,1.3731551436861,2.785183906652391,0.0,0.343719575858976,0.2898548638235774,1,1,ON,100.0,esp32-irrigation
30.28054697,63.23989177,849.53,442.16013,19.043096770732657,1.5850304660038683,4.609578987280385,0.4100683712499999,0.6826150538211223,0.6117989411253985,1,1,ON,100.0,esp32-irrigation
26.16513485,51.87868535,854.26,492.5113507,26.55465043350957,1.6334266474732095,3.953682569471853,0.0,0.5574224927748405,0.5063384347872619,1,1,ON,100.0,esp32-irrigation
29.94358674,46.05273319,851.92,571.1131522,38.28071470265625,2.281621378389547,5.146051453059174,0.3679483425000001,0.3619880882890625,0.3619880882890625,1,1,ON,100.0,esp32-irrigation
37.51360874,46.65615885,855.39,830.0185325,76.90503464302891,3.442008320725716,6.914798560078107,1.0,0.0,0.0,0,0,OFF,0.0,esp32-irrigation
33.50466887,58.34340956,852.21,606.9781925,43.63117435558591,2.155437482534197,5.727099522843499,0.8130836087500004,0.2728137607402348,0.2728137607402348,1,1,ON,100.0,esp32-irrigation
33.68733454,72.08558224,853.27,326.9779198,1.8598519380100524,1.4591855264270988,5.083661900113792,0.8359168175000002,0.9690024676998324,0.8379898278348508,1,1,ON,100.0,esp32-irrigation
33.32520161,72.92971271,852.01,360.423901,6.849428736652153,1.3867114245413432,4.950849157552765,0.7906502012500001,0.8858428543891308,0.7500235288269957,1,1,ON,100.0,esp32-irrigation
30.44384082,68.53058686,858.29,804.9803011,73.1697524360153,1.3696391190192303,4.450451226199828,0.4304801024999998,0.0,0.0,0,0,OFF,0.0,esp32-irrigation
19.50494917,40.04858132,854.46,316.8286017,0.3457447030936376,1.3594448212761687,2.7490692330453825,0.0,0.9942375882817728,0.8350215792678273,1,1,ON,100.0,esp32-irrigation
25.06276709,73.55138613,859.17,752.3228356,65.31414591148324,0.8409708500392113,3.217157690753968,0.0,0.0,0.0,0,0,OFF,0.0,esp32-irrigation
21.32475519,59.88438194,857.08,579.1667768,39.482179781789085,1.0177534976588372,2.813070092550068,0.0,0.3419636703035152,0.2579905155326716,1,1,ON,100.0,esp32-irrigation
35.83902253,59.51759987,854.5,630.030455,47.07018346817273,2.38389728562423,6.432333188788529,1.0,0.2154969421971211,0.2154969421971211,1,1,ON,100.0,esp32-irrigation
24.20179603,39.37774056,855.62,701.3848676,57.71505943879296,1.83094432924016,3.765931793757213,0.0,0.038082342686784,0.0364728336900289,0,1,ON,100.0,esp32-irrigation
36.02530011,38.21344121,854.26,947.1409327,94.37772312971607,3.675836601329845,6.593915553031477,1.0,0.0,0.0,0,0,OFF,0.0,esp32-irrigation
26.79577387,76.53318213,849.57,739.4490508,63.393594154766014,0.826699551648708,3.4502642613085373,0.0,0.0,0.0,0,0,OFF,0.0,esp32-irrigation
28.41079228,60.5186145,853.49,590.9067563,41.23358689343734,1.5284382241840204,4.245840057160343,0.1763490349999998,0.3127735517760443,0.2759005389000986,1,1,ON,100.0,esp32-irrigation
19.84891464,52.04081468,857.33,637.309107,48.15603569440642,1.1109752252265273,2.6626700311210416,0.0,0.1973994050932263,0.1535261646798705,1,1,ON,100.0,esp32-irrigation
27.7670282,78.8954079,854.15,639.4373138,48.47352828667015,0.7869812604101407,3.557586690086081,0.0958785249999998,0.1921078618888308,0.1338502527654077,1,1,ON,100.0,esp32-irrigation
22.12291402,42.5781995,851.43,543.6674047,34.18627166244462,1.5296041826912423,3.237560280371365,0.0,0.430228805625923,0.3796343479628788,1,1,ON,100.0,esp32-irrigation
35.39650088,51.16759022,853.22,968.9161648,97.62622082579225,2.806436947022416,6.45975950702104,1.0,0.0,0.0,0,0,OFF,0.0,esp32-irrigation
31.16410663,74.04705716,858.12,901.1500137,87.51665300537395,1.1768974981792557,4.397965344420251,0.5205133287499999,0.0,0.0,0,0,OFF,0.0,esp32-irrigation
35.37651281,58.64579927,856.47,479.1490793,24.56122470753329,2.3740416550703767,6.325408826308088,1.0,0.5906462548744451,0.5906462548744451,1,1,ON,100.0,esp32-irrigation
18.64464179,63.00178512,855.21,796.0931287,71.8439360711908,0.7951462920621046,2.3357785935289592,0.0,0.0,0.0,0,0,OFF,0.0,esp32-irrigation
36.63475515,41.82490736,855.58,790.2680268,70.97492902618399,3.5783814033927404,6.724748359652677,1.0,0.0,0.0,0,0,OFF,0.0,esp32-irrigation
20.85917737,59.7784117,854.18,951.8043078,95.07342011235758,0.99169304712157,2.73405806288302,0.0,0.0,0.0,0,0,OFF,0.0,esp32-irrigation
23.26560614,55.67764764,850.55,906.0463848,88.24710906501265,1.2653539082351248,3.244218583520816,0.0,0.0,0.0,0,0,OFF,0.0,esp32-irrigation
24.61903303,55.59226212,852.33,759.5631528,66.39427923153454,1.375130209568755,3.5226886755883284,0.0,0.0,0.0,0,0,OFF,0.0,esp32-irrigation
28.03244107,52.37191627,858.14,916.4543799,89.7998065493771,1.80371181234929,4.40108632963224,0.1290551337500001,0.0,0.0,0,0,OFF,0.0,esp32-irrigation
36.88808142,54.81833577,852.49,586.1550913,40.524718545484085,2.817829023026944,6.779362219512095,1.0,0.3245880242419319,0.3245880242419319,1,1,ON,100.0,esp32-irrigation
34.124491,65.37898851,852.9,939.6251136,93.2564895686522,1.8543850948712868,5.5514496894925776,0.8905613749999999,0.0,0.0,0,0,OFF,0.0,esp32-irrigation
22.30958493,78.22052087,854.17,318.2233372,0.5538157370820981,0.5867902228887966,2.6830911574494465,0.0,0.9907697377152984,0.6407283676640078,1,1,ON,100.0,esp32-irrigation
29.30012867,54.79685913,858.84,717.7274275,60.1530939882909,1.8423351201281213,4.656109076750229,0.2875160837499999,0.0,0.0,0,1,ON,100.0,esp32-irrigation
21.8568892,67.83342865,859.04,640.7331233,48.666841228455226,0.8430717771005993,2.780924200288085,0.0,0.1888859795257462,0.1342540993699126,1,1,ON,100.0,esp32-irrigation
19.9981997,77.52222375,860.75,351.6018552,5.533328163102884,0.5255350609481674,2.360098548084133,0.0,0.9077778639482852,0.5731562057385075,1,1,ON,100.0,esp32-irrigation
21.58866364,57.29944238,854.61,325.5069362,1.6404059723541522,1.1009762103922394,2.8992547087903624,0.0,0.972659900460764,0.7540488030328283,1,1,ON,100.0,esp32-irrigation
35.69451867,70.14735885,854.06,978.2234813,99.0147156105115,1.7440336659576736,5.734221509136501,1.0,0.0,0.0,0,0,OFF,0.0,esp32-irrigation
31.85693712,64.57718023,849.99,670.4357016,53.09796539429463,1.6707069826794527,4.961476852409652,0.6071171400000002,0.1150339100950895,0.1055639442577414,1,1,ON,100.0,esp32-irrigation
21.38519602,64.34019925,858.73,900.1050316,87.3607592849901,0.9080629226030326,2.7564942574919176,0.0,0.0,0.0,0,0,OFF,0.0,esp32-irrigation
18.40024033,66.46828754,852.47,503.9793851,28.26548791876981,0.7097009371129979,2.2615283575284435,0.0,0.5289085346871697,0.3582959880222215,1,1,ON,100.0,esp32-irrigation
31.36469694,72.48910926,854.38,671.9334566,53.32140520170713,1.2618463616202908,4.506555908629388,0.5455871175000002,0.1113099133048811,0.0907689589314491,1,1,ON,100.0,esp32-irrigation
35.05996003,60.52405679,850.65,642.7071523,48.96133309100063,2.2269728757956826,6.109236299931888,1.0,0.1839777818166562,0.1839777818166562,1,1,ON,100.0,esp32-irrigation
24.70261926,76.26694968,853.16,441.0701203,18.880485691186426,0.7385954333196327,3.096497688562171,0.0,0.6853252384802263,0.469207142110159,1,1,ON,100.0,esp32-irrigation
38.74971221,47.92227195,850.86,510.1914753,29.19222709701799,3.5923615527229,7.1848508493250565,1.0,0.5134628817163668,0.5134628817163668,1,1,ON,100.0,esp32-irrigation
19.28835924,67.4032309,853.77,490.4348875,26.244877114437266,0.7292668201293291,2.382677682670308,0.0,0.5625853814260456,0.3838614037539773,1,1,ON,100.0,esp32-irrigation
19.48066572,78.49659459,853.91,882.9698932,84.80448537898907,0.4868710412998437,2.276690007263062,0.0,0.0,0.0,0,0,OFF,0.0,esp32-irrigation
35.45597182,52.40514738,851.97,712.2557398,59.336810386560735,2.744291157542164,6.472411608820494,1.0,0.0110531602239877,0.0110531602239877,0,1,ON,100.0,esp32-irrigation
27.65706735,49.51767669,856.36,398.5109741,12.531378239988763,1.870424229604351,4.387798494571508,0.0821334187499998,0.7911436960001873,0.765515432524466,1,1,ON,100.0,esp32-irrigation
23.33354077,69.1126052,852.04,814.4079452,74.57619807102077,0.8854231863788096,3.007799667045028,0.0,0.0,0.0,0,0,OFF,0.0,esp32-irrigation
34.14676759,47.64592072,854.05,738.5071116,63.253072698691895,2.8076879286394147,6.195643854383183,0.8933459487500004,0.0,0.0,0,1,ON,100.0,esp32-irrigation
18.65366333,50.97306656,858.41,368.5536782,8.062254500461691,1.054256044766687,2.470145244582518,0.0,0.8656290916589718,0.6609632214313278,1,1,ON,100.0,esp32-irrigation
34.68651635,48.8026483,852.15,943.6360369,93.85485173716329,2.8291599639523217,6.309300438029146,0.9608145437499996,0.0,0.0,0,0,OFF,0.0,esp32-irrigation
38.9258855,66.22895556,851.13,852.7468941,80.29572319937206,2.35171448536813,7.052214549780142,1.0,0.0,0.0,0,0,OFF,0.0,esp32-irrigation
30.31064473,77.73382519,853.39,361.8314519,7.059411612369004,0.9617330297299292,4.07560924739299,0.41383059125,0.8823431397938499,0.6533162051707644,1,1,ON,100.0,esp32-irrigation
22.01889952,56.39068052,857.91,629.3653964,46.97096793191879,1.154329274341593,2.992538722428347,0.0,0.2171505344680201,0.1712410719528497,1,1,ON,100.0,esp32-irrigation
34.57172944,53.91467424,853.94,529.5551359,32.08095896255346,2.5305203330575257,6.285076752468809,0.9464661799999998,0.465317350624109,0.465317350624109,1,1,ON,100.0,esp32-irrigation
18.58759662,71.37359906,854.04,372.9205305,8.713715278032685,0.6130314857601925,2.235251722035817,0.0,0.8547714120327885,0.5583861531923437,1,1,ON,100.0,esp32-irrigation
24.16198842,68.88432018,855.91,337.2584572,3.3935348813172275,0.9375319611644932,3.1574736673703745,0.0,0.9434410853113796,0.6928470853944736,1,1,ON,100.0,esp32-irrigation
38.41551004,63.52629359,850.23,706.0772429,58.4150827625937,2.471114091147676,7.078654625162868,1.0,0.026415287290105,0.026415287290105,0,1,ON,100.0,esp32-irrigation
31.62345865,64.8353637,855.51,646.3607691,49.50639115066398,1.636749797987645,4.889199080501213,0.57793233125,0.174893480822267,0.1590109577624338,1,1,ON,100.0,esp32-irrigation
25.58733015,69.18157948,855.55,668.97353,52.8798340305482,1.01093844152039,3.4122518584221133,0.0,0.1186694328241967,0.0893265892809488,1,1,ON,100.0,esp32-irrigation
30.54289476,77.9084618,853.17,430.4145993,17.290861513587373,0.9669451283908044,4.115491170254661,0.4428618449999999,0.7118189747735438,0.5279819598751258,1,1,ON,100.0,esp32-irrigation
26.46417873,75.85390106,852.33,482.8802723,25.11785582900435,0.83419599052895,3.408928546125566,0.0,0.5813690695165942,0.4119284714603693,1,1,ON,100.0,esp32-irrigation
32.07952577,41.28137611,851.53,390.9381782,11.401644700477831,2.8045099419667765,5.766196030135983,0.6349407212499996,0.8099725883253694,0.8099725883253694,1,1,ON,100.0,esp32-irrigation
25.47282415,50.19744187,855.88,832.9866403,77.3478263113669,1.6226160897859332,3.8318870294303937,0.0,0.0,0.0,0,0,OFF,0.0,esp32-irrigation
37.05361902,63.79262962,856.23,323.0524439,1.2742370817095108,2.278589133147596,6.573692545104572,1.0,0.9787627153048416,0.9787627153048416,1,1,ON,100.0,esp32-irrigation
21.09615246,50.37159666,853.48,901.6369996,87.58930309548121,1.2415695941450062,2.91218192471308,0.0,0.0,0.0,0,0,OFF,0.0,esp32-irrigation
27.75413167,54.52068305,855.42,867.2467158,82.45885226131053,1.6946290847139256,4.267101698664511,0.0942664587499999,0.0,0.0,0,0,OFF,0.0,esp32-irrigation
21.84073085,47.91551619,849.76,515.4554524,29.97752377734811,1.363766184843166,3.0937784022824446,0.0,0.5003746037108648,0.4207857929292267,1,1,ON,100.0,esp32-irrigation
34.72979202,64.30761596,851.97,647.2720506,49.64233899450932,1.977090607238166,5.789804860882654,0.9662240024999996,0.1726276834248447,0.1716389845745584,1,1,ON,100.0,esp32-irrigation
37.46820333,50.71340448,853.03,904.9579764,88.084736872443,3.1723874329867976,6.904939824311463,1.0,0.0,0.0,0,0,OFF,0.0,esp32-irrigation
30.20136524,58.80550741,851.7,462.7377872,22.11293647199789,1.7681988858540012,4.753760814993449,0.4001706550000001,0.6314510588000352,0.5948582940604055,1,1,ON,100.0,esp32-irrigation
38.77345073,40.98771127,850.61,834.5167383,77.57609114936929,4.075912571792145,7.19006826434716,1.0,0.0,0.0,0,0,OFF,0.0,esp32-irrigation
36.39603511,46.46339497,851.56,554.624743,35.82092189529688,3.2503748199816744,6.673407888128691,1.0,0.4029846350783854,0.4029846350783854,1,1,ON,100.0,esp32-irrigation
23.88592852,46.26253993,855.46,934.9056305,92.55242221788352,1.5925354653278323,3.554520779095937,0.0,0.0,0.0,0,0,OFF,0.0,esp32-irrigation
35.89561803,48.1914805,852.82,589.3288082,40.99818362683438,3.060358888541121,6.566178432029268,1.0,0.3166969395527603,0.3166969395527603,1,1,ON,100.0,esp32-irrigation
38.5469248,42.24253614,847.38,904.525004,88.0201446863572,3.940908271000335,7.14032869603018,1.0,0.0,0.0,0,0,OFF,0.0,esp32-irrigation
32.09870152,50.03167599,848.45,697.7399534,57.17129966040255,2.389165247139633,5.66781152399855,0.6373376899999998,0.0471450056599574,0.0471450056599574,0,1,ON,100.0,esp32-irrigation
22.78457441,62.94989578,853.35,379.5037151,9.695815487469453,1.0274137032103368,3.022368451980474,0.0,0.8384030752088425,0.6345482396752341,1,1,ON,100.0,esp32-irrigation
38.60197309,60.61602562,854.11,589.8704982,41.07899464684586,2.695225441165173,7.1524061195036825,1.0,0.3153500892192357,0.3153500892192357,1,1,ON,100.0,esp32-irrigation
28.5915662,66.88102908,847.3,586.1330786,40.52143462157889,1.2956460483518129,4.087407045136057,0.1989457749999998,0.3246427563070185,0.2674769042373165,1,1,ON,100.0,esp32-irrigation
38.19481098,49.40595657,851.77,861.5118898,81.60331285934944,3.3872011044268824,7.06322567939741,1.0,0.0,0.0,0,0,OFF,0.0,esp32-irrigation
36.74724511,50.57832024,851.87,555.0245229,35.88056231970767,3.0586797030090938,6.748982964655362,1.0,0.4019906280048721,0.4019906280048721,1,1,ON,100.0,esp32-irrigation
36.8455212,54.9827358,856.65,670.1413431,53.05405206631359,2.8010687769609324,6.770177293888079,1.0,0.1157657988947735,0.1157657988947735,1,1,ON,100.0,esp32-irrigation
26.67394878,64.4732521,853.44,535.6460843,32.989625825595475,1.2426211794166873,3.744993451701117,0.0,0.4501729029067421,0.3649350473412235,1,1,ON,100.0,esp32-irrigation
27.35543936,53.98383891,855.27,760.6422951,66.55526907812671,1.6751564973028712,4.184246774708652,0.0444299199999997,0.0,0.0,0,0,OFF,0.0,esp32-irrigation
26.77244143,42.24977672,854.74,942.7572222,93.72374739278168,2.0316631832060903,4.354479990444118,0.0,0.0,0.0,0,0,OFF,0.0,esp32-irrigation
24.94956482,61.20086971,849.28,706.9705559,58.54835000902524,1.225382679015597,3.469467114222531,0.0,0.0241941665162459,0.0195088614036797,0,0,OFF,0.0,esp32-irrigation
31.96938287,56.18682437,855.68,967.6042531,97.43050570710446,2.079616538274615,5.357256870935046,0.6211728587500001,0.0,0.0,0,0,OFF,0.0,esp32-irrigation
28.28680394,69.02765704,854.74,483.1055789,25.15146777709517,1.19042621231586,3.954631749545312,0.1608504924999998,0.5808088703817471,0.4632569611028727,1,1,ON,100.0,esp32-irrigation
22.08515284,57.952112,856.22,710.1910208,59.02878910422756,1.117500358066421,2.979480567263109,0.0,0.016186848262874,0.0126156263138691,0,0,OFF,0.0,esp32-irrigation
22.2933541,54.82808789,864.74,442.1144513,19.03628227842193,1.215836582213552,3.069909835115633,0.0,0.6827286286929678,0.5488859249688347,1,1,ON,100.0,esp32-irrigation
38.40932959,74.40681969,847.78,499.1997386,27.55244520253128,1.733374691165778,6.23803478311411,1.0,0.5407925799578119,0.5047453327961852,1,1,ON,100.0,esp32-irrigation
18.19511388,61.28001008,859.73,923.3978742,90.83565889449484,0.8090335789952607,2.2859505519808048,0.0,0.0,0.0,0,0,OFF,0.0,esp32-irrigation
34.3536942,40.52222469,852.76,661.6301572,51.784326551561165,3.226617658512451,6.239142662299992,0.919211775,0.1369278908073139,0.1369278908073139,1,1,ON,100.0,esp32-irrigation
31.10990542,48.36198985,854.59,439.1619303,18.59581589799164,2.3344403469902435,5.420506953134483,0.5137381775000001,0.6900697350334727,0.6900697350334727,1,1,ON,100.0,esp32-irrigation
28.93629597,76.17661138,854.01,663.4821779,52.06061683170176,0.950780633079356,3.859391567580676,0.2420369962499999,0.1323230528049707,0.0976140753817111,1,1,ON,100.0,esp32-irrigation
19.15079173,48.68380053,854.24,319.7383686,0.7798328922509303,1.1382704780474324,2.5813413783852184,0.0,0.9870027851291512,0.7743704255803521,1,1,ON,100.0,esp32-irrigation
21.71721865,43.7253902,853.57,970.2456966,97.82456456648468,1.4624094360622009,3.134729667196184,0.0,0.0,0.0,0,0,OFF,0.0,esp32-irrigation
19.61083605,68.52178414,856.07,707.3594788,58.60637075198675,0.7185031991454102,2.417578815354893,0.0,0.0232271541335541,0.0157857732047776,0,0,OFF,0.0,esp32-irrigation
18.38100817,67.82773181,851.6,732.2077328,62.313311532219146,0.6801078035799325,2.2441543441993503,0.0,0.0,0.0,0,0,OFF,0.0,esp32-irrigation
19.23206438,69.78747099,857.17,651.4971821,50.27265741684976,0.6735608000947633,2.3460430416055176,0.0,0.1621223763858373,0.1083610075808458,1,0,OFF,0.0,esp32-irrigation
21.88320301,66.16373845,853.93,740.5195107,63.55328873358484,0.8882585624268526,2.811837498099086,0.0,0.0,0.0,0,0,OFF,0.0,esp32-irrigation
37.94747418,49.07917098,850.22,457.1838596,21.28438406300777,3.363812158953108,7.009220933930176,1.0,0.645260265616537,0.645260265616537,1,1,ON,100.0,esp32-irrigation
32.08803698,39.62818443,852.62,879.476511,84.28333162154124,2.884855733565989,5.767944958661882,0.6360046224999998,0.0,0.0,0,0,OFF,0.0,esp32-irrigation
22.36028701,42.18580804,858.06,337.3305719,3.4042931793563644,1.562458572513357,3.2946110523773573,0.0,0.9432617803440606,0.8400827538777275,1,1,ON,100.0,esp32-irrigation
35.24066266,69.14023405,852.03,935.4265731,92.63013807542828,1.75836000300926,5.664041026510716,1.0,0.0,0.0,0,0,OFF,0.0,esp32-irrigation
24.87946795,47.18260464,855.51,604.577575,43.27304267725997,1.661162873912161,3.761865355665394,0.0,0.2787826220456671,0.2551671464313706,1,1,ON,100.0,esp32-irrigation
33.78434267,45.59656512,851.72,749.5945357,64.90712954083548,2.859292542497262,6.119680583311963,0.8480428337500001,0.0,0.0,0,1,ON,100.0,esp32-irrigation
35.19392528,68.14197477,855.27,750.4881848,65.04044692772341,1.8105642308865424,5.7088930166718335,1.0,0.0,0.0,0,1,ON,100.0,esp32-irrigation
23.41744056,48.40632966,856.5,552.198245,35.458929282481826,1.4864953877429945,3.4108652215022155,0.0,0.4090178452919695,0.3565097077787574,1,1,ON,100.0,esp32-irrigation
35.04113709,48.11671165,858.02,479.9327985,24.678142405763968,2.9238712988554534,6.384315887776648,1.0,0.5886976265706007,0.5886976265706007,1,1,ON,100.0,esp32-irrigation
33.59899256,55.64739466,853.13,780.4114377,69.50449202530721,2.307061888320031,5.8932225985063065,0.8248740699999999,0.0,0.0,0,0,OFF,0.0,esp32-irrigation
38.92253617,51.98596496,854.6,730.7729455,62.09926544458137,3.342952290964147,7.222862101612011,1.0,0.0,0.0,0,1,ON,100.0,esp32-irrigation
32.19862561,54.09142096,853.98,404.0242011,13.353858805302462,2.207470160482994,5.519652149535156,0.6498282012500001,0.7774356865782922,0.7774356865782922,1,1,ON,100.0,esp32-irrigation
23.35612085,69.98055985,858.04,647.4114587,49.663136333871066,0.8617152200712686,2.9955072270951977,0.0,0.1722810611021489,0.1232548336715119,1,1,ON,100.0,esp32-irrigation
32.39453742,70.31031078,851.92,348.4858435,5.068471725205427,1.44345765046854,4.845315287459306,0.6743171774999999,0.9155254712465762,0.7881432970407095,1,1,ON,100.0,esp32-irrigation
19.52774368,70.0575728,857.12,418.4368715,15.503986361862696,0.679930059425073,2.386314838086243,0.0,0.7416002273022884,0.4968591853059673,1,1,ON,100.0,esp32-irrigation
34.75909998,70.51235291,852.94,418.3057299,15.484422245002625,1.6360476906991173,5.450363600647949,0.9698874975000004,0.741926295916623,0.6744198487341466,1,1,ON,100.0,esp32-irrigation
38.77369243,58.17149714,852.79,634.6881726,47.76503644714849,2.889085308612736,7.190121392868322,1.0,0.2039160592141918,0.2039160592141918,1,1,ON,100.0,esp32-irrigation
32.59499967,46.60100726,853.92,426.8836919,16.764109628634632,2.625627329381085,5.87240573914259,0.69937495875,0.7205981728560895,0.7205981728560895,1,1,ON,100.0,esp32-irrigation
24.64005962,47.05379351,855.27,635.9581539,47.954496256723125,1.6415930146533464,3.709258190760123,0.0,0.2007583957212812,0.1827700928729075,1,1,ON,100.0,esp32-irrigation
28.46905491,70.84449446,853.89,715.8375379,59.871154306397074,1.1325164103285144,3.936352343728281,0.18363186375,0.0021474282267154,0.0016817135400471,0,0,OFF,0.0,esp32-irrigation
29.80971959,80.032592,854.56,653.5926395,50.585264350491855,0.8380271548384925,3.894696753514895,0.35121494875,0.1569122608251357,0.1113303142872088,1,1,ON,100.0,esp32-irrigation
22.3143507,75.30919841,858.87,950.0407018,94.81031981558574,0.6654208747299392,2.7323548515270266,0.0,0.0,0.0,0,0,OFF,0.0,esp32-irrigation
34.16808663,70.20452352,855.96,842.574932,78.77823786122846,1.599792152098748,5.307097497330558,0.8960108287499997,0.0,0.0,0,0,OFF,0.0,esp32-irrigation
22.21436466,80.9599773,857.11,975.4551026,98.60172015826942,0.5100201763303505,2.62372087061154,0.0,0.0,0.0,0,0,OFF,0.0,esp32-irrigation
26.0254899,73.84740942,853.34,430.5528962,17.311493080633884,0.8804291020091497,3.380808526938931,0.0,0.7114751153227686,0.5123384068827547,1,1,ON,100.0,esp32-irrigation
32.33144455,42.87963406,851.5,603.0220569,43.04098558869031,2.7672292918270567,5.818029123503514,0.6664305687500001,0.2826502401884949,0.2826502401884949,1,1,ON,100.0,esp32-irrigation
33.63668046,41.80106353,855.95,846.7545969,79.40177343300408,3.033675068338476,6.088812703378483,0.8295850575000001,0.0,0.0,0,0,OFF,0.0,esp32-irrigation
27.10518792,70.02514768,856.54,923.9737197,90.92156533955384,1.0753182772976169,3.684018428514386,0.0131484899999998,0.0,0.0,0,0,OFF,0.0,esp32-irrigation
22.55126748,45.24430875,858.58,721.5545489,60.724036010557725,1.497066267649355,3.2834643708694364,0.0,0.0,0.0,0,0,OFF,0.0,esp32-irrigation
19.80598043,75.78845931,853.71,474.6228601,23.885989073965213,0.5593700481853183,2.35527692484144,0.0,0.6019001821005798,0.3851213245163782,1,1,ON,100.0,esp32-irrigation
23.04386826,50.01189403,854.26,861.1817893,81.55406742725489,1.408115277729296,3.3026967750453724,0.0,0.0,0.0,0,0,OFF,0.0,esp32-irrigation
21.2486364,38.48468908,850.95,977.8226716,98.95492155729382,1.5534106264068648,3.1174518873234898,0.0,0.0,0.0,0,0,OFF,0.0,esp32-irrigation
29.8227498,54.75987116,853.04,733.2905982,62.47485680259357,1.9001385270378344,4.79866582040049,0.352843725,0.0,0.0,0,1,ON,100.0,esp32-irrigation
34.21438171,47.39337543,855.99,662.5347418,51.919275330775605,2.831858506601411,6.209847082528153,0.9017977137499996,0.1346787444870732,0.1346787444870732,1,1,ON,100.0,esp32-irrigation
21.75370504,55.90422853,853.82,321.8154599,1.089699913259164,1.1484741808398844,2.9511257230314145,0.0,0.9818383347790138,0.772823161702638,1,1,ON,100.0,esp32-irrigation
18.36348284,65.76343789,857.0,841.5321934,78.62267883323952,0.7229513208133677,2.2636800758519686,0.0,0.0,0.0,0,0,OFF,0.0,esp32-irrigation
27.2098525,52.51335407,853.86,630.250186,47.10296363069768,1.7140166249494695,4.189438268688697,0.0262315625,0.2149506061550386,0.1995825312006948,1,1,ON,100.0,esp32-irrigation
38.64903575,68.93240138,853.77,500.8481103,27.798354483550018,2.1314906479631905,6.740410867216116,1.0,0.5366940919408331,0.5366940919408331,1,1,ON,100.0,esp32-irrigation
26.10546139,73.91890951,851.6,608.6558837,43.88145761194337,0.8821805718680504,3.3934606122213715,0.0,0.2686423731342772,0.1935689571570353,1,1,ON,100.0,esp32-irrigation
30.76972745,79.2165264,854.12,903.9415349,87.93310092864306,0.9215455388589018,4.110183181263081,0.4712159312500001,0.0,0.0,0,0,OFF,0.0,esp32-irrigation
27.47503569,76.63314953,846.83,793.7568921,71.49540893826583,0.856609343942538,3.570116744975256,0.0593794612499998,0.0,0.0,0,0,OFF,0.0,esp32-irrigation
20.81243415,52.86893893,854.64,899.065563,87.20568808589857,1.158715312711553,2.8237715889093367,0.0,0.0,0.0,0,0,OFF,0.0,esp32-irrigation
21.19139925,65.12513537,850.98,468.1457361,22.919711318827087,0.8775892633094097,2.712542442221068,0.0,0.618004811352882,0.4445910024556526,1,1,ON,100.0,esp32-irrigation
18.73755356,74.45591213,858.37,801.1988583,72.60562489114086,0.5521792992703273,2.2220688679486527,0.0,0.0,0.0,0,0,OFF,0.0,esp32-irrigation
31.306857,42.71526493,855.79,776.1538245,68.86932788067412,2.618871730212825,5.608090207698553,0.5383571250000001,0.0,0.0,0,0,OFF,0.0,esp32-irrigation
20.43141811,62.687015,856.31,754.8812862,65.69582362869227,0.8960569227631452,2.621967411205798,0.0,0.0,0.0,0,0,OFF,0.0,esp32-irrigation
38.57701801,75.96208968,856.77,349.1764273,5.171495191175628,1.6428152966022702,6.166731980993421,1.0,0.9138084134804062,0.8322088166975691,1,1,ON,100.0,esp32-irrigation
18.23421331,49.06833687,853.04,649.1650099,49.9247366239158,1.0668050470009345,2.420419982658221,0.0,0.16792105626807,0.1287452857151612,1,1,ON,100.0,esp32-irrigation
34.85478582,63.57287982,857.79,872.3807097,83.22475763854042,2.0317990685972447,5.869554702519946,0.9818482274999996,0.0,0.0,0,0,OFF,0.0,esp32-irrigation
25.91443476,41.9185396,856.82,709.0989552,58.865871319045176,1.9425198203794527,4.136884433904487,0.0,0.0189021446825803,0.0186305200146883,0,1,ON,100.0,esp32-irrigation
18.58589447,58.16174286,854.78,970.9920227,97.93590384430443,0.8958666060636774,2.3799324192359084,0.0,0.0,0.0,0,0,OFF,0.0,esp32-irrigation
25.5240022,53.53942356,857.38,723.8944914,61.07311600131479,1.5183350696787372,3.76573230813795,0.0,0.0,0.0,0,0,OFF,0.0,esp32-irrigation
35.3372647,60.82076963,850.59,392.6080349,11.650759181454015,2.2443209669481914,6.183420097778972,1.0,0.8058206803090998,0.8058206803090998,1,1,ON,100.0,esp32-irrigation
28.02736178,58.79001862,852.18,951.278182,94.99493100871466,1.560192002812212,4.207259407448418,0.1284202224999999,0.0,0.0,0,0,OFF,0.0,esp32-irrigation
24.48766422,62.99431722,853.14,710.7871187,59.11771686609447,1.136955913547253,3.3396341945999244,0.0,0.0147047188984255,0.0115320137263664,0,0,OFF,0.0,esp32-irrigation
24.96490121,60.21384671,853.28,693.8693543,56.59387149793607,1.2577043496974871,3.4943321140649006,0.0,0.0567688083677321,0.046233998486676,0,1,ON,100.0,esp32-irrigation
19.62206199,71.52149622,852.6,767.6823315,67.60552387773882,0.6504867668413226,2.382176054201277,0.0,0.0,0.0,0,0,OFF,0.0,esp32-irrigation
18.43378065,53.44758278,858.45,782.8624158,69.87013665652945,0.9873582971129584,2.406745625539777,0.0,0.0,0.0,0,0,OFF,0.0,esp32-irrigation
22.68201499,41.50763788,854.23,896.7475214,86.85987534037065,1.611964695115247,3.375980954810526,0.0,0.0,0.0,0,0,OFF,0.0,esp32-irrigation
26.77425831,55.99367305,855.27,740.468343,63.54565537496896,1.5483157639916738,3.990743246018544,0.0,0.0,0.0,0,0,OFF,0.0,esp32-irrigation
25.51671216,66.27654684,853.11,772.6385411,68.34490683324222,1.1016083740236764,3.4667831690507,0.0,0.0,0.0,0,0,OFF,0.0,esp32-irrigation
21.42886566,64.53707307,850.48,691.1293623,56.18511086299123,0.905467548014628,2.7608432191772265,0.0,0.0635814856168128,0.0461834857785521,0,0,OFF,0.0,esp32-irrigation
34.80713358,78.40615871,854.1,586.3912885,40.559955187578,1.2012698288472283,5.01843684930043,0.9758916974999998,0.3240007468737,0.2593034538726859,1,1,ON,100.0,esp32-irrigation
34.01049057,42.99094474,848.74,969.1533707,97.6616079489286,3.034231710876197,6.167047164254072,0.8763113212500002,0.0,0.0,0,0,OFF,0.0,esp32-irrigation
37.37857415,64.69192441,852.94,452.2791318,20.552681324547383,2.2616104428025285,6.622862968247584,1.0,0.6574553112575436,0.6574553112575436,1,1,ON,100.0,esp32-irrigation
23.53063911,59.94355257,851.36,767.5767384,67.58977116656237,1.1619896600182429,3.2160258164192417,0.0,0.0,0.0,0,0,OFF,0.0,esp32-irrigation
18.10154189,54.47328459,860.4,968.281854,97.5315923431688,0.9456826771906324,2.342301121506225,0.0,0.0,0.0,0,0,OFF,0.0,esp32-irrigation
22.14960129,59.85693492,857.22,522.7261107,31.0621834782432,1.0710715441571894,2.960138845070307,0.0,0.48229694202928,0.3702921036250379,1,1,ON,100.0,esp32-irrigation
26.03188721,67.63815979,854.74,647.0210002,49.60488650526587,1.0898759883825695,3.53468185630814,0.0,0.1732518915789022,0.1338317149328775,1,1,ON,100.0,esp32-irrigation
21.85487064,42.20973266,858.14,442.9729843,19.16436093492936,1.514471099597367,3.1871206438814084,0.0,0.680593984417844,0.5979819721990834,1,1,ON,100.0,esp32-irrigation
31.64894057,58.42663787,851.69,817.7087281,75.06861925838886,1.937842037251178,5.167223020673436,0.5811175712500001,0.0,0.0,0,0,OFF,0.0,esp32-irrigation
38.57911637,58.83380198,854.33,656.5537855,51.02701743558273,2.813726343340105,7.147390659009685,1.0,0.1495497094069545,0.1495497094069545,1,1,ON,100.0,esp32-irrigation
34.74326548,54.11252004,853.93,584.1024414,40.21849776949516,2.5437197609451583,6.32128679629969,0.9679081849999998,0.3296917038417473,0.3296917038417473,1,1,ON,100.0,esp32-irrigation
28.1738326,70.52758822,854.88,722.8739193,60.92086384159936,1.1253622123068143,3.8852025209312258,0.1467290750000001,0.0,0.0,0,0,OFF,0.0,esp32-irrigation
32.15351407,69.6718028,856.92,663.4316745,52.05308257545178,1.4545944500327117,4.814378834158325,0.64418925875,0.1324486237424703,0.1143890701238021,1,1,ON,100.0,esp32-irrigation
22.55690415,54.9298024,856.72,753.2284722,65.44925163137049,1.232678420752788,3.118843258392588,0.0,0.0,0.0,0,0,OFF,0.0,esp32-irrigation
18.34033191,41.2723512,856.12,427.2722591,16.82207730715002,1.2383148464015874,2.5212893485189865,0.0,0.7196320448808329,0.5825987837209836,1,1,ON,100.0,esp32-irrigation
30.07413857,77.1724592,849.85,775.1140914,68.71421722263966,0.9727138729249086,4.049135452788881,0.3842673212499998,0.0,0.0,0,0,OFF,0.0,esp32-irrigation
37.80167469,65.52941231,850.66,768.4456988,67.71940541543823,2.259217068514713,6.708638414831128,1.0,0.0,0.0,0,1,ON,100.0,esp32-irrigation
36.62646513,73.92518004,852.9,549.8952652,35.11536350370834,1.6031502735582912,5.758245368725585,1.0,0.414743941604861,0.3735961866625497,1,1,ON,100.0,esp32-irrigation
24.97432593,60.00016041,854.84,367.0445188,7.837113348744109,1.2651695318577267,3.5009731517209324,0.0,0.8693814441875981,0.7096694507809536,1,1,ON,100.0,esp32-irrigation
18.40422515,43.51401044,852.57,926.4033193,91.28402065882402,1.1958283848371667,2.50859278285724,0.0,0.0,0.0,0,0,OFF,0.0,esp32-irrigation
30.60040633,39.09857116,859.96,924.4287285,90.98944498518549,2.6744215909327376,5.464692405266625,0.4500507912499998,0.0,0.0,0,0,OFF,0.0,esp32-irrigation
26.34420502,51.71828592,858.23,314.8358324,0.0484571035800052,1.6562777954521055,4.000255274218121,0.0,0.999192381607,0.9133312295636452,1,1,ON,100.0,esp32-irrigation
38.87590542,50.83107852,854.44,605.3034736,43.3813345163024,3.4147956798408994,7.212599917442672,1.0,0.2769777580616267,0.2769777580616267,1,1,ON,100.0,esp32-irrigation
36.7901781,65.65311537,853.37,614.1870903,44.706620430603806,2.130694302274567,6.358902413423622,1.0,0.2548896594899366,0.2548896594899366,1,1,ON,100.0,esp32-irrigation
18.50846701,73.53677421,854.85,776.8970718,68.98020785341458,0.5639067253981775,2.20057912036598,0.0,0.0,0.0,0,0,OFF,0.0,esp32-irrigation
25.06954213,62.46441045,852.21,449.8747627,20.19398997071944,1.1939783226714846,3.465546287429555,0.0,0.6634335004880093,0.5297480547731909,1,1,ON,100.0,esp32-irrigation
22.0708997,71.29054051,855.15,355.5667579,6.1248248335845865,0.7623447842566715,2.760205586599937,0.0,0.8979195861069236,0.6200908713410924,1,1,ON,100.0,esp32-irrigation
36.82949676,51.39462983,853.82,443.5211346,19.246135722838662,3.0216866208414057,6.766720050831538,1.0,0.6792310712860223,0.6792310712860223,1,1,ON,100.0,esp32-irrigation
18.95665964,77.66350878,852.22,935.4404369,92.63220632077017,0.4894950218714252,2.2156653840788465,0.0,0.0,0.0,0,0,OFF,0.0,esp32-irrigation
22.34214086,46.44211281,855.75,850.6026926,79.97584446739414,1.44583402273012,3.2195212255229366,0.0,0.0,0.0,0,0,OFF,0.0,esp32-irrigation
31.89312749,40.65606824,853.38,752.8757883,65.39663713654755,2.804674506172023,5.727933959444819,0.6116409362500002,0.0,0.0,0,1,ON,100.0,esp32-irrigation
31.0,42.0,854.0,28.0,28.0,2.6057035056487785,5.545666976658443,0.5,0.5333333333333333,0.5333333333333333,1,1,ON,100.0,esp32-irrigation
22.0,70.0,854.0,82.0,82.0,0.7931793576631728,2.769665968753394,0.0,0.0,0.0,0,0,OFF,0.0,esp32-irrigation
26.4,68.9,865.0,0.0,0.0,1.0703831411383269,3.575023422895527,0.0,1.0,0.7675957852845817,1,1,ON,100.0,esp32-irrigation
26.4,68.8,865.0,0.0,0.0,1.0738248875728555,3.5775759843328325,0.0,1.0,0.7684562218932138,1,1,ON,100.0,esp32-irrigation
26.4,68.7,865.0,0.0,0.0,1.0772666340073835,3.5801285457701373,0.0,1.0,0.7693166585018458,1,1,ON,100.0,esp32-irrigation
26.4,69.3,865.0,0.0,0.0,1.0566161554002136,3.5648131771463056,0.0,1.0,0.7641540388500534,1,1,ON,100.0,esp32-irrigation
26.4,69.6,865.0,0.0,0.0,1.0462909160966285,3.5571554928343905,0.0,1.0,0.7615727290241572,1,1,ON,100.0,esp32-irrigation
26.4,69.5,865.0,0.0,0.0,1.049732662531157,3.5597080542716952,0.0,1.0,0.7624331656327892,1,1,ON,100.0,esp32-irrigation
26.4,69.8,865.0,0.0,0.0,1.0394074232275718,3.55205036995978,0.0,1.0,0.759851855806893,1,1,ON,100.0,esp32-irrigation
26.4,69.9,865.0,0.0,0.0,1.035965676793043,3.549497808522474,0.0,1.0,0.7589914191982607,1,1,ON,100.0,esp32-irrigation
26.3,69.9,865.0,0.0,0.0,1.0298759150253236,3.5302558888207938,0.0,1.0,0.7574689787563309,1,1,ON,100.0,esp32-irrigation
26.3,70.0,865.0,0.0,0.0,1.0264544003574658,3.5277288729484946,0.0,1.0,0.7566136000893664,1,1,ON,100.0,esp32-irrigation
26.3,70.1,865.0,0.0,0.0,1.0230328856896076,3.5252018570761945,0.0,1.0,0.7557582214224019,1,1,ON,100.0,esp32-irrigation
26.2,70.1,865.0,0.0,0.0,1.0170145962513364,3.5060887380348,0.0,1.0,0.7542536490628341,1,1,ON,100.0,esp32-irrigation
26.2,70.2,865.0,0.0,0.0,1.0136132096417998,3.5035870542147465,0.0,1.0,0.75340330241045,1,1,ON,100.0,esp32-irrigation
26.2,70.3,865.0,0.0,0.0,1.010211823032264,3.501085370394694,0.0,1.0,0.7525529557580659,1,1,ON,100.0,esp32-irrigation
26.2,70.4,865.0,0.0,0.0,1.0068104364227273,3.498583686574641,0.0,1.0,0.7517026091056818,1,1,ON,100.0,esp32-irrigation
26.0,70.4,865.0,0.0,0.0,0.9949861892663586,3.460738919858946,0.0,1.0,0.7487465473165896,1,1,ON,100.0,esp32-irrigation
26.1,70.4,865.0,0.0,0.0,1.0008830963064448,3.479623200067146,0.0,1.0,0.7502207740766111,1,1,ON,100.0,esp32-irrigation
26.2,70.5,865.0,0.0,0.0,1.0034090498131911,3.4960820027545885,0.0,1.0,0.7508522624532978,1,1,ON,100.0,esp32-irrigation
26.1,70.5,865.0,0.0,0.0,0.9975017344945992,3.477146636285253,0.0,1.0,0.7493754336236498,1,1,ON,100.0,esp32-irrigation
26.1,70.6,865.0,0.0,0.0,0.9941203726827532,3.47467007250336,0.0,1.0,0.7485300931706883,1,1,ON,100.0,esp32-irrigation
26.1,70.8,865.0,0.0,0.0,0.9873576490590608,3.469716944939574,0.0,1.0,0.7468394122647652,1,1,ON,100.0,esp32-irrigation
26.1,70.7,865.0,0.0,0.0,0.9907390108709064,3.4721935087214666,0.0,1.0,0.7476847527177266,1,1,ON,100.0,esp32-irrigation
26.0,70.5,865.0,0.0,0.0,0.9916247494377564,3.4582872655911374,0.0,1.0,0.7479061873594391,1,1,ON,100.0,esp32-irrigation
26.0,71.1,865.0,0.0,0.0,0.971456110466141,3.443577339984284,0.0,1.0,0.7428640276165352,1,1,ON,100.0,esp32-irrigation
26.0,71.2,865.0,0.0,0.0,0.968094670637538,3.441125685716475,0.0,1.0,0.7420236676593845,1,1,ON,100.0,esp32-irrigation
26.0,71.0,865.0,0.0,0.0,0.9748175502947436,3.4460289942520936,0.0,1.0,0.743704387573686,1,1,ON,100.0,esp32-irrigation
26.0,71.3,865.0,0.0,0.0,0.964733230808936,3.438674031448667,0.0,1.0,0.741183307702234,1,1,ON,100.0,esp32-irrigation
25.9,71.3,865.0,0.0,0.0,0.9590450017474524,3.4200878342285743,0.0,1.0,0.7397612504368631,1,1,ON,100.0,esp32-irrigation
25.9,71.2,865.0,0.0,0.0,0.9623866219625998,3.4225147880249804,0.0,1.0,0.74059665549065,1,1,ON,100.0,esp32-irrigation
25.9,71.0,865.0,0.0,0.0,0.969069862392896,3.4273686956177936,0.0,1.0,0.742267465598224,1,1,ON,100.0,esp32-irrigation
25.9,71.4,865.0,0.0,0.0,0.955703381532304,3.417660880432168,0.0,1.0,0.738925845383076,1,1,ON,100.0,esp32-irrigation
25.9,71.5,865.0,0.0,0.0,0.9523617613171564,3.4152339266357616,0.0,1.0,0.7380904403292892,1,1,ON,100.0,esp32-irrigation
25.9,71.6,865.0,0.0,0.0,0.9490201411020084,3.4128069728393555,0.0,1.0,0.7372550352755021,1,1,ON,100.0,esp32-irrigation
25.9,71.7,865.0,0.0,0.0,0.9456785208868602,3.4103800190429485,0.0,1.0,0.7364196302217151,1,1,ON,100.0,esp32-irrigation
25.9,71.8,865.0,0.0,0.0,0.9423369006717128,3.4079530652465424,0.0,1.0,0.7355842251679282,1,1,ON,100.0,esp32-irrigation
25.9,71.9,865.0,0.0,0.0,0.9389952804565644,3.4055261114501354,0.0,1.0,0.7347488201141411,1,1,ON,100.0,esp32-irrigation
25.9,72.0,865.0,0.0,0.0,0.9356536602414168,3.4030991576537293,0.0,1.0,0.7339134150603542,1,1,ON,100.0,esp32-irrigation
25.8,71.7,865.0,0.0,0.0,0.940098415522579,3.391965279002988,0.0,1.0,0.7350246038806447,1,1,ON,100.0,esp32-irrigation
25.8,71.8,865.0,0.0,0.0,0.936776512994231,3.389562818108118,0.0,1.0,0.7341941282485578,1,1,ON,100.0,esp32-irrigation
25.8,71.9,865.0,0.0,0.0,0.9334546104658824,3.387160357213246,0.0,1.0,0.7333636526164706,1,1,ON,100.0,esp32-irrigation
25.8,71.6,865.0,0.0,0.0,0.9434203180509276,3.39436773989786,0.0,1.0,0.7358550795127319,1,1,ON,100.0,esp32-irrigation
25.8,72.0,865.0,0.0,0.0,0.9301327079375344,3.3847578963183755,0.0,1.0,0.7325331769843836,1,1,ON,100.0,esp32-irrigation
25.7,71.8,865.0,0.0,0.0,0.931244744098462,3.371244616649729,0.0,1.0,0.7328111860246156,1,1,ON,100.0,esp32-irrigation
25.7,71.9,865.0,0.0,0.0,0.9279424577718716,3.368866442550802,0.0,1.0,0.7319856144429678,1,1,ON,100.0,esp32-irrigation
25.7,72.1,865.0,0.0,0.0,0.9213378851186912,3.3641100943529483,0.0,1.0,0.7303344712796728,1,1,ON,100.0,esp32-irrigation
25.7,72.0,865.0,0.0,0.0,0.9246401714452815,3.3664882684518758,0.0,1.0,0.7311600428613204,1,1,ON,100.0,esp32-irrigation
25.6,72.0,865.0,0.0,0.0,0.9191759275375402,3.348289877287479,0.0,1.0,0.729793981884385,1,1,ON,100.0,esp32-irrigation
25.6,72.1,865.0,0.0,0.0,0.9158931563677633,3.3459357853346807,0.0,1.0,0.7289732890919408,1,1,ON,100.0,esp32-irrigation
25.6,71.9,865.0,0.0,0.0,0.9224586987073168,3.3506439692402767,0.0,1.0,0.7306146746768292,1,1,ON,100.0,esp32-irrigation
25.5,72.1,865.0,0.0,0.0,0.9104764967915314,3.3278321153863213,0.0,1.0,0.7276191241978829,1,1,ON,100.0,esp32-irrigation
25.6,72.2,865.0,0.0,0.0,0.9126103851979864,3.3435816933818825,0.0,1.0,0.7281525962994966,1,1,ON,100.0,esp32-irrigation
25.5,72.2,865.0,0.0,0.0,0.9072131401722068,3.325501902377153,0.0,1.0,0.7268032850430517,1,1,ON,100.0,esp32-irrigation
25.5,72.3,865.0,0.0,0.0,0.9039497835528824,3.323171689367985,0.0,1.0,0.7259874458882206,1,1,ON,100.0,esp32-irrigation
25.5,72.4,865.0,0.0,0.0,0.9006864269335576,3.3208414763588165,0.0,1.0,0.7251716067333894,1,1,ON,100.0,esp32-irrigation
25.5,72.5,865.0,0.0,0.0,0.8974230703142334,3.3185112633496483,0.0,1.0,0.7243557675785584,1,1,ON,100.0,esp32-irrigation
25.5,72.6,865.0,0.0,0.0,0.894159713694909,3.31618105034048,0.0,1.0,0.7235399284237273,1,1,ON,100.0,esp32-irrigation
25.4,72.7,865.0,0.0,0.0,0.8856235310173189,3.295959478867013,0.0,1.0,0.7214058827543297,1,1,ON,100.0,esp32-irrigation
25.4,72.6,865.0,0.0,0.0,0.8888675732554776,3.2982660146961558,0.0,1.0,0.7222168933138694,1,1,ON,100.0,esp32-irrigation
25.3,73.3,865.0,0.0,0.0,0.8610289667198665,3.2644384245530085,0.0,1.0,0.7152572416799666,1,1,ON,100.0,esp32-irrigation
25.3,73.2,865.0,0.0,0.0,0.8642537943105776,3.2667214835352127,0.0,1.0,0.7160634485776444,1,1,ON,100.0,esp32-irrigation
25.3,73.4,865.0,0.0,0.0,0.857804139129155,3.2621553655708038,0.0,1.0,0.7144510347822888,1,1,ON,100.0,esp32-irrigation
25.3,73.5,865.0,0.0,0.0,0.8545793115384442,3.2598723065885986,0.0,1.0,0.713644827884611,1,1,ON,100.0,esp32-irrigation
25.3,73.6,865.0,0.0,0.0,0.8513544839477332,3.2575892476063943,0.0,1.0,0.7128386209869333,1,1,ON,100.0,esp32-irrigation
25.3,73.7,865.0,0.0,0.0,0.848129656357022,3.2553061886241896,0.0,1.0,0.7120324140892555,1,1,ON,100.0,esp32-irrigation
25.2,73.8,865.0,0.0,0.0,0.8398966076439104,3.2355247670240828,0.0,1.0,0.7099741519109776,1,1,ON,100.0,esp32-irrigation
25.2,73.7,865.0,0.0,0.0,0.8431023198868262,3.2377845480702687,0.0,1.0,0.7107755799717066,1,1,ON,100.0,esp32-irrigation
25.2,73.9,865.0,0.0,0.0,0.8366908954009944,3.233264985977897,0.0,1.0,0.7091727238502485,1,1,ON,100.0,esp32-irrigation
25.3,73.8,865.0,0.0,0.0,0.8449048287663109,3.2530231296419845,0.0,1.0,0.7112262071915777,1,1,ON,100.0,esp32-irrigation
25.2,74.0,865.0,0.0,0.0,0.8334851831580791,3.231005204931711,0.0,1.0,0.7083712957895197,1,1,ON,100.0,esp32-irrigation
25.2,74.2,865.0,0.0,0.0,0.8270737586722476,3.22648564283934,0.0,1.0,0.7067684396680619,1,1,ON,100.0,esp32-irrigation
25.2,74.1,865.0,0.0,0.0,0.8302794709151634,3.2287454238855258,0.0,1.0,0.7075698677287908,1,1,ON,100.0,esp32-irrigation
25.1,74.0,865.0,0.0,0.0,0.828540898173306,3.2136187359239337,0.0,1.0,0.7071352245433264,1,1,ON,100.0,esp32-irrigation
25.2,73.5,865.0,0.0,0.0,0.8495137443726575,3.24230411016264,0.0,1.0,0.7123784360931644,1,1,ON,100.0,esp32-irrigation
25.1,73.5,865.0,0.0,0.0,0.8444743769843311,3.224802238960018,0.0,1.0,0.7111185942460828,1,1,ON,100.0,esp32-irrigation
25.1,73.6,865.0,0.0,0.0,0.841287681222126,3.2225655383528014,0.0,1.0,0.7103219203055315,1,1,ON,100.0,esp32-irrigation
25.1,73.7,865.0,0.0,0.0,0.8381009854599211,3.2203288377455843,0.0,1.0,0.7095252463649803,1,1,ON,100.0,esp32-irrigation
25.0,73.5,865.0,0.0,0.0,0.8394610951393146,3.2073663311365936,0.0,1.0,0.7098652737848287,1,1,ON,100.0,esp32-irrigation
25.0,73.7,865.0,0.0,0.0,0.8331255397043009,3.202938698617204,0.0,1.0,0.7082813849260752,1,1,ON,100.0,esp32-irrigation
25.0,73.6,865.0,0.0,0.0,0.8362933174218077,3.205152514876899,0.0,1.0,0.7090733293554519,1,1,ON,100.0,esp32-irrigation
25.0,73.4,865.0,0.0,0.0,0.8426288728568211,3.2095801473962884,0.0,1.0,0.7106572182142052,1,1,ON,100.0,esp32-irrigation
24.9,73.4,865.0,0.0,0.0,0.8376227426779561,3.192187153594657,0.0,1.0,0.709405685669489,1,1,ON,100.0,esp32-irrigation
24.9,73.6,865.0,0.0,0.0,0.8313248273194755,3.187804900382172,0.0,1.0,0.7078312068298689,1,1,ON,100.0,esp32-irrigation
25.0,73.3,865.0,0.0,0.0,0.8457966505743283,3.211793963655984,0.0,1.0,0.711449162643582,1,1,ON,100.0,esp32-irrigation
24.9,73.3,865.0,0.0,0.0,0.8407717003571968,3.1943782802009,0.0,1.0,0.7101929250892992,1,1,ON,100.0,esp32-irrigation
24.9,73.2,865.0,0.0,0.0,0.8439206580364373,3.196569406807142,0.0,1.0,0.7109801645091094,1,1,ON,100.0,esp32-irrigation
24.9,73.1,865.0,0.0,0.0,0.8470696157156777,3.1987605334133846,0.0,1.0,0.7117674039289195,1,1,ON,100.0,esp32-irrigation
24.8,73.1,865.0,0.0,0.0,0.8420332739952052,3.181365489970735,0.0,1.0,0.7105083184988013,1,1,ON,100.0,esp32-irrigation
24.8,73.5,865.0,0.0,0.0,0.829512333117953,3.172690968940054,0.0,1.0,0.7073780832794883,1,1,ON,100.0,esp32-irrigation
24.8,73.7,865.0,0.0,0.0,0.823251862679327,3.168353708424715,0.0,1.0,0.7058129656698318,1,1,ON,100.0,esp32-irrigation
24.8,73.6,865.0,0.0,0.0,0.82638209789864,3.1705223386823853,0.0,1.0,0.70659552447466,1,1,ON,100.0,esp32-irrigation
24.8,73.4,865.0,0.0,0.0,0.8326425683372658,3.1748595991977244,0.0,1.0,0.7081606420843165,1,1,ON,100.0,esp32-irrigation
24.8,73.3,865.0,0.0,0.0,0.8357728035565791,3.177028229455394,0.0,1.0,0.7089432008891448,1,1,ON,100.0,esp32-irrigation
24.8,73.2,865.0,0.0,0.0,0.8389030387758921,3.179196859713065,0.0,1.0,0.709725759693973,1,1,ON,100.0,esp32-irrigation
24.8,72.9,865.0,0.0,0.0,0.8482937444338309,3.1857027504860747,0.0,1.0,0.7120734361084577,1,1,ON,100.0,esp32-irrigation
24.8,72.8,865.0,0.0,0.0,0.8514239796531443,3.187871380743745,0.0,1.0,0.7128559949132861,1,1,ON,100.0,esp32-irrigation
24.7,73.0,865.0,0.0,0.0,0.8401346760013881,3.1661824306976367,0.0,1.0,0.710033669000347,1,1,ON,100.0,esp32-irrigation
24.7,72.9,865.0,0.0,0.0,0.8432462859125041,3.1683287565305736,0.0,1.0,0.710811571478126,1,1,ON,100.0,esp32-irrigation
24.7,73.2,865.0,0.0,0.0,0.8339114561791556,3.1618897790317635,0.0,1.0,0.7084778640447889,1,1,ON,100.0,esp32-irrigation
24.7,73.1,865.0,0.0,0.0,0.8370230660902719,3.1640361048647,0.0,1.0,0.7092557665225679,1,1,ON,100.0,esp32-irrigation
24.6,72.9,865.0,0.0,0.0,0.8382250403006088,3.151020443168425,0.0,1.0,0.7095562600751522,1,1,ON,100.0,esp32-irrigation
24.6,72.8,865.0,0.0,0.0,0.8413181216301316,3.153144655127538,0.0,1.0,0.7103295304075329,1,1,ON,100.0,esp32-irrigation
24.6,73.2,865.0,0.0,0.0,0.8289457963120415,3.1446478072910864,0.0,1.0,0.7072364490780103,1,1,ON,100.0,esp32-irrigation
24.6,73.0,865.0,0.0,0.0,0.8351319589710866,3.1488962312093123,0.0,1.0,0.7087829897427717,1,1,ON,100.0,esp32-irrigation
24.6,72.7,865.0,0.0,0.0,0.8444112029596542,3.1552688670866518,0.0,1.0,0.7111028007399136,1,1,ON,100.0,esp32-irrigation
24.6,72.6,865.0,0.0,0.0,0.8475042842891768,3.157393079045764,0.0,1.0,0.7118760710722942,1,1,ON,100.0,esp32-irrigation
24.6,73.3,865.0,0.0,0.0,0.825852714982519,3.142523595331973,0.0,1.0,0.7064631787456297,1,1,ON,100.0,esp32-irrigation
24.5,73.4,865.0,0.0,0.0,0.8178566475345026,3.123266014593954,0.0,1.0,0.7044641618836256,1,1,ON,100.0,esp32-irrigation
24.5,73.3,865.0,0.0,0.0,0.8209312965853846,3.125368301865296,0.0,1.0,0.7052328241463461,1,1,ON,100.0,esp32-irrigation
24.5,73.6,865.0,0.0,0.0,0.8117073494327398,3.119061440051273,0.0,1.0,0.702926837358185,1,1,ON,100.0,esp32-irrigation
27.3,60.3,865.0,0.0,0.0,1.440543816859564,3.994328939514916,0.0375,1.0,0.860135954214891,1,1,ON,100.0,esp32-irrigation
27.3,60.2,865.0,0.0,0.0,1.444172390705558,3.9971212707298345,0.0375,1.0,0.8610430976763894,1,1,ON,100.0,esp32-irrigation
27.6,61.1,865.0,0.0,0.0,1.4364921825537065,4.039775410982493,0.0750000000000001,1.0,0.8591230456384267,1,1,ON,100.0,esp32-irrigation
27.6,61.2,865.0,0.0,0.0,1.4327994005934142,4.036899091258829,0.0750000000000001,1.0,0.8581998501483535,1,1,ON,100.0,esp32-irrigation
27.6,61.3,865.0,0.0,0.0,1.4291066186331218,4.034022771535165,0.0750000000000001,1.0,0.8572766546582804,1,1,ON,100.0,esp32-irrigation
27.7,61.3,865.0,0.0,0.0,1.4374741084223646,4.056769413909315,0.0874999999999999,1.0,0.8593685271055911,1,1,ON,100.0,esp32-irrigation
27.7,61.5,865.0,0.0,0.0,1.430045301660492,4.050959851215889,0.0874999999999999,1.0,0.857511325415123,1,1,ON,100.0,esp32-irrigation
27.7,61.6,865.0,0.0,0.0,1.4263308982795555,4.048055069869175,0.0874999999999999,1.0,0.8565827245698889,1,1,ON,100.0,esp32-irrigation
27.7,61.7,865.0,0.0,0.0,1.422616494898619,4.0451502885224615,0.0874999999999999,1.0,0.8556541237246548,1,1,ON,100.0,esp32-irrigation
27.7,61.8,865.0,0.0,0.0,1.4189020915176829,4.042245507175748,0.0874999999999999,1.0,0.8547255228794207,1,1,ON,100.0,esp32-irrigation
27.7,61.9,865.0,0.0,0.0,1.4151876881367464,4.039340725829034,0.0874999999999999,1.0,0.8537969220341866,1,1,ON,100.0,esp32-irrigation
27.7,62.0,865.0,0.0,0.0,1.41147328475581,4.036435944482322,0.0874999999999999,1.0,0.8528683211889525,1,1,ON,100.0,esp32-irrigation
27.7,62.1,865.0,0.0,0.0,1.4077588813748738,4.033531163135608,0.0874999999999999,1.0,0.8519397203437185,1,1,ON,100.0,esp32-irrigation
27.7,62.2,865.0,0.0,0.0,1.4040444779939374,4.030626381788895,0.0874999999999999,1.0,0.8510111194984844,1,1,ON,100.0,esp32-irrigation
27.8,62.1,865.0,0.0,0.0,1.415995142546981,4.056153052141553,0.1,1.0,0.8539987856367453,1,1,ON,100.0,esp32-irrigation
27.8,62.2,865.0,0.0,0.0,1.4122590076062238,4.053219573745812,0.1,1.0,0.853064751901556,1,1,ON,100.0,esp32-irrigation
27.8,62.3,865.0,0.0,0.0,1.4085228726654666,4.050286095350072,0.1,1.0,0.8521307181663667,1,1,ON,100.0,esp32-irrigation
27.8,62.4,865.0,0.0,0.0,1.4047867377247094,4.04735261695433,0.1,1.0,0.8511966844311774,1,1,ON,100.0,esp32-irrigation
27.8,62.5,865.0,0.0,0.0,1.4010506027839522,4.044419138558589,0.1,1.0,0.850262650695988,1,1,ON,100.0,esp32-irrigation
27.6,61.0,865.0,0.0,0.0,1.4401849645139988,4.042651730706157,0.0750000000000001,1.0,0.8600462411284997,1,1,ON,100.0,esp32-irrigation
27.5,61.0,865.0,0.0,0.0,1.431795381623764,4.019924610595054,0.0625,1.0,0.857948845405941,1,1,ON,100.0,esp32-irrigation
27.5,60.9,865.0,0.0,0.0,1.4354666518330554,4.022772702497489,0.0625,1.0,0.8588666629582639,1,1,ON,100.0,esp32-irrigation
27.5,60.8,865.0,0.0,0.0,1.4391379220423473,4.025620794399924,0.0625,1.0,0.8597844805105868,1,1,ON,100.0,esp32-irrigation
27.4,60.8,865.0,0.0,0.0,1.4307481227134138,4.002941971570022,0.0499999999999998,1.0,0.8576870306783535,1,1,ON,100.0,esp32-irrigation
27.4,60.7,865.0,0.0,0.0,1.434397990373397,4.00576206783812,0.0499999999999998,1.0,0.8585994975933493,1,1,ON,100.0,esp32-irrigation
27.4,60.9,865.0,0.0,0.0,1.4270982550534306,4.000121875301923,0.0499999999999998,1.0,0.8567745637633577,1,1,ON,100.0,esp32-irrigation
27.3,60.9,865.0,0.0,0.0,1.4187723737836009,3.977574952225403,0.0375,1.0,0.8546930934459003,1,1,ON,100.0,esp32-irrigation
27.3,61.0,865.0,0.0,0.0,1.415143799937607,3.9747826210104846,0.0375,1.0,0.8537859499844018,1,1,ON,100.0,esp32-irrigation
27.3,60.7,865.0,0.0,0.0,1.4260295214755887,3.9831596146552406,0.0375,1.0,0.8565073803688972,1,1,ON,100.0,esp32-irrigation
27.3,60.8,865.0,0.0,0.0,1.422400947629595,3.980367283440322,0.0375,1.0,0.8556002369073987,1,1,ON,100.0,esp32-irrigation
27.2,60.9,865.0,0.0,0.0,1.4104888262874755,3.9551313202126335,0.0249999999999999,1.0,0.8526222065718689,1,1,ON,100.0,esp32-irrigation
27.2,61.0,865.0,0.0,0.0,1.4068814379849504,3.952366525066328,0.0249999999999999,1.0,0.8517203594962376,1,1,ON,100.0,esp32-irrigation
27.2,61.1,865.0,0.0,0.0,1.4032740496824248,3.9496017299200217,0.0249999999999999,1.0,0.8508185124206062,1,1,ON,100.0,esp32-irrigation
27.2,61.2,865.0,0.0,0.0,1.3996666613798991,3.946836934773716,0.0249999999999999,1.0,0.8499166653449748,1,1,ON,100.0,esp32-irrigation
27.2,61.3,865.0,0.0,0.0,1.3960592730773738,3.9440721396274094,0.0249999999999999,1.0,0.8490148182693434,1,1,ON,100.0,esp32-irrigation
27.1,61.3,865.0,0.0,0.0,1.387902189177859,3.9218404238545626,0.0125000000000001,1.0,0.8469755472944647,1,1,ON,100.0,esp32-irrigation
27.1,61.4,865.0,0.0,0.0,1.3843158786115075,3.919102937379784,0.0125000000000001,1.0,0.846078969652877,1,1,ON,100.0,esp32-irrigation
27.3,61.9,865.0,0.0,0.0,1.3824866353236622,3.9496516400762167,0.0375,1.0,0.8456216588309156,1,1,ON,100.0,esp32-irrigation
27.3,62.0,865.0,0.0,0.0,1.3788580614776684,3.946859308861298,0.0375,1.0,0.8447145153694171,1,1,ON,100.0,esp32-irrigation
27.4,62.8,865.0,0.0,0.0,1.3577507695137498,3.94654004620805,0.0499999999999998,1.0,0.8394376923784375,1,1,ON,100.0,esp32-irrigation
27.3,63.4,865.0,0.0,0.0,1.328058027633754,3.907766671852436,0.0375,1.0,0.8320145069084386,1,1,ON,100.0,esp32-irrigation
27.3,63.9,865.0,0.0,0.0,1.309915158403785,3.893805015777842,0.0375,1.0,0.8274787896009462,1,1,ON,100.0,esp32-irrigation
27.0,62.7,865.0,0.0,0.0,1.3298718855774454,3.8617642296723473,0.0,1.0,0.8324679713943614,1,1,ON,100.0,esp32-irrigation
27.0,62.8,865.0,0.0,0.0,1.3263065454016347,3.859053826050427,0.0,1.0,0.8315766363504087,1,1,ON,100.0,esp32-irrigation
27.1,62.8,865.0,0.0,0.0,1.3341075306825927,3.880778126732876,0.0125000000000001,1.0,0.8335268826706481,1,1,ON,100.0,esp32-irrigation
27.1,63.9,865.0,0.0,0.0,1.2946581144527312,3.850665775510306,0.0125000000000001,1.0,0.8236645286131827,1,1,ON,100.0,esp32-irrigation
27.1,64.0,865.0,0.0,0.0,1.29107180388638,3.847928289035527,0.0125000000000001,1.0,0.822767950971595,1,1,ON,100.0,esp32-irrigation
27.1,64.1,865.0,0.0,0.0,1.2874854933200297,3.845190802560748,0.0125000000000001,1.0,0.8218713733300074,1,1,ON,100.0,esp32-irrigation
27.1,64.2,865.0,0.0,0.0,1.283899182753678,3.842453316085968,0.0125000000000001,1.0,0.8209747956884195,1,1,ON,100.0,esp32-irrigation
27.1,64.4,865.0,0.0,0.0,1.2767265616209758,3.8369783431364106,0.0125000000000001,1.0,0.8191816404052439,1,1,ON,100.0,esp32-irrigation
27.0,64.3,865.0,0.0,0.0,1.272826442764472,3.818397771721623,0.0,1.0,0.818206610691118,1,1,ON,100.0,esp32-irrigation
27.0,64.5,865.0,0.0,0.0,1.2656957624128502,3.8129769644777824,0.0,1.0,0.8164239406032126,1,1,ON,100.0,esp32-irrigation
27.0,64.6,865.0,0.0,0.0,1.2621304222370398,3.810266560855863,0.0,1.0,0.81553260555926,1,1,ON,100.0,esp32-irrigation
27.0,64.7,865.0,0.0,0.0,1.2585650820612284,3.807556157233942,0.0,1.0,0.8146412705153071,1,1,ON,100.0,esp32-irrigation
27.0,64.8,865.0,0.0,0.0,1.2549997418854175,3.804845753612022,0.0,1.0,0.8137499354713544,1,1,ON,100.0,esp32-irrigation
27.0,64.9,865.0,0.0,0.0,1.2514344017096068,3.8021353499901016,0.0,1.0,0.8128586004274017,1,1,ON,100.0,esp32-irrigation
27.0,65.0,865.0,0.0,0.0,1.247869061533796,3.799424946368181,0.0,1.0,0.811967265383449,1,1,ON,100.0,esp32-irrigation
27.0,65.1,865.0,0.0,0.0,1.2443037213579855,3.796714542746261,0.0,1.0,0.8110759303394963,1,1,ON,100.0,esp32-irrigation
26.9,65.1,865.0,0.0,0.0,1.2370223581123534,3.775705202311877,0.0,1.0,0.8092555895280884,1,1,ON,100.0,esp32-irrigation
26.9,65.0,865.0,0.0,0.0,1.240566834783162,3.778388747330214,0.0,1.0,0.8101417086957905,1,1,ON,100.0,esp32-irrigation
26.8,65.1,865.0,0.0,0.0,1.2297781378906651,3.7547873830710494,0.0,1.0,0.8074445344726663,1,1,ON,100.0,esp32-irrigation
26.8,65.0,865.0,0.0,0.0,1.2333018574834749,3.757444292174668,0.0,1.0,0.8083254643708686,1,1,ON,100.0,esp32-irrigation
26.8,64.9,865.0,0.0,0.0,1.2368255770762846,3.760101201278286,0.0,1.0,0.8092063942690711,1,1,ON,100.0,esp32-irrigation
26.7,65.0,865.0,0.0,0.0,1.2260739696920222,3.736591049013148,0.0,1.0,0.8065184924230056,1,1,ON,100.0,esp32-irrigation
26.7,64.9,865.0,0.0,0.0,1.2295770381768565,3.7392215433394456,0.0,1.0,0.8073942595442141,1,1,ON,100.0,esp32-irrigation
26.7,65.5,865.0,0.0,0.0,1.2085586272678503,3.72343857738166,0.0,1.0,0.8021396568169625,1,1,ON,100.0,esp32-irrigation
26.6,65.6,865.0,0.0,0.0,1.1979878746608643,3.700202694189951,0.0,1.0,0.799496968665216,1,1,ON,100.0,esp32-irrigation
26.6,65.5,865.0,0.0,0.0,1.20147039755232,3.702806993333757,0.0,1.0,0.80036759938808,1,1,ON,100.0,esp32-irrigation
26.6,65.7,865.0,0.0,0.0,1.194505351769408,3.697598395046144,0.0,1.0,0.7986263379423519,1,1,ON,100.0,esp32-irrigation
26.6,65.8,865.0,0.0,0.0,1.1910228288779523,3.6949940959023375,0.0,1.0,0.7977557072194881,1,1,ON,100.0,esp32-irrigation
26.5,65.8,865.0,0.0,0.0,1.1840321667088565,3.6745295104015274,0.0,1.0,0.7960080416772142,1,1,ON,100.0,esp32-irrigation
26.5,65.9,865.0,0.0,0.0,1.1805700843500582,3.671951188379088,0.0,1.0,0.7951425210875145,1,1,ON,100.0,esp32-irrigation
26.5,66.0,865.0,0.0,0.0,1.1771080019912603,3.6693728663566496,0.0,1.0,0.794277000497815,1,1,ON,100.0,esp32-irrigation
26.4,66.0,865.0,0.0,0.0,1.17019378773965,3.64904770457738,0.0,1.0,0.7925484469349124,1,1,ON,100.0,esp32-irrigation
26.4,66.1,865.0,0.0,0.0,1.166752041305122,3.6464951431400743,0.0,1.0,0.7916880103262804,1,1,ON,100.0,esp32-irrigation
26.4,66.2,865.0,0.0,0.0,1.1633102948705931,3.643942581702769,0.0,1.0,0.7908275737176483,1,1,ON,100.0,esp32-irrigation
26.4,66.3,865.0,0.0,0.0,1.1598685484360651,3.641390020265464,0.0,1.0,0.7899671371090163,1,1,ON,100.0,esp32-irrigation
26.4,66.4,865.0,0.0,0.0,1.1564268020015365,3.638837458828159,0.0,1.0,0.7891067005003841,1,1,ON,100.0,esp32-irrigation
26.4,66.5,865.0,0.0,0.0,1.152985055567008,3.636284897390853,0.0,1.0,0.788246263891752,1,1,ON,100.0,esp32-irrigation
26.3,66.6,865.0,0.0,0.0,1.1427858990646451,3.613647412606692,0.0,1.0,0.7856964747661613,1,1,ON,100.0,esp32-irrigation
26.3,66.7,865.0,0.0,0.0,1.1393643843967869,3.611120396734392,0.0,1.0,0.7848410960991967,1,1,ON,100.0,esp32-irrigation
26.3,66.5,865.0,0.0,0.0,1.1462074137325031,3.616174428478992,0.0,1.0,0.7865518534331257,1,1,ON,100.0,esp32-irrigation
26.2,66.4,865.0,0.0,0.0,1.142865900804177,3.5986510393767523,0.0,1.0,0.7857164752010443,1,1,ON,100.0,esp32-irrigation
26.2,66.1,865.0,0.0,0.0,1.1530700606327862,3.606156090836911,0.0,1.0,0.7882675151581966,1,1,ON,100.0,esp32-irrigation
26.2,65.9,865.0,0.0,0.0,1.1598728338518582,3.611159458477016,0.0,1.0,0.7899682084629646,1,1,ON,100.0,esp32-irrigation
26.2,65.8,865.0,0.0,0.0,1.1632742204613948,3.613661142297069,0.0,1.0,0.7908185551153487,1,1,ON,100.0,esp32-irrigation
26.2,65.6,865.0,0.0,0.0,1.1700769936804674,3.618664509937175,0.0,1.0,0.7925192484201169,1,1,ON,100.0,esp32-irrigation
26.2,65.5,865.0,0.0,0.0,1.1734783802900033,3.6211661937572273,0.0,1.0,0.7933695950725008,1,1,ON,100.0,esp32-irrigation
26.2,65.4,865.0,0.0,0.0,1.1768797668995394,3.62366787757728,0.0,1.0,0.7942199417248849,1,1,ON,100.0,esp32-irrigation
26.1,65.2,865.0,0.0,0.0,1.1767139105224422,3.608404516725588,0.0,1.0,0.7941784776306106,1,1,ON,100.0,esp32-irrigation
26.1,65.1,865.0,0.0,0.0,1.1800952723342886,3.6108810805074816,0.0,1.0,0.7950238180835721,1,1,ON,100.0,esp32-irrigation
26.1,65.0,865.0,0.0,0.0,1.1834766341461345,3.6133576442893744,0.0,1.0,0.7958691585365336,1,1,ON,100.0,esp32-irrigation
26.1,64.8,865.0,0.0,0.0,1.1902393577698265,3.6183107718531606,0.0,1.0,0.7975598394424566,1,1,ON,100.0,esp32-irrigation
26.0,64.6,865.0,0.0,0.0,1.1899496993253078,3.60293486739186,0.0,1.0,0.797487424831327,1,1,ON,100.0,esp32-irrigation
26.1,64.6,865.0,0.0,0.0,1.1970020813935192,3.6232638994169473,0.0,1.0,0.7992505203483797,1,1,ON,100.0,esp32-irrigation
26.0,64.7,865.0,0.0,0.0,1.186588259496705,3.60048321312405,0.0,1.0,0.7966470648741762,1,1,ON,100.0,esp32-irrigation
26.0,64.8,865.0,0.0,0.0,1.1832268196681024,3.598031558856241,0.0,1.0,0.7958067049170257,1,1,ON,100.0,esp32-irrigation
25.9,64.9,865.0,0.0,0.0,1.1729086955169188,3.575412877198585,0.0,1.0,0.7932271738792297,1,1,ON,100.0,esp32-irrigation
25.9,65.0,865.0,0.0,0.0,1.1695670753017708,3.572985923402179,0.0,1.0,0.7923917688254427,1,1,ON,100.0,esp32-irrigation
25.9,65.1,865.0,0.0,0.0,1.1662254550866231,3.570558969605772,0.0,1.0,0.7915563637716558,1,1,ON,100.0,esp32-irrigation
25.8,65.1,865.0,0.0,0.0,1.1593439823935698,3.55052769806448,0.0,1.0,0.7898359955983925,1,1,ON,100.0,esp32-irrigation
25.9,65.2,865.0,0.0,0.0,1.162883834871475,3.5681320158093657,0.0,1.0,0.7907209587178687,1,1,ON,100.0,esp32-irrigation
25.8,65.2,865.0,0.0,0.0,1.1560220798652212,3.548125237169609,0.0,1.0,0.7890055199663053,1,1,ON,100.0,esp32-irrigation
25.6,65.3,865.0,0.0,0.0,1.1391215959125942,3.506014038124959,0.0,1.0,0.7847803989781486,1,1,ON,100.0,esp32-irrigation
25.7,65.3,865.0,0.0,0.0,1.145893355326831,3.52582593307999,0.0,1.0,0.7864733388317078,1,1,ON,100.0,esp32-irrigation
25.7,65.2,865.0,0.0,0.0,1.1491956416534213,3.5282041071789174,0.0,1.0,0.7872989104133553,1,1,ON,100.0,esp32-irrigation
25.7,65.4,865.0,0.0,0.0,1.1425910690002403,3.523447758981063,0.0,1.0,0.7856477672500601,1,1,ON,100.0,esp32-irrigation
25.6,65.4,865.0,0.0,0.0,1.1358388247428173,3.503659946172161,0.0,1.0,0.7839597061857043,1,1,ON,100.0,esp32-irrigation
25.6,65.5,865.0,0.0,0.0,1.1325560535730403,3.5013058542193627,0.0,1.0,0.7831390133932601,1,1,ON,100.0,esp32-irrigation
25.5,65.5,865.0,0.0,0.0,1.1258580336669473,3.4816261739914265,0.0,1.0,0.7814645084167369,1,1,ON,100.0,esp32-irrigation
25.5,65.6,865.0,0.0,0.0,1.1225946770476232,3.4792959609822587,0.0,1.0,0.7806486692619058,1,1,ON,100.0,esp32-irrigation
25.5,65.7,865.0,0.0,0.0,1.1193313204282982,3.47696574797309,0.0,1.0,0.7798328301070745,1,1,ON,100.0,esp32-irrigation
25.5,65.8,865.0,0.0,0.0,1.116067963808974,3.4746355349639217,0.0,1.0,0.7790169909522435,1,1,ON,100.0,esp32-irrigation
25.4,65.8,865.0,0.0,0.0,1.1094624454502675,3.455110451077794,0.0,1.0,0.7773656113625669,1,1,ON,100.0,esp32-irrigation
25.4,65.7,865.0,0.0,0.0,1.112706487688426,3.457416986906936,0.0,1.0,0.7781766219221065,1,1,ON,100.0,esp32-irrigation
25.4,65.9,865.0,0.0,0.0,1.1062184032121087,3.4528039152486523,0.0,1.0,0.7765546008030272,1,1,ON,100.0,esp32-irrigation
25.4,66.2,865.0,0.0,0.0,1.0964862764976329,3.445884307761227,0.0,1.0,0.7741215691244082,1,1,ON,100.0,esp32-irrigation
25.4,66.3,865.0,0.0,0.0,1.0932422342594743,3.4435777719320857,0.0,1.0,0.7733105585648686,1,1,ON,100.0,esp32-irrigation
25.3,66.3,865.0,0.0,0.0,1.0867668980696443,3.4242525533073405,0.0,1.0,0.7716917245174111,1,1,ON,100.0,esp32-irrigation
25.3,66.2,865.0,0.0,0.0,1.089991725660355,3.426535612289545,0.0,1.0,0.7724979314150888,1,1,ON,100.0,esp32-irrigation
25.3,66.4,865.0,0.0,0.0,1.083542070478933,3.421969494325136,0.0,1.0,0.7708855176197332,1,1,ON,100.0,esp32-irrigation
25.3,66.6,865.0,0.0,0.0,1.077092415297511,3.4174033763607263,0.0,1.0,0.7692731038243777,1,1,ON,100.0,esp32-irrigation
25.3,66.5,865.0,0.0,0.0,1.0803172428882215,3.4196864353429306,0.0,1.0,0.7700793107220554,1,1,ON,100.0,esp32-irrigation
25.3,66.1,865.0,0.0,0.0,1.0932165532510665,3.4288186712717503,0.0,1.0,0.7733041383127666,1,1,ON,100.0,esp32-irrigation
25.3,66.0,865.0,0.0,0.0,1.0964413808417774,3.4311017302539546,0.0,1.0,0.7741103452104443,1,1,ON,100.0,esp32-irrigation
25.2,66.1,865.0,0.0,0.0,1.0867364503484187,3.4095279075803866,0.0,1.0,0.7716841125871047,1,1,ON,100.0,esp32-irrigation
25.2,66.0,865.0,0.0,0.0,1.089942162591334,3.411787688626572,0.0,1.0,0.7724855406478335,1,1,ON,100.0,esp32-irrigation
25.2,66.2,865.0,0.0,0.0,1.0835307381055026,3.4072681265342006,0.0,1.0,0.7708826845263756,1,1,ON,100.0,esp32-irrigation
25.1,66.2,865.0,0.0,0.0,1.0771031676252976,3.3880813832868486,0.0,1.0,0.7692757919063244,1,1,ON,100.0,esp32-irrigation
25.2,66.3,865.0,0.0,0.0,1.0803250258625874,3.405008345488016,0.0,1.0,0.7700812564656468,1,1,ON,100.0,esp32-irrigation
25.1,66.1,865.0,0.0,0.0,1.080289863387503,3.390318083894066,0.0,1.0,0.7700724658468758,1,1,ON,100.0,esp32-irrigation
25.1,66.0,865.0,0.0,0.0,1.0834765591497078,3.3925547845012822,0.0,1.0,0.770869139787427,1,1,ON,100.0,esp32-irrigation
25.0,66.2,865.0,0.0,0.0,1.0707088685173145,3.368974918094316,0.0,1.0,0.7676772171293286,1,1,ON,100.0,esp32-irrigation
25.1,66.3,865.0,0.0,0.0,1.073916471863093,3.385844682679632,0.0,1.0,0.7684791179657733,1,1,ON,100.0,esp32-irrigation
25.0,66.1,865.0,0.0,0.0,1.0738766462348217,3.3711887343540106,0.0,1.0,0.7684691615587054,1,1,ON,100.0,esp32-irrigation
25.0,66.0,865.0,0.0,0.0,1.077044423952328,3.373402550613705,0.0,1.0,0.7692611059880821,1,1,ON,100.0,esp32-irrigation
25.0,65.9,865.0,0.0,0.0,1.0802122016698348,3.3756163668734,0.0,1.0,0.7700530504174588,1,1,ON,100.0,esp32-irrigation
24.9,66.0,865.0,0.0,0.0,1.0706456109417486,3.354330522456597,0.0,1.0,0.7676614027354371,1,1,ON,100.0,esp32-irrigation
24.8,66.0,865.0,0.0,0.0,1.0642799745664302,3.335338238265305,0.0,1.0,0.7660699936416075,1,1,ON,100.0,esp32-irrigation
24.7,66.0,865.0,0.0,0.0,1.0579473697795256,3.316425239003215,0.0,1.0,0.7644868424448814,1,1,ON,100.0,esp32-irrigation
24.7,66.1,865.0,0.0,0.0,1.0548357598684095,3.3142789131702783,0.0,1.0,0.7637089399671024,1,1,ON,100.0,esp32-irrigation
24.7,65.9,865.0,0.0,0.0,1.061058979690642,3.318571564836152,0.0,1.0,0.7652647449226605,1,1,ON,100.0,esp32-irrigation
24.6,65.9,865.0,0.0,0.0,1.054740733367187,3.2997152803063323,0.0,1.0,0.7636851833417968,1,1,ON,100.0,esp32-irrigation
24.6,65.8,865.0,0.0,0.0,1.05783381469671,3.301839492265445,0.0,1.0,0.7644584536741774,1,1,ON,100.0,esp32-irrigation
24.6,65.7,865.0,0.0,0.0,1.060926896026232,3.3039637042245587,0.0,1.0,0.765231724006558,1,1,ON,100.0,esp32-irrigation
23.9,61.4,865.0,0.0,0.0,1.1448969219185807,3.2587545915672127,0.0,1.0,0.7862242304796452,1,1,ON,100.0,esp32-irrigation
24.0,65.0,865.0,0.0,0.0,1.0443711170079455,3.2061707734210283,0.0,1.0,0.7610927792519864,1,1,ON,100.0,esp32-irrigation
24.1,65.9,865.0,0.0,0.0,1.0236392196210171,3.2066033143286248,0.0,1.0,0.7559098049052544,1,1,ON,100.0,esp32-irrigation
24.2,66.6,865.0,0.0,0.0,1.008655223297502,3.2108078307047525,0.0,1.0,0.7521638058243756,1,1,ON,100.0,esp32-irrigation
24.2,66.9,865.0,0.0,0.0,0.9995954458427336,3.2046949263165976,0.0,1.0,0.7498988614606834,1,1,ON,100.0,esp32-irrigation
24.2,67.1,865.0,0.0,0.0,0.993555594206222,3.200619656724495,0.0,1.0,0.7483888985515555,1,1,ON,100.0,esp32-irrigation
24.2,67.2,865.0,0.0,0.0,0.9905356683879656,3.1985820219284427,0.0,1.0,0.7476339170969915,1,1,ON,100.0,esp32-irrigation
24.2,67.3,865.0,0.0,0.0,0.98751574256971,3.196544387132392,0.0,1.0,0.7468789356424275,1,1,ON,100.0,esp32-irrigation
29.5,48.0,854.27,42.5,42.5,2.143900444078214,4.944792187102623,0.3125,0.2916666666666667,0.2916666666666667,1,1,ON,100.0,esp32-irrigation
27.8,52.0,854.27,48.5,48.5,1.7933447715634587,4.352434370111405,0.1,0.1916666666666666,0.181764436970749,1,1,ON,100.0,esp32-irrigation
29.29,47.93,854.28,57.74,57.74,2.1209672068763035,4.8861987780174445,0.2862499999999999,0.0376666666666666,0.0376666666666666,1,1,ON,100.0,esp32-simulated
29.55,48.02,854.28,57.77,57.77,2.149252754839498,4.958711366220887,0.3187500000000001,0.0371666666666666,0.0371666666666666,1,1,ON,100.0,esp32-simulated
29.42,48.44,854.32,57.64,57.64,2.1159884384116805,4.906384950013809,0.3025000000000002,0.0393333333333333,0.0393333333333333,1,1,ON,100.0,esp32-simulated
29.61,48.33,854.4,60.82,60.82,2.143823345199865,4.965458694967133,0.3262499999999999,0.0,0.0,1,1,ON,100.0,esp32-simulated
29.73,48.42,854.35,64.18,64.18,2.154906770316288,4.997484018316888,0.34125,0.0,0.0,1,0,OFF,0.0,esp32-simulated
29.56,48.32,854.27,67.46,67.46,2.1380785422088184,4.951201519709553,0.3199999999999998,0.0,0.0,0,0,OFF,0.0,esp32-simulated
29.35,48.03,854.29,67.06,67.06,2.1242290117264533,4.900153938512319,0.2937500000000002,0.0,0.0,0,0,OFF,0.0,esp32-simulated
29.42,47.83,854.23,67.06,67.06,2.141022436616318,4.9273236943225465,0.3025000000000002,0.0,0.0,0,0,OFF,0.0,esp32-simulated
29.3,48.28,854.25,67.11,67.11,2.1079257692195807,4.877212534513803,0.2875000000000001,0.0,0.0,0,0,OFF,0.0,esp32-simulated
29.19,48.53,854.18,67.2,67.2,2.0844683376801654,4.8372315830752,0.2737500000000001,0.0,0.0,0,0,OFF,0.0,esp32-simulated
29.61,47.72,854.3,58.06,58.06,2.169132658932629,4.9867814161580135,0.3262499999999999,0.0323333333333333,0.0323333333333333,1,1,ON,100.0,esp32-simulated
29.89,48.06,854.27,61.46,61.46,2.189981220740981,5.057646271761676,0.36125,0.0,0.0,1,1,ON,100.0,esp32-simulated
30.14,47.66,854.18,64.85,64.85,2.238716012384576,5.147264346145208,0.3925,0.0,0.0,1,0,OFF,0.0,esp32-simulated
30.07,47.53,854.15,67.95,67.95,2.235290691259653,5.130840206734112,0.38375,0.0,0.0,0,0,OFF,0.0,esp32-simulated
29.78,47.57,854.18,67.56,67.56,2.1967204839700023,5.042401345218035,0.3475000000000001,0.0,0.0,0,0,OFF,0.0,esp32-simulated
29.7,47.41,854.12,67.3,67.3,2.193317065718026,5.024279994919818,0.3374999999999999,0.0,0.0,0,0,OFF,0.0,esp32-simulated
29.83,47.85,854.21,67.37,67.37,2.191273476046216,5.047308512747646,0.3537499999999998,0.0,0.0,0,0,OFF,0.0,esp32-simulated
29.65,47.93,854.16,67.29,67.29,2.165395762220556,4.991205732145768,0.3312499999999998,0.0,0.0,0,0,OFF,0.0,esp32-simulated
29.41,47.82,854.17,67.3,67.3,2.1401995134815444,4.9247548672844434,0.30125,0.0,0.0,0,0,OFF,0.0,esp32-simulated
29.69,48.14,854.23,67.14,67.14,2.1616286528879094,4.995598352642877,0.3362500000000001,0.0,0.0,0,0,OFF,0.0,esp32-simulated
29.84,48.54,854.22,67.05,67.05,2.163522720775844,5.025630235604847,0.355,0.0,0.0,0,0,OFF,0.0,esp32-simulated
29.86,48.48,854.2,67.03,67.03,2.1685342991142926,5.033687014252333,0.3574999999999999,0.0,0.0,0,0,OFF,0.0,esp32-simulated
29.7,48.94,854.29,67.01,67.01,2.1295069286092865,4.970337055008736,0.3374999999999999,0.0,0.0,0,0,OFF,0.0,esp32-simulated
29.83,49.26,854.3,66.9,66.9,2.132027155792618,4.996976802253155,0.3537499999999998,0.0,0.0,0,0,OFF,0.0,esp32-simulated
29.92,49.5,854.24,66.79,66.79,2.1329351915376726,5.014739683228326,0.3650000000000002,0.0,0.0,0,0,OFF,0.0,esp32-simulated
30.09,49.79,854.28,66.77,66.77,2.1414654490389995,5.054199330542462,0.38625,0.0,0.0,0,0,OFF,0.0,esp32-simulated
29.86,49.77,854.22,66.54,66.54,2.1142367594043265,4.987507198992192,0.3574999999999999,0.0,0.0,0,0,OFF,0.0,esp32-simulated
29.9,50.15,854.26,66.47,66.47,2.1030660156703767,4.985520376053416,0.3624999999999998,0.0,0.0,0,0,OFF,0.0,esp32-simulated
30.1,50.56,854.18,66.47,66.47,2.1098337588849496,5.02894813396533,0.3875000000000002,0.0,0.0,0,0,OFF,0.0,esp32-simulated
30.35,50.6,854.2,66.07,66.07,2.138522351267895,5.100996986099901,0.4187500000000002,0.0,0.0,0,0,OFF,0.0,esp32-simulated
30.12,50.25,854.17,65.94,65.94,2.1254977689146446,5.046172107748146,0.3900000000000001,0.0,0.0,0,0,OFF,0.0,esp32-simulated
30.07,50.72,854.25,65.93,65.93,2.0993925150614774,5.014342635867977,0.38375,0.0,0.0,0,0,OFF,0.0,esp32-simulated
30.16,50.75,854.31,65.97,65.97,2.108964000756129,5.039515351617958,0.395,0.0,0.0,0,0,OFF,0.0,esp32-simulated
30.44,50.39,854.23,65.8,65.8,2.158695443350428,5.135637110619753,0.4300000000000001,0.0,0.0,0,0,OFF,0.0,esp32-simulated
30.34,49.98,854.15,65.8,65.8,2.164123656507473,5.121266484411665,0.4175,0.0,0.0,0,0,OFF,0.0,esp32-simulated
30.05,49.94,854.08,65.48,65.48,2.130177587804645,5.036950960740323,0.3812500000000001,0.0,0.0,1,0,OFF,0.0,esp32-simulated
30.33,50.13,854.17,68.79,68.79,2.1563997603397604,5.112672856753288,0.4162499999999998,0.0,0.0,0,0,OFF,0.0,esp32-simulated
30.28,49.69,854.08,68.51,68.51,2.1692097790278484,5.114217878500427,0.4100000000000001,0.0,0.0,0,0,OFF,0.0,esp32-simulated
30.34,49.65,854.17,68.49,68.49,2.1784011616383703,5.133629923655521,0.4175,0.0,0.0,0,0,OFF,0.0,esp32-simulated
30.07,49.25,854.14,68.46,68.46,2.162016439516436,5.068026469464597,0.38375,0.0,0.0,0,0,OFF,0.0,esp32-simulated
30.1,48.99,854.11,68.49,68.49,2.17683292962624,5.086447265944247,0.3875000000000002,0.0,0.0,0,0,OFF,0.0,esp32-simulated
30.27,49.44,854.01,68.31,68.31,2.178741529903565,5.1205422008133405,0.4087499999999999,0.0,0.0,0,0,OFF,0.0,esp32-simulated
30.57,49.86,854.04,68.01,68.01,2.1980248421936186,5.19481014930708,0.44625,0.0,0.0,0,0,OFF,0.0,esp32-simulated
30.85,49.99,853.99,67.69,67.69,2.227630017728003,5.2748797039690665,0.4812500000000002,0.0,0.0,0,0,OFF,0.0,esp32-simulated
31.02,50.48,853.92,67.39,67.39,2.22726605991605,5.30755324037719,0.5025,0.0,0.0,0,0,OFF,0.0,esp32-simulated
30.92,50.27,853.83,67.25,67.25,2.224010779121157,5.285257169747541,0.4900000000000002,0.0,0.0,0,0,OFF,0.0,esp32-simulated
30.68,50.13,853.9,66.99,66.99,2.199961008024944,5.217680817483545,0.4599999999999999,0.0,0.0,0,0,OFF,0.0,esp32-simulated
30.7,49.82,853.96,66.63,66.63,2.216164088923084,5.235753840347014,0.4624999999999999,0.0,0.0,0,0,OFF,0.0,esp32-simulated
30.96,50.14,854.04,66.28,66.28,2.234910509824661,5.30267406835629,0.4950000000000001,0.0,0.0,0,0,OFF,0.0,esp32-simulated
30.88,50.61,854.14,65.89,65.89,2.2037773974866943,5.259626541934791,0.4849999999999999,0.0,0.0,0,0,OFF,0.0,esp32-simulated
30.87,50.19,854.08,65.7,65.7,2.221251639655621,5.273125825433201,0.4837500000000001,0.0,0.0,0,0,OFF,0.0,esp32-simulated
30.73,49.8,853.99,65.38,65.38,2.22084524230758,5.245664204372663,0.46625,0.0,0.0,1,0,OFF,0.0,esp32-simulated
30.72,49.76,853.96,68.53,68.53,2.221347247191678,5.244170762433672,0.4649999999999998,0.0,0.0,0,0,OFF,0.0,esp32-simulated
30.52,49.55,853.95,68.41,68.41,2.205306680489004,5.191542592664991,0.4399999999999999,0.0,0.0,0,0,OFF,0.0,esp32-simulated
30.31,49.1,853.99,68.07,68.07,2.1984200516884806,5.145209394352348,0.4137499999999998,0.0,0.0,0,0,OFF,0.0,esp32-simulated
29.5,48.0,854.27,0.0,0.0,2.143900444078214,4.944792187102623,0.3125,1.0,1.0,1,1,ON,100.0,esp32-simulated
30.54,48.92,853.97,68.15,68.15,2.2353984446974384,5.2216448358134295,0.4424999999999999,0.0,0.0,0,0,OFF,0.0,esp32-simulated
29.5,48.0,854.27,70.0,70.0,2.143900444078214,4.944792187102623,0.3125,0.0,0.0,0,0,OFF,0.0,esp32-simulated
30.71,48.48,853.94,67.85,67.85,2.27664283766267,5.290780412075208,0.4637500000000001,0.0,0.0,0,0,OFF,0.0,esp32-simulated
30.7,48.36,853.99,67.55,67.55,2.280643952809646,5.292339728689561,0.4624999999999999,0.0,0.0,0,0,OFF,0.0,esp32-simulated
30.43,48.16,853.95,67.44,67.44,2.2544408639455358,5.216916792122509,0.4287499999999999,0.0,0.0,0,0,OFF,0.0,esp32-simulated
30.21,47.73,853.93,67.16,67.16,2.244704707940638,5.165923417211715,0.4012500000000001,0.0,0.0,0,0,OFF,0.0,esp32-simulated
29.97,48.12,853.89,66.97,66.97,2.1975171325104417,5.079341518968354,0.3712499999999998,0.0,0.0,0,0,OFF,0.0,esp32-simulated
29.7,47.96,853.95,66.96,66.96,2.1703787811364528,5.004888742010604,0.3374999999999999,0.0,0.0,0,0,OFF,0.0,esp32-simulated
29.4,47.79,853.98,67.0,67.0,2.1401965772771883,4.922872101638023,0.2999999999999998,0.0,0.0,0,0,OFF,0.0,esp32-simulated
29.45,47.46,854.07,66.9,66.9,2.159936204802113,4.948805156689049,0.3062499999999999,0.0,0.0,0,0,OFF,0.0,esp32-simulated
29.37,47.27,854.04,66.99,66.99,2.157779128016385,4.931910644754835,0.2962500000000001,0.0,0.0,0,0,OFF,0.0,esp32-simulated
29.33,47.71,854.04,67.01,67.01,2.134846178530913,4.905256101412336,0.2912499999999998,0.0,0.0,0,0,OFF,0.0,esp32-simulated
29.49,47.78,854.08,67.07,67.07,2.151731573791849,4.9494763448384616,0.3112499999999998,0.0,0.0,0,0,OFF,0.0,esp32-simulated
29.52,48.03,854.12,67.11,67.11,2.145132003203737,4.949593659263592,0.3149999999999999,0.0,0.0,0,0,OFF,0.0,esp32-simulated
29.26,47.83,854.16,67.05,67.05,2.121367141747236,4.880916990338019,0.2825000000000002,0.0,0.0,0,0,OFF,0.0,esp32-simulated
29.5,47.6,854.26,66.89,66.89,2.160391985955739,4.9586280583059095,0.3125,0.0,0.0,0,0,OFF,0.0,esp32-simulated
29.67,47.58,854.16,66.93,66.93,2.182459505985113,5.009402027996312,0.3337500000000002,0.0,0.0,0,0,OFF,0.0,esp32-simulated
29.65,47.83,854.2,66.9,66.9,2.1695543866918845,4.9947146352071154,0.3312499999999998,0.0,0.0,0,0,OFF,0.0,esp32-simulated
29.64,48.11,854.21,66.95,66.95,2.156669571849392,4.981952200319447,0.33,0.0,0.0,0,0,OFF,0.0,esp32-simulated
29.88,47.73,854.27,66.74,66.74,2.202630402925757,5.066506000933337,0.3599999999999999,0.0,0.0,0,0,OFF,0.0,esp32-simulated
29.59,47.68,854.24,66.61,66.61,2.168296017144081,4.982289681454402,0.32375,0.0,0.0,0,0,OFF,0.0,esp32-simulated
29.44,47.49,854.17,66.63,66.63,2.1574599118566558,4.944844909053931,0.3050000000000001,0.0,0.0,0,0,OFF,0.0,esp32-simulated
29.31,47.84,854.09,66.42,66.42,2.127084689560322,4.895037941359362,0.2887499999999998,0.0,0.0,0,0,OFF,0.0,esp32-simulated
29.34,48.31,854.19,66.24,66.24,2.111566797025736,4.887721491704983,0.2925,0.0,0.0,0,0,OFF,0.0,esp32-simulated
29.1,48.63,854.09,66.17,66.17,2.069637928228228,4.808265084507073,0.2625000000000002,0.0,0.0,0,0,OFF,0.0,esp32-simulated
28.93,48.61,854.16,65.86,65.86,2.0502051314421514,4.760871404596193,0.2412499999999999,0.0,0.0,0,0,OFF,0.0,esp32-simulated
29.21,48.64,854.17,65.57,65.57,2.0824153109963808,4.839244564889832,0.2762500000000001,0.0,0.0,0,0,OFF,0.0,esp32-simulated
29.06,48.59,854.25,65.54,65.54,2.066470034454124,4.798247924989628,0.2574999999999998,0.0,0.0,0,0,OFF,0.0,esp32-simulated
29.08,48.73,854.34,65.44,65.44,2.0632246302583512,4.799268072415457,0.2599999999999998,0.0,0.0,0,0,OFF,0.0,esp32-simulated
28.96,48.52,854.28,65.38,65.38,2.0573608703936315,4.772277565131527,0.2450000000000001,0.0,0.0,0,0,OFF,0.0,esp32-simulated
29.21,48.24,854.23,65.36,65.36,2.0986334987767266,4.852701044389916,0.2762500000000001,0.0,0.0,0,0,OFF,0.0,esp32-simulated
29.06,47.94,854.13,64.96,64.96,2.0925973544773715,4.819801437402566,0.2574999999999998,0.0,0.0,0,0,OFF,0.0,esp32-simulated
29.21,48.1,854.09,64.69,64.69,2.104309864499847,4.857410812214946,0.2762500000000001,0.0,0.0,0,0,OFF,0.0,esp32-simulated
29.49,48.53,854.01,64.68,64.68,2.120827730813222,4.923558893684539,0.3112499999999998,0.0,0.0,0,0,OFF,0.0,esp32-simulated
29.61,48.18,854.1,64.58,64.58,2.1500469469374304,4.970701987063252,0.3262499999999999,0.0,0.0,1,0,OFF,0.0,esp32-simulated
29.89,47.99,854.16,68.01,68.01,2.192932677911791,5.060159314446743,0.36125,0.0,0.0,0,0,OFF,0.0,esp32-simulated
29.86,47.96,854.12,67.95,67.95,2.1904216794624958,5.0523021335820015,0.3574999999999999,0.0,0.0,0,0,OFF,0.0,esp32-simulated
29.95,47.8,854.03,67.89,67.89,2.208535848112936,5.084923759098578,0.3687499999999999,0.0,0.0,0,0,OFF,0.0,esp32-simulated
30.0,48.21,854.0,67.5,67.5,2.197483393931293,5.085045719275259,0.375,0.0,0.0,0,0,OFF,0.0,esp32-simulated
30.1,48.12,853.97,67.53,67.53,2.2139598586357443,5.118309842263773,0.3875000000000002,0.0,0.0,0,0,OFF,0.0,esp32-simulated
30.04,47.67,853.94,67.6,67.6,2.225495306904972,5.116678679169938,0.3799999999999999,0.0,0.0,0,0,OFF,0.0,esp32-simulated
29.89,47.87,853.95,67.3,67.3,2.197992318776037,5.064467387621141,0.36125,0.0,0.0,0,0,OFF,0.0,esp32-simulated
29.6,47.88,853.88,67.1,67.1,2.1612504760425724,4.978249503541504,0.3250000000000002,0.0,0.0,0,0,OFF,0.0,esp32-simulated
29.31,47.93,853.88,66.99,66.99,2.123414489750881,4.891981023130585,0.2887499999999998,0.0,0.0,0,0,OFF,0.0,esp32-simulated
29.04,48.17,853.93,66.96,66.96,2.0809466855270093,4.806482471488646,0.2549999999999999,0.0,0.0,0,0,OFF,0.0,esp32-simulated
29.07,48.59,853.88,66.59,66.59,2.067663995901095,4.801082888178873,0.25875,0.0,0.0,0,0,OFF,0.0,esp32-simulated
28.85,48.66,853.93,66.22,66.22,2.0387552653607237,4.736775979700796,0.2312500000000001,0.0,0.0,0,0,OFF,0.0,esp32-simulated
28.77,48.29,853.9,65.88,65.88,2.0439632996926487,4.726340526258154,0.2212499999999999,0.0,0.0,0,0,OFF,0.0,esp32-simulated
28.67,48.3,853.88,65.69,65.69,2.031767707822181,4.698078380186672,0.2087500000000002,0.0,0.0,0,0,OFF,0.0,esp32-simulated
28.64,48.24,853.92,65.56,65.56,2.0305930510964,4.691634965147244,0.205,0.0,0.0,0,0,OFF,0.0,esp32-simulated
28.35,48.32,853.87,65.4,65.4,1.9936326883273316,4.609013661270935,0.1687500000000001,0.0,0.0,0,0,OFF,0.0,esp32-simulated
28.64,48.8,853.89,65.01,65.01,2.008623729059808,4.673804261875733,0.205,0.0,0.0,0,0,OFF,0.0,esp32-simulated
28.88,48.69,853.82,64.92,64.92,2.0411030784489506,4.744209260769673,0.2349999999999998,0.0,0.0,0,0,OFF,0.0,esp32-simulated
28.7,49.16,853.84,64.75,64.75,2.001445480899639,4.678902642012409,0.2124999999999999,0.0,0.0,0,0,OFF,0.0,esp32-simulated
28.89,48.69,853.79,64.53,64.53,2.042283979363687,4.7470148542314,0.23625,0.0,0.0,0,0,OFF,0.0,esp32-simulated
28.73,49.07,853.7,64.48,64.48,2.0084750480881604,4.690093003675568,0.21625,0.0,0.0,0,0,OFF,0.0,esp32-simulated
28.87,48.75,853.65,64.14,64.14,2.037537362110829,4.739451685752586,0.2337500000000001,0.0,0.0,0,0,OFF,0.0,esp32-simulated
28.78,48.32,853.67,64.13,64.13,2.0439603242044293,4.72817449348756,0.2225000000000001,0.0,0.0,0,0,OFF,0.0,esp32-simulated
28.89,48.17,853.73,63.86,63.86,2.062981458788148,4.763977289537251,0.23625,0.0,0.0,0,0,OFF,0.0,esp32-simulated
29.04,47.72,853.81,63.91,63.91,2.099013944035347,4.821375415295477,0.2549999999999999,0.0,0.0,1,1,ON,100.0,esp32-simulated
28.9,47.7,853.82,67.46,67.46,2.082893087640847,4.782146957797743,0.2374999999999998,0.0,0.0,0,0,OFF,0.0,esp32-simulated
28.93,48.11,853.88,67.51,67.51,2.0701526419640635,4.777244538008638,0.2412499999999999,0.0,0.0,0,0,OFF,0.0,esp32-simulated
29.0,48.39,853.93,67.58,67.58,2.067330209404344,4.787862485195456,0.25,0.0,0.0,0,0,OFF,0.0,esp32-simulated
28.89,48.49,853.99,67.44,67.44,2.050244548373095,4.753538867810573,0.23625,0.0,0.0,0,0,OFF,0.0,esp32-simulated
29.08,48.18,854.0,67.17,67.17,2.08535791573996,4.817540817252572,0.2599999999999998,0.0,0.0,0,0,OFF,0.0,esp32-simulated
29.35,48.04,854.05,67.17,67.17,2.123820270334934,4.899812975343282,0.2937500000000002,0.0,0.0,0,0,OFF,0.0,esp32-simulated
29.34,47.83,854.02,67.23,67.23,2.1311750783678214,4.904072037804661,0.2925,0.0,0.0,0,0,OFF,0.0,esp32-simulated
29.25,48.2,854.08,66.86,66.86,2.1051074332324027,4.865534216756423,0.28125,0.0,0.0,0,0,OFF,0.0,esp32-simulated
29.03,48.39,854.07,66.55,66.55,2.0709170031330824,4.796364529582167,0.2537500000000001,0.0,0.0,0,0,OFF,0.0,esp32-simulated
29.12,48.83,854.0,66.58,66.58,2.0639623145428714,4.807275381036505,0.2650000000000001,0.0,0.0,0,0,OFF,0.0,esp32-simulated
28.91,48.91,854.02,66.62,66.62,2.035880804543154,4.745440096377092,0.23875,0.0,0.0,0,0,OFF,0.0,esp32-simulated
28.67,48.71,854.01,66.28,66.28,2.0156550432146934,4.684985747437483,0.2087500000000002,0.0,0.0,0,0,OFF,0.0,esp32-simulated
28.85,48.95,853.99,66.29,66.29,2.0272391175820976,4.727352639159368,0.2312500000000001,0.0,0.0,0,0,OFF,0.0,esp32-simulated
28.99,49.37,853.97,66.26,66.26,2.0269028525890698,4.75275379237224,0.2487499999999998,0.0,0.0,0,0,OFF,0.0,esp32-simulated
28.75,49.52,853.98,66.36,66.36,1.9930355448927612,4.681157074538606,0.21875,0.0,0.0,0,0,OFF,0.0,esp32-simulated
28.81,49.45,853.93,66.39,66.39,2.00274291768992,4.70001017788389,0.2262499999999998,0.0,0.0,0,0,OFF,0.0,esp32-simulated
28.93,49.42,853.84,66.1,66.1,2.017890164396653,4.734346928468031,0.2412499999999999,0.0,0.0,0,0,OFF,0.0,esp32-simulated
29.22,49.5,853.74,66.1,66.1,2.048727903266933,4.813140741317807,0.2774999999999998,0.0,0.0,0,0,OFF,0.0,esp32-simulated
29.0,49.24,853.82,66.04,66.04,2.0332819498036137,4.759839598585892,0.25,0.0,0.0,0,0,OFF,0.0,esp32-simulated
28.9,49.2,853.78,65.82,65.82,2.023154280155928,4.733169588903088,0.2374999999999998,0.0,0.0,0,0,OFF,0.0,esp32-simulated
28.89,49.39,853.72,65.85,65.85,2.014421987830758,4.724180806704295,0.23625,0.0,0.0,0,0,OFF,0.0,esp32-simulated
28.95,49.57,853.68,65.62,65.62,2.014233639304585,4.735006447701086,0.2437499999999999,0.0,0.0,0,0,OFF,0.0,esp32-simulated
29.17,49.27,853.76,65.49,65.49,2.0521293077251057,4.806725020188274,0.2712500000000002,0.0,0.0,0,0,OFF,0.0,esp32-simulated
29.05,49.7,853.67,65.21,65.21,2.0206850154786085,4.758643092725208,0.2562500000000001,0.0,0.0,0,0,OFF,0.0,esp32-simulated
29.2,49.32,853.74,65.07,65.07,2.053659078889819,4.813536580204466,0.2749999999999999,0.0,0.0,0,0,OFF,0.0,esp32-simulated
29.05,49.81,853.64,64.72,64.72,2.0162660224030096,4.754999086715594,0.2562500000000001,0.0,0.0,0,0,OFF,0.0,esp32-simulated
29.34,49.34,853.56,64.38,64.38,2.069490693312513,4.852635944866093,0.2925,0.0,0.0,0,0,OFF,0.0,esp32-simulated
29.19,49.6,853.5,64.05,64.05,2.041134723510401,4.801304620250319,0.2737500000000001,0.0,0.0,1,0,OFF,0.0,esp32-simulated
29.47,49.55,853.49,67.57,67.57,2.0764058725008545,4.882581539906585,0.3087499999999998,0.0,0.0,0,0,OFF,0.0,esp32-simulated
29.47,49.43,853.51,67.42,67.42,2.0813447962808374,4.886720403316181,0.3087499999999998,0.0,0.0,0,0,OFF,0.0,esp32-simulated
29.32,48.94,853.59,67.23,67.23,2.0834275014134422,4.860536059510594,0.29,0.0,0.0,0,0,OFF,0.0,esp32-simulated
29.2,49.44,853.64,67.03,67.03,2.048796429137121,4.809503513798744,0.2749999999999999,0.0,0.0,0,0,OFF,0.0,esp32-simulated
29.48,49.55,853.66,66.71,66.71,2.0776018888455914,4.885445611653205,0.31,0.0,0.0,0,0,OFF,0.0,esp32-simulated
29.51,49.46,853.65,66.6,66.6,2.0849062676763164,4.897162741074658,0.3137500000000002,0.0,0.0,0,0,OFF,0.0,esp32-simulated
29.46,49.7,853.57,66.39,66.39,2.069040354615228,4.874550314220298,0.3075000000000001,0.0,0.0,0,0,OFF,0.0,esp32-simulated
29.26,49.55,853.6,66.24,66.24,2.0514274928339664,4.822775570726936,0.2825000000000002,0.0,0.0,0,0,OFF,0.0,esp32-simulated
29.29,49.34,853.64,65.9,65.9,2.063533679668783,4.838398880561037,0.2862499999999999,0.0,0.0,0,0,OFF,0.0,esp32-simulated
29.04,49.69,853.63,65.63,65.63,2.019919501232179,4.75617741685224,0.2549999999999999,0.0,0.0,0,0,OFF,0.0,esp32-simulated
29.31,49.47,853.59,65.58,65.58,2.0606132930115626,4.839673755660404,0.2887499999999998,0.0,0.0,0,0,OFF,0.0,esp32-simulated
29.5,49.84,853.64,65.22,65.22,2.0680393514416004,4.881147179567505,0.3125,0.0,0.0,0,0,OFF,0.0,esp32-simulated
29.64,49.71,853.64,64.9,64.9,2.090169835581151,4.925863315814858,0.33,0.0,0.0,0,0,OFF,0.0,esp32-simulated
29.62,50.01,853.74,64.72,64.72,2.0753124515427164,4.909603288376998,0.3275000000000001,0.0,0.0,0,0,OFF,0.0,esp32-simulated
29.9,49.96,853.79,64.56,64.56,2.111081713623784,4.992347981511481,0.3624999999999998,0.0,0.0,1,0,OFF,0.0,esp32-simulated
29.8,49.62,853.77,67.99,67.99,2.113255909380154,4.975388919243086,0.3500000000000001,0.0,0.0,0,0,OFF,0.0,esp32-simulated
29.57,49.43,853.72,67.78,67.78,2.093360465268943,4.91546745253708,0.32125,0.0,0.0,0,0,OFF,0.0,esp32-simulated
29.72,49.85,853.71,67.43,67.43,2.0939604290072844,4.944031179581343,0.3399999999999998,0.0,0.0,0,0,OFF,0.0,esp32-simulated
29.82,49.41,853.76,67.47,67.47,2.1245038404147265,4.988701315885671,0.3525,0.0,0.0,0,0,OFF,0.0,esp32-simulated
29.86,49.85,853.77,67.13,67.13,2.110869470119988,4.984643334479936,0.3574999999999999,0.0,0.0,0,0,OFF,0.0,esp32-simulated
30.0,49.41,853.85,67.05,67.05,2.146566613226185,5.041512321934801,0.375,0.0,0.0,0,0,OFF,0.0,esp32-simulated
30.16,49.32,853.83,66.96,66.96,2.17019889458519,5.092185787460612,0.395,0.0,0.0,0,0,OFF,0.0,esp32-simulated
30.39,48.84,853.75,66.93,66.93,2.21978562257497,5.179097797926169,0.42375,0.0,0.0,0,0,OFF,0.0,esp32-simulated
30.4,48.95,853.65,66.6,66.6,2.2162799205265764,5.177982225405409,0.4249999999999998,0.0,0.0,0,0,OFF,0.0,esp32-simulated
30.53,48.82,853.61,66.4,66.4,2.2384955222456555,5.2224107457253846,0.4412500000000001,0.0,0.0,0,0,OFF,0.0,esp32-simulated
30.83,49.3,853.6,66.0,66.0,2.255792142890679,5.29583480183496,0.4787499999999998,0.0,0.0,0,0,OFF,0.0,esp32-simulated
30.6,49.47,853.64,65.83,65.83,2.218919820675997,5.218851266212847,0.4500000000000002,0.0,0.0,0,0,OFF,0.0,esp32-simulated
30.33,49.74,853.66,65.51,65.51,2.1732635242565945,5.1272703969704665,0.4162499999999998,0.0,0.0,0,0,OFF,0.0,esp32-simulated
30.57,49.74,853.73,65.32,65.32,2.2032853723304995,5.199404524090445,0.44625,0.0,0.0,1,0,OFF,0.0,esp32-simulated
30.5,49.67,853.72,68.82,68.82,2.1975483820083888,5.180934884046688,0.4375,0.0,0.0,0,0,OFF,0.0,esp32-simulated
30.47,49.31,853.74,68.75,68.75,2.209475580640666,5.185548140132243,0.4337499999999998,0.0,0.0,0,0,OFF,0.0,esp32-simulated
30.66,49.8,853.83,68.47,68.47,2.211992333598353,5.224370857458936,0.4575,0.0,0.0,0,0,OFF,0.0,esp32-simulated
30.4,49.59,853.83,68.19,68.19,2.1884950204455382,5.1538684190351605,0.4249999999999998,0.0,0.0,0,0,OFF,0.0,esp32-simulated
30.34,50.07,853.86,68.24,68.24,2.1602297914717736,5.11789463734516,0.4175,0.0,0.0,0,0,OFF,0.0,esp32-simulated
30.56,50.16,853.88,67.87,67.87,2.183625959803176,5.180315767731625,0.4449999999999998,0.0,0.0,0,0,OFF,0.0,esp32-simulated
30.46,50.14,853.88,67.58,67.58,2.172055668924144,5.151074753906467,0.4325000000000001,0.0,0.0,0,0,OFF,0.0,esp32-simulated
30.47,49.9,853.9,67.33,67.33,2.1837586622627225,5.163170949981841,0.4337499999999998,0.0,0.0,0,0,OFF,0.0,esp32-simulated
30.63,49.86,853.97,67.38,67.38,2.2055683383679345,5.212958646555936,0.4537499999999999,0.0,0.0,0,0,OFF,0.0,esp32-simulated
30.36,50.35,853.94,67.22,67.22,2.150574732454664,5.113341246215962,0.4199999999999999,0.0,0.0,0,0,OFF,0.0,esp32-simulated
30.46,50.5,854.02,67.26,67.26,2.156372956513139,5.137433743336944,0.4325000000000001,0.0,0.0,0,0,OFF,0.0,esp32-simulated
30.51,50.42,853.96,67.24,67.24,2.1660386435887213,5.1553985298612215,0.4387500000000002,0.0,0.0,0,0,OFF,0.0,esp32-simulated
30.39,49.93,854.02,67.23,67.23,2.1724915192011096,5.138067717095091,0.42375,0.0,0.0,0,0,OFF,0.0,esp32-simulated
30.41,49.96,854.0,66.95,66.95,2.173674521174442,5.1429183504571965,0.42625,0.0,0.0,0,0,OFF,0.0,esp32-simulated
30.37,50.38,853.93,66.78,66.78,2.1505050594677404,5.11518481019361,0.4212500000000001,0.0,0.0,0,0,OFF,0.0,esp32-simulated
30.5,50.57,853.97,66.81,66.81,2.158251868123876,5.146703522394957,0.4375,0.0,0.0,0,0,OFF,0.0,esp32-simulated
30.63,51.04,854.02,66.78,66.78,2.1536622625946165,5.167524825442995,0.4537499999999999,0.0,0.0,0,0,OFF,0.0,esp32-simulated
30.64,50.93,854.08,66.8,66.8,2.1597335226526435,5.174751669088134,0.455,0.0,0.0,0,0,OFF,0.0,esp32-simulated
30.86,50.56,853.98,66.81,66.81,2.203495584578342,5.255514047216368,0.4824999999999999,0.0,0.0,0,0,OFF,0.0,esp32-simulated
31.05,50.32,853.99,66.45,66.45,2.2382809644462824,5.323173714959357,0.5062500000000001,0.0,0.0,0,0,OFF,0.0,esp32-simulated
30.95,50.48,853.99,66.5,66.5,2.218406701719268,5.286113161441607,0.4937499999999999,0.0,0.0,0,0,OFF,0.0,esp32-simulated
30.75,50.41,854.03,66.29,66.29,2.196363123568457,5.228008929939419,0.46875,0.0,0.0,0,0,OFF,0.0,esp32-simulated
30.65,50.59,853.99,66.11,66.11,2.175939765135712,5.190860448764297,0.4562499999999998,0.0,0.0,0,0,OFF,0.0,esp32-simulated
30.53,50.24,854.05,65.9,65.9,2.176387987240012,5.168248384411244,0.4412500000000001,0.0,0.0,0,0,OFF,0.0,esp32-simulated
30.59,50.37,854.06,65.98,65.98,2.178154041120683,5.181290476306467,0.44875,0.0,0.0,0,0,OFF,0.0,esp32-simulated
30.72,50.15,854.05,65.95,65.95,2.204103508608781,5.2290269253784745,0.4649999999999998,0.0,0.0,0,0,OFF,0.0,esp32-simulated
30.92,50.42,854.04,65.6,65.6,2.2173025221964004,5.279322318887883,0.4900000000000002,0.0,0.0,0,0,OFF,0.0,esp32-simulated
31.1,50.79,854.08,65.64,65.64,2.223422155872961,5.319678205009224,0.5125000000000002,0.0,0.0,0,0,OFF,0.0,esp32-simulated
31.39,50.4,854.12,65.51,65.51,2.2782813845075056,5.425491609298488,0.5487500000000001,0.0,0.0,1,0,OFF,0.0,esp32-simulated
31.34,50.18,854.18,68.72,68.72,2.281899558606612,5.418908892055873,0.5425,0.0,0.0,0,0,OFF,0.0,esp32-simulated
31.12,50.08,854.08,68.49,68.49,2.2580691202511405,5.354442545295525,0.5150000000000001,0.0,0.0,0,0,OFF,0.0,esp32-simulated
31.03,50.14,854.05,68.32,68.32,2.2438351104561143,5.324214003783817,0.5037500000000001,0.0,0.0,0,0,OFF,0.0,esp32-simulated
30.87,49.7,854.0,68.27,68.27,2.243102940668092,5.292422392826704,0.4837500000000001,0.0,0.0,0,0,OFF,0.0,esp32-simulated
30.78,49.58,854.08,68.33,68.33,2.236948171690148,5.269512228114219,0.4725000000000001,0.0,0.0,0,0,OFF,0.0,esp32-simulated
30.83,49.55,854.16,68.11,68.11,2.244668907472086,5.286026467507486,0.4787499999999998,0.0,0.0,0,0,OFF,0.0,esp32-simulated
30.59,49.75,854.16,68.0,68.0,2.2053645086905966,5.205072809811617,0.44875,0.0,0.0,0,0,OFF,0.0,esp32-simulated
30.59,49.68,854.13,67.62,67.62,2.208436658254941,5.207757911981553,0.44875,0.0,0.0,0,0,OFF,0.0,esp32-simulated
30.68,50.1,854.1,67.43,67.43,2.201284425515234,5.218841357870835,0.4599999999999999,0.0,0.0,0,0,OFF,0.0,esp32-simulated
30.41,49.84,854.1,67.41,67.41,2.178887169906276,5.147443958122103,0.42625,0.0,0.0,0,0,OFF,0.0,esp32-simulated
30.2,50.15,854.18,67.07,67.07,2.139553546678144,5.073412603032662,0.3999999999999999,0.0,0.0,0,0,OFF,0.0,esp32-simulated
30.22,49.79,854.15,66.75,66.75,2.1574743445777376,5.092655865311863,0.4024999999999998,0.0,0.0,0,0,OFF,0.0,esp32-simulated
30.06,49.9,854.22,66.78,66.78,2.1331023331318058,5.041348088276962,0.3824999999999998,0.0,0.0,0,0,OFF,0.0,esp32-simulated
30.14,49.92,854.13,66.57,66.57,2.142050017199456,5.064180521587147,0.3925,0.0,0.0,0,0,OFF,0.0,esp32-simulated
30.31,49.65,854.21,66.61,66.61,2.174665021660413,5.124661988049249,0.4137499999999998,0.0,0.0,0,0,OFF,0.0,esp32-simulated
30.16,49.82,854.11,66.26,66.26,2.1487880925470573,5.073769551151992,0.395,0.0,0.0,0,0,OFF,0.0,esp32-simulated
30.16,49.66,854.15,66.25,66.25,2.15563954919926,5.07966274677075,0.395,0.0,0.0,0,0,OFF,0.0,esp32-simulated
30.03,49.33,854.09,66.0,66.0,2.153663342473111,5.053272642834767,0.3787500000000001,0.0,0.0,0,0,OFF,0.0,esp32-simulated
30.0,49.09,854.0,66.06,66.06,2.160144421414213,5.053121227892255,0.375,0.0,0.0,0,0,OFF,0.0,esp32-simulated
29.95,49.58,853.95,65.86,65.86,2.133225621874602,5.020655158814219,0.3687499999999999,0.0,0.0,0,0,OFF,0.0,esp32-simulated
30.13,49.9,854.0,65.47,65.47,2.141677938294698,5.061964479754513,0.3912499999999999,0.0,0.0,1,0,OFF,0.0,esp32-simulated
30.18,49.91,853.98,69.07,69.07,2.147393001877556,5.076367223605708,0.3974999999999999,0.0,0.0,0,0,OFF,0.0,esp32-simulated
30.05,50.33,854.08,69.09,69.09,2.113582117184513,5.0227353064618905,0.3812500000000001,0.0,0.0,0,0,OFF,0.0,esp32-simulated
29.91,50.82,854.05,68.86,68.86,2.0759913804344348,4.964329057590845,0.36375,0.0,0.0,0,0,OFF,0.0,esp32-simulated
29.9,50.68,854.06,68.87,68.87,2.0807064371687654,4.966474950301972,0.3624999999999998,0.0,0.0,0,0,OFF,0.0,esp32-simulated
29.99,50.72,854.14,68.52,68.52,2.089783419368596,4.9910865844616605,0.3737499999999998,0.0,0.0,0,0,OFF,0.0,esp32-simulated
30.2,50.5,854.23,68.2,68.2,2.1245316060294503,5.0604723177623,0.3999999999999999,0.0,0.0,0,0,OFF,0.0,esp32-simulated
30.21,50.53,854.32,68.22,68.22,2.1244603386612466,5.06230310006324,0.4012500000000001,0.0,0.0,0,0,OFF,0.0,esp32-simulated
30.14,50.91,854.3,67.93,67.93,2.099705178600665,5.027785394900209,0.3925,0.0,0.0,0,0,OFF,0.0,esp32-simulated
30.35,50.68,854.34,67.84,67.84,2.1350591571767725,5.097996956284732,0.4187500000000002,0.0,0.0,0,0,OFF,0.0,esp32-simulated
30.56,50.22,854.38,67.92,67.92,2.180997196609192,5.178020742140919,0.4449999999999998,0.0,0.0,0,0,OFF,0.0,esp32-simulated
30.38,50.61,854.36,67.63,67.63,2.141761655314049,5.109506429212253,0.4224999999999999,0.0,0.0,0,0,OFF,0.0,esp32-simulated
30.19,51.02,854.36,67.33,67.33,2.10100961390621,5.038325459182196,0.3987500000000001,0.0,0.0,0,0,OFF,0.0,esp32-simulated
30.07,50.82,854.38,67.39,67.39,2.095132384146174,5.010690674398819,0.38375,0.0,0.0,0,0,OFF,0.0,esp32-simulated
29.86,51.23,854.4,67.0,67.0,2.0527837299651406,4.935241671643506,0.3574999999999999,0.0,0.0,0,0,OFF,0.0,esp32-simulated
29.82,51.48,854.4,66.94,66.94,2.0375751400854427,4.914880388450493,0.3525,0.0,0.0,0,0,OFF,0.0,esp32-simulated
29.81,51.76,854.44,66.99,66.99,2.0246534295678758,4.902055164546014,0.3512499999999998,0.0,0.0,0,0,OFF,0.0,esp32-simulated
30.07,52.08,854.53,66.65,66.65,2.0414547346133523,4.964675959887431,0.38375,0.0,0.0,0,0,OFF,0.0,esp32-simulated
29.95,51.95,854.62,66.27,66.27,2.0329530172763706,4.93508404495246,0.3687499999999999,0.0,0.0,0,0,OFF,0.0,esp32-simulated
29.67,52.15,854.68,66.21,66.21,1.9921916703812983,4.8487388021328,0.3337500000000002,0.0,0.0,0,0,OFF,0.0,esp32-simulated
29.96,51.92,854.59,66.13,66.13,2.0353898028932016,4.939021859774843,0.3700000000000001,0.0,0.0,0,0,OFF,0.0,esp32-simulated
29.79,51.87,854.59,65.92,65.92,2.0177172480886654,4.8924682734980935,0.3487499999999999,0.0,0.0,0,0,OFF,0.0,esp32-simulated
29.6,52.24,854.59,65.97,65.97,1.9804551560973385,4.825989974799195,0.3250000000000002,0.0,0.0,0,0,OFF,0.0,esp32-simulated
29.39,52.72,854.6,65.66,65.66,1.9369892337085248,4.751221487226292,0.29875,0.0,0.0,0,0,OFF,0.0,esp32-simulated
29.63,52.59,854.6,65.38,65.38,1.9693373256034832,4.822117207337926,0.3287499999999999,0.0,0.0,0,0,OFF,0.0,esp32-simulated
29.53,52.75,854.53,65.06,65.06,1.951430584947239,4.788783123833771,0.3162500000000001,0.0,0.0,0,0,OFF,0.0,esp32-simulated
29.28,52.28,854.48,65.02,65.02,1.942658092231293,4.735983608760234,0.2850000000000001,0.0,0.0,0,0,OFF,0.0,esp32-simulated
29.41,52.71,854.57,64.91,64.91,1.9396327135404796,4.757062360101169,0.30125,0.0,0.0,0,0,OFF,0.0,esp32-simulated
29.56,53.1,854.54,64.54,64.54,1.940322825650031,4.784911549672941,0.3199999999999998,0.0,0.0,0,0,OFF,0.0,esp32-simulated
29.83,52.97,854.59,64.62,64.62,1.9761379017920144,4.864543720030059,0.3537499999999998,0.0,0.0,0,0,OFF,0.0,esp32-simulated
29.93,52.98,854.61,64.5,64.5,1.987092791392856,4.8922626725862,0.3662499999999999,0.0,0.0,0,0,OFF,0.0,esp32-simulated
29.69,53.18,854.52,64.27,64.27,1.951551359973234,4.8180733692528,0.3362500000000001,0.0,0.0,0,0,OFF,0.0,esp32-simulated
29.72,52.78,854.46,64.05,64.05,1.971621365059301,4.840531480364117,0.3399999999999998,0.0,0.0,0,0,OFF,0.0,esp32-simulated
29.98,52.52,854.47,63.81,63.81,2.0122973751342808,4.923010099812659,0.3725,0.0,0.0,0,0,OFF,0.0,esp32-simulated
30.07,53.0,854.55,63.67,63.67,2.0022615301925613,4.931077914371178,0.38375,0.0,0.0,0,0,OFF,0.0,esp32-simulated
30.35,53.45,854.61,63.59,63.59,2.01514606177167,4.994120923934505,0.4187500000000002,0.0,0.0,1,1,ON,100.0,esp32-simulated
30.53,53.78,854.63,66.73,66.73,2.021556526732985,5.033223906205566,0.4412500000000001,0.0,0.0,0,0,OFF,0.0,esp32-simulated
30.31,53.92,854.71,66.49,66.49,1.9902396067152297,4.965139397296108,0.4137499999999998,0.0,0.0,0,0,OFF,0.0,esp32-simulated
30.26,54.35,854.77,66.17,66.17,1.9660330757796467,4.93498755017966,0.4075000000000002,0.0,0.0,0,0,OFF,0.0,esp32-simulated
30.11,54.41,854.86,65.79,65.79,1.9466517888197807,4.890737147224695,0.3887499999999999,0.0,0.0,0,0,OFF,0.0,esp32-simulated
30.28,54.47,854.94,65.68,65.68,1.9631111357411632,4.936147932413037,0.4100000000000001,0.0,0.0,0,0,OFF,0.0,esp32-simulated
30.54,54.09,855.03,65.49,65.49,2.009145313156997,5.024262237677228,0.4424999999999999,0.0,0.0,0,0,OFF,0.0,esp32-simulated
30.3,54.57,855.06,65.54,65.54,1.9610429114381187,4.938043528565726,0.4125000000000001,0.0,0.0,0,0,OFF,0.0,esp32-simulated
30.14,55.04,855.1,65.22,65.22,1.923054488284496,4.875955219933488,0.3925,0.0,0.0,0,0,OFF,0.0,esp32-simulated
30.4,54.63,855.15,65.09,65.09,1.969688932307361,4.96397219386945,0.4249999999999998,0.0,0.0,0,0,OFF,0.0,esp32-simulated
30.25,54.92,855.24,65.05,65.05,1.940373427290411,4.911000168632475,0.40625,0.0,0.0,0,0,OFF,0.0,esp32-simulated
30.22,54.73,855.23,65.1,65.1,1.945207400498589,4.909666920337652,0.4024999999999998,0.0,0.0,0,0,OFF,0.0,esp32-simulated
29.93,55.18,855.22,64.71,64.71,1.8941195004301952,4.812980398887139,0.3662499999999999,0.0,0.0,0,0,OFF,0.0,esp32-simulated
29.75,55.09,855.28,64.4,64.4,1.8784056100958704,4.767080584439402,0.34375,0.0,0.0,0,0,OFF,0.0,esp32-simulated
29.91,55.0,855.32,64.2,64.2,1.8995447767293523,4.813978851988406,0.36375,0.0,0.0,0,0,OFF,0.0,esp32-simulated
30.0,54.99,855.3,64.11,64.11,1.909803582947432,4.83908202430167,0.375,0.0,0.0,0,0,OFF,0.0,esp32-simulated
29.85,55.14,855.31,63.91,63.91,1.8871235679983167,4.792539791708792,0.3562500000000002,0.0,0.0,0,0,OFF,0.0,esp32-simulated
29.6,54.68,855.24,63.77,63.77,1.879276123834409,4.740780513759922,0.3250000000000002,0.0,0.0,0,0,OFF,0.0,esp32-simulated
29.34,55.09,855.16,63.66,63.66,1.834599823068791,4.656770028047047,0.2925,0.0,0.0,0,0,OFF,0.0,esp32-simulated
29.4,55.16,855.1,63.75,63.75,1.8380849363169725,4.670375101011496,0.2999999999999998,0.0,0.0,0,0,OFF,0.0,esp32-simulated
29.28,55.13,855.06,63.38,63.38,1.826635972305493,4.639459480783521,0.2850000000000001,0.0,0.0,1,0,OFF,0.0,esp32-simulated
29.14,55.41,854.96,66.79,66.79,1.800633313804508,4.593074574224842,0.2675,0.0,0.0,0,0,OFF,0.0,esp32-simulated
29.14,55.09,855.04,66.59,66.59,1.813555553329456,4.603767554007252,0.2675,0.0,0.0,0,0,OFF,0.0,esp32-simulated
29.34,55.45,855.05,66.46,66.46,1.819893612062228,4.64450711847229,0.2925,0.0,0.0,0,0,OFF,0.0,esp32-simulated
29.18,55.12,855.14,66.18,66.18,1.8165332647253951,4.613319836405441,0.2724999999999999,0.0,0.0,0,0,OFF,0.0,esp32-simulated
29.27,54.69,855.14,66.1,66.1,1.8434847118367312,4.651693751548187,0.2837499999999999,0.0,0.0,0,0,OFF,0.0,esp32-simulated
29.34,54.41,855.1,65.72,65.72,1.8623782216367448,4.679933301688257,0.2925,0.0,0.0,0,0,OFF,0.0,esp32-simulated
29.4,54.53,855.15,65.54,65.54,1.8639099476880627,4.691958969450399,0.2999999999999998,0.0,0.0,0,0,OFF,0.0,esp32-simulated
29.49,54.25,855.08,65.62,65.62,1.8851344216962296,4.725895132883954,0.3112499999999998,0.0,0.0,0,0,OFF,0.0,esp32-simulated
29.45,54.59,855.06,65.65,65.65,1.866819624287475,4.703358032575724,0.3062499999999999,0.0,0.0,0,0,OFF,0.0,esp32-simulated
29.64,54.71,855.13,65.59,65.59,1.882358159742897,4.75058555173802,0.33,0.0,0.0,0,0,OFF,0.0,esp32-simulated
29.59,54.37,855.2,65.23,65.23,1.891042569997791,4.748885170280388,0.32375,0.0,0.0,0,0,OFF,0.0,esp32-simulated
29.65,54.25,855.18,65.25,65.25,1.9025706956326187,4.76944305866864,0.3312499999999998,0.0,0.0,0,0,OFF,0.0,esp32-simulated
29.7,54.2,855.2,65.19,65.19,1.9101335160655175,4.784886163549728,0.3374999999999999,0.0,0.0,0,0,OFF,0.0,esp32-simulated
29.87,54.5,855.17,64.86,64.86,1.916245691279831,4.8209348774998375,0.3587500000000001,0.0,0.0,0,0,OFF,0.0,esp32-simulated
30.06,54.07,855.09,64.5,64.5,1.9555566898352064,4.8892056745075365,0.3824999999999998,0.0,0.0,0,0,OFF,0.0,esp32-simulated
30.2,54.03,855.07,64.18,64.18,1.9730246046297744,4.92996029774979,0.3999999999999999,0.0,0.0,0,0,OFF,0.0,esp32-simulated
30.13,54.41,855.04,63.82,63.82,1.9488841757855349,4.896321485015041,0.3912499999999999,0.0,0.0,0,0,OFF,0.0,esp32-simulated
30.18,54.32,855.08,63.5,63.5,1.9583332466713268,4.91362807016515,0.3974999999999999,0.0,0.0,1,1,ON,100.0,esp32-simulated
30.32,54.75,855.0,67.05,67.05,1.955509784379565,4.936939117629979,0.415,0.0,0.0,0,0,OFF,0.0,esp32-simulated
30.24,55.17,855.0,66.85,66.85,1.9285082648259573,4.898930229313122,0.4049999999999998,0.0,0.0,0,0,OFF,0.0,esp32-simulated
30.25,55.65,854.97,66.62,66.62,1.9089521184633924,4.883882431120189,0.40625,0.0,0.0,0,0,OFF,0.0,esp32-simulated
30.05,55.95,854.96,66.36,66.36,1.8744371302995328,4.817884083270134,0.3812500000000001,0.0,0.0,0,0,OFF,0.0,esp32-simulated
29.81,55.94,854.93,66.26,66.26,1.8492170420141083,4.753128677416275,0.3512499999999998,0.0,0.0,0,0,OFF,0.0,esp32-simulated
29.54,55.93,854.83,66.1,66.1,1.821144118683414,4.6811331273192645,0.3174999999999999,0.0,0.0,0,0,OFF,0.0,esp32-simulated
29.75,56.34,854.78,66.1,66.1,1.8261231114848744,4.722798970550843,0.34375,0.0,0.0,0,0,OFF,0.0,esp32-simulated
29.85,56.83,854.77,65.92,65.92,1.8160304153028837,4.732098192531309,0.3562500000000002,0.0,0.0,0,0,OFF,0.0,esp32-simulated
29.69,57.24,854.72,65.89,65.89,1.7823224295697455,4.675067132633016,0.3362500000000001,0.0,0.0,0,0,OFF,0.0,esp32-simulated
29.84,57.42,854.73,65.92,65.92,1.790182616607762,4.708345699083305,0.355,0.0,0.0,0,0,OFF,0.0,esp32-simulated
29.98,57.74,854.8,65.72,65.72,1.7910633334704025,4.73399912890485,0.3725,0.0,0.0,0,0,OFF,0.0,esp32-simulated
30.17,57.38,854.76,65.8,65.8,1.826102585718682,4.798010880696995,0.3962500000000002,0.0,0.0,0,0,OFF,0.0,esp32-simulated
30.03,56.99,854.84,65.82,65.82,1.8280848699381975,4.774591984247722,0.3787500000000001,0.0,0.0,0,0,OFF,0.0,esp32-simulated
30.0,57.23,854.83,65.72,65.72,1.8147589256312304,4.757819682599482,0.375,0.0,0.0,0,0,OFF,0.0,esp32-simulated
29.85,57.15,854.79,65.72,65.72,1.8025689899404345,4.720653629373443,0.3562500000000002,0.0,0.0,0,0,OFF,0.0,esp32-simulated
29.93,57.07,854.76,65.35,65.35,1.8142469913759096,4.744869718300218,0.3662499999999999,0.0,0.0,0,0,OFF,0.0,esp32-simulated
30.22,57.37,854.86,65.11,65.11,1.8317691955656037,4.811875257436454,0.4024999999999998,0.0,0.0,0,0,OFF,0.0,esp32-simulated
30.51,57.05,854.84,64.76,64.76,1.8763888612774424,4.902989755702781,0.4387500000000002,0.0,0.0,0,0,OFF,0.0,esp32-simulated
30.55,57.39,854.94,64.74,64.74,1.865793943194837,4.9010185888521125,0.4437500000000001,0.0,0.0,0,0,OFF,0.0,esp32-simulated
30.57,57.37,855.03,64.67,64.67,1.868803331127123,4.907278860781441,0.44625,0.0,0.0,0,0,OFF,0.0,esp32-simulated
30.6,57.69,855.02,64.68,64.68,1.857955622655876,4.903246681381707,0.4500000000000002,0.0,0.0,0,0,OFF,0.0,esp32-simulated
30.79,57.2,855.09,64.4,64.4,1.89996016053707,4.974738181266744,0.4737499999999999,0.0,0.0,0,0,OFF,0.0,esp32-simulated
30.73,57.35,855.08,64.19,64.19,1.8868336570601252,4.952219550312061,0.46625,0.0,0.0,1,0,OFF,0.0,esp32-simulated
30.44,56.92,855.07,67.55,67.55,1.8745535113794884,4.888670607691366,0.4300000000000001,0.0,0.0,0,0,OFF,0.0,esp32-simulated
30.26,56.46,855.1,67.6,67.6,1.875160572167488,4.8565319730277565,0.4075000000000002,0.0,0.0,0,0,OFF,0.0,esp32-simulated
30.06,56.07,855.18,67.56,67.56,1.8704029040814416,4.81623569188431,0.3824999999999998,0.0,0.0,0,0,OFF,0.0,esp32-simulated
30.35,55.65,855.21,67.61,67.61,1.9199082242658123,4.911620104017357,0.4187500000000002,0.0,0.0,0,0,OFF,0.0,esp32-simulated
30.22,55.31,855.24,67.46,67.46,1.9202853706269485,4.888182388336631,0.4024999999999998,0.0,0.0,0,0,OFF,0.0,esp32-simulated
30.5,54.95,855.17,67.56,67.56,1.9670088338859115,4.980110895689863,0.4375,0.0,0.0,0,0,OFF,0.0,esp32-simulated
30.52,54.99,855.26,67.3,67.3,1.9675094883807749,4.984242730965065,0.4399999999999999,0.0,0.0,0,0,OFF,0.0,esp32-simulated
30.75,54.66,855.19,66.96,66.96,2.008128736087797,5.06251431781758,0.46875,0.0,0.0,0,0,OFF,0.0,esp32-simulated
30.85,54.51,855.12,66.88,66.88,2.0262925316226124,5.097212130707458,0.4812500000000002,0.0,0.0,0,0,OFF,0.0,esp32-simulated
30.78,54.52,855.17,66.67,66.67,2.017778715757,5.076606578198959,0.4725000000000001,0.0,0.0,0,0,OFF,0.0,esp32-simulated
30.95,54.35,855.11,66.47,66.47,2.045037680401546,5.132563259235735,0.4937499999999999,0.0,0.0,0,0,OFF,0.0,esp32-simulated
31.17,54.26,855.14,66.51,66.51,2.0748835181322973,5.200664646353832,0.5212500000000002,0.0,0.0,0,0,OFF,0.0,esp32-simulated
31.19,54.52,855.16,66.29,66.29,2.0654365121409173,5.19601678798638,0.5237500000000002,0.0,0.0,0,0,OFF,0.0,esp32-simulated
30.91,54.29,855.08,65.97,65.97,2.0430652873458004,5.123292542321527,0.48875,0.0,0.0,0,0,OFF,0.0,esp32-simulated
30.63,53.79,855.15,65.81,65.81,2.0326947131229005,5.061640920306902,0.4537499999999999,0.0,0.0,0,0,OFF,0.0,esp32-simulated
30.58,53.86,855.06,65.77,65.77,2.023829352630819,5.044540910969702,0.4474999999999998,0.0,0.0,0,0,OFF,0.0,esp32-simulated
30.75,53.75,855.0,65.39,65.39,2.048433040230715,5.09794963476602,0.46875,0.0,0.0,0,0,OFF,0.0,esp32-simulated
30.68,54.2,855.06,65.06,65.06,2.020417368508972,5.060234171608023,0.4599999999999999,0.0,0.0,0,0,OFF,0.0,esp32-simulated
30.39,53.98,855.08,65.09,65.09,1.996765722261536,4.985616499328244,0.42375,0.0,0.0,0,0,OFF,0.0,esp32-simulated
30.45,53.9,855.01,65.01,65.01,2.0071107979858245,5.005744210971625,0.4312499999999999,0.0,0.0,0,0,OFF,0.0,esp32-simulated
30.2,54.31,854.97,64.66,64.66,1.96100705211082,4.9196080695335,0.3999999999999999,0.0,0.0,0,0,OFF,0.0,esp32-simulated
30.02,54.34,854.93,64.49,64.49,1.939607094051348,4.868221074564529,0.3774999999999999,0.0,0.0,0,0,OFF,0.0,esp32-simulated
29.95,54.42,854.89,64.13,64.13,1.9284495010917169,4.845902335569109,0.3687499999999999,0.0,0.0,0,0,OFF,0.0,esp32-simulated
30.25,54.61,854.83,64.14,64.14,1.9537167228196928,4.922515920178787,0.40625,0.0,0.0,0,0,OFF,0.0,esp32-simulated
30.27,54.93,854.85,63.9,63.9,1.94216536298959,4.916215828972102,0.4087499999999999,0.0,0.0,0,0,OFF,0.0,esp32-simulated
30.04,55.28,854.94,63.61,63.61,1.9018564900590549,4.839554231930602,0.3799999999999999,0.0,0.0,0,0,OFF,0.0,esp32-simulated
29.92,55.05,854.91,63.7,63.7,1.898523502170661,4.814922149529797,0.3650000000000002,0.0,0.0,0,0,OFF,0.0,esp32-simulated
29.87,55.41,854.86,63.43,63.43,1.8779207774542348,4.788327411497554,0.3587500000000001,0.0,0.0,1,0,OFF,0.0,esp32-simulated
29.78,55.0,854.77,67.0,67.0,1.8854171615229849,4.7784379899352345,0.3475000000000001,0.0,0.0,0,0,OFF,0.0,esp32-simulated
29.53,55.38,854.76,66.96,66.96,1.8428112740813924,4.697550876935928,0.3162500000000001,0.0,0.0,0,0,OFF,0.0,esp32-simulated
29.64,54.98,854.83,67.02,67.02,1.871136329247632,4.741120552477871,0.33,0.0,0.0,0,0,OFF,0.0,esp32-simulated
29.91,54.79,854.81,66.98,66.98,1.9084093190207565,4.821532331217237,0.36375,0.0,0.0,0,0,OFF,0.0,esp32-simulated
29.82,55.04,854.8,66.7,66.7,1.8880745733355624,4.787922658175501,0.3525,0.0,0.0,0,0,OFF,0.0,esp32-simulated
30.01,55.42,854.8,66.36,66.36,1.8926436292649336,4.826223876107822,0.3762500000000002,0.0,0.0,0,0,OFF,0.0,esp32-simulated
30.11,55.45,854.78,66.18,66.18,1.902244728930056,4.852612426695356,0.3887499999999999,0.0,0.0,0,0,OFF,0.0,esp32-simulated
30.28,55.63,854.69,66.09,66.09,1.9130955654038084,4.892934305329067,0.4100000000000001,0.0,0.0,0,0,OFF,0.0,esp32-simulated
30.33,55.34,854.72,65.92,65.92,1.93111717057898,4.917664691287905,0.4162499999999998,0.0,0.0,0,0,OFF,0.0,esp32-simulated
30.06,55.02,854.63,66.0,66.0,1.915108641602168,4.854544932761503,0.3824999999999998,0.0,0.0,0,0,OFF,0.0,esp32-simulated
30.32,55.26,854.55,66.08,66.08,1.9334697845998172,4.917868054538809,0.415,0.0,0.0,0,0,OFF,0.0,esp32-simulated
30.2,55.6,854.55,65.97,65.97,1.90564047086278,4.871913875251309,0.3999999999999999,0.0,0.0,0,0,OFF,0.0,esp32-simulated
30.3,55.97,854.61,65.88,65.88,1.90061015607793,4.885790449548915,0.4125000000000001,0.0,0.0,0,0,OFF,0.0,esp32-simulated
30.24,55.48,854.63,65.84,65.84,1.915172606514647,4.887425366313496,0.4049999999999998,0.0,0.0,0,0,OFF,0.0,esp32-simulated
30.45,55.23,854.64,65.76,65.76,1.9492049983910056,4.955395758201729,0.4312499999999999,0.0,0.0,0,0,OFF,0.0,esp32-simulated
30.17,55.56,854.62,65.38,65.38,1.904082564742802,4.865109500581161,0.3962500000000002,0.0,0.0,0,0,OFF,0.0,esp32-simulated
30.01,55.13,854.71,65.17,65.17,1.9049555775037592,4.836754439874679,0.3762500000000002,0.0,0.0,0,0,OFF,0.0,esp32-simulated
29.88,55.32,854.65,65.17,65.17,1.8827917811884984,4.794279407532612,0.3599999999999999,0.0,0.0,0,0,OFF,0.0,esp32-simulated
30.13,55.24,854.71,65.02,65.02,1.913403283793826,4.865837297513098,0.3912499999999999,0.0,0.0,0,0,OFF,0.0,esp32-simulated
30.37,54.91,854.62,64.8,64.8,1.9541772094195975,4.944986966744118,0.4212500000000001,0.0,0.0,0,0,OFF,0.0,esp32-simulated
30.16,55.22,854.72,64.8,64.8,1.9175514305352173,4.8748741990188895,0.395,0.0,0.0,0,0,OFF,0.0,esp32-simulated
30.34,54.94,854.78,64.61,64.61,1.949528427873385,4.935440246079778,0.4175,0.0,0.0,0,0,OFF,0.0,esp32-simulated
30.45,54.91,854.81,64.25,64.25,1.9631372208499096,4.9675096716501255,0.4312499999999999,0.0,0.0,1,0,OFF,0.0,esp32-simulated
30.15,54.62,854.74,67.69,67.69,1.942131401971949,4.894183931194776,0.3937499999999998,0.0,0.0,0,0,OFF,0.0,esp32-simulated
29.95,54.33,854.74,67.58,67.58,1.9322573215194976,4.849151871538543,0.3687499999999999,0.0,0.0,0,0,OFF,0.0,esp32-simulated
30.02,54.33,854.67,67.67,67.67,1.940031887545446,4.868584542305995,0.3774999999999999,0.0,0.0,0,0,OFF,0.0,esp32-simulated
30.05,54.48,854.73,67.34,67.34,1.9369892887908,4.871466164781146,0.3812500000000001,0.0,0.0,0,0,OFF,0.0,esp32-simulated
30.32,54.91,854.71,67.22,67.22,1.9485952746447424,4.930956039013142,0.415,0.0,0.0,0,0,OFF,0.0,esp32-simulated
30.16,55.38,854.73,66.93,66.93,1.9106999738830144,4.868981003400131,0.395,0.0,0.0,0,0,OFF,0.0,esp32-simulated
30.05,55.06,854.83,66.65,66.65,1.9123088453044497,4.850324935341427,0.3812500000000001,0.0,0.0,0,0,OFF,0.0,esp32-simulated
29.9,54.63,854.82,66.54,66.54,1.914064295505817,4.824532626305366,0.3624999999999998,0.0,0.0,0,0,OFF,0.0,esp32-simulated
29.91,54.32,854.85,66.63,66.63,1.928249008911041,4.8384377371103335,0.36375,0.0,0.0,0,0,OFF,0.0,esp32-simulated
29.65,54.22,854.93,66.57,66.57,1.903818282974017,4.7704957295870445,0.3312499999999998,0.0,0.0,0,0,OFF,0.0,esp32-simulated
29.45,53.97,854.97,66.37,66.37,1.892308022593096,4.724701260759492,0.3062499999999999,0.0,0.0,0,0,OFF,0.0,esp32-simulated
29.7,53.61,854.89,66.28,66.28,1.9347400395257504,4.80568768939779,0.3374999999999999,0.0,0.0,0,0,OFF,0.0,esp32-simulated
29.86,54.01,854.8,66.03,66.03,1.9357704273343612,4.835722379842581,0.3574999999999999,0.0,0.0,0,0,OFF,0.0,esp32-simulated
29.58,53.68,854.76,65.81,65.81,1.918534046359778,4.770215514540117,0.3224999999999998,0.0,0.0,0,0,OFF,0.0,esp32-simulated
29.34,53.76,854.86,65.63,65.63,1.888931102620817,4.702074666198235,0.2925,0.0,0.0,0,0,OFF,0.0,esp32-simulated
29.37,53.87,854.76,65.56,65.56,1.8876986758087588,4.706443065767969,0.2962500000000001,0.0,0.0,0,0,OFF,0.0,esp32-simulated
29.09,53.84,854.77,65.27,65.27,1.858659398724131,4.632167555255437,0.26125,0.0,0.0,0,0,OFF,0.0,esp32-simulated
29.04,54.11,854.71,65.13,65.13,1.842458873216949,4.609895613238479,0.2549999999999999,0.0,0.0,0,0,OFF,0.0,esp32-simulated
29.01,53.77,854.64,64.74,64.74,1.8528951809141423,4.613155597253682,0.2512500000000002,0.0,0.0,0,0,OFF,0.0,esp32-simulated
29.28,53.34,854.65,64.39,64.39,1.8995060055220483,4.700083406775913,0.2850000000000001,0.0,0.0,0,0,OFF,0.0,esp32-simulated
29.29,52.97,854.6,64.43,64.43,1.9156728968579333,4.715339570088159,0.2862499999999999,0.0,0.0,0,0,OFF,0.0,esp32-simulated
29.37,52.62,854.56,64.11,64.11,1.9388502766056577,4.749145258757905,0.2962500000000001,0.0,0.0,0,0,OFF,0.0,esp32-simulated
29.46,52.15,854.63,63.86,63.86,1.968262047084268,4.790129361502208,0.3075000000000001,0.0,0.0,0,0,OFF,0.0,esp32-simulated
29.67,52.47,854.66,63.61,63.61,1.978868758479062,4.837488860715662,0.3337500000000002,0.0,0.0,0,0,OFF,0.0,esp32-simulated
29.68,52.62,854.68,63.24,63.24,1.973758178738332,4.835006203038444,0.3349999999999999,0.0,0.0,1,1,ON,100.0,esp32-simulated
29.62,52.82,854.63,66.7,66.7,1.9586565605878248,4.811285103626409,0.3275000000000001,0.0,0.0,0,0,OFF,0.0,esp32-simulated
29.51,52.87,854.54,66.43,66.43,1.944234910874254,4.779099057501242,0.3137500000000002,0.0,0.0,0,0,OFF,0.0,esp32-simulated
29.58,52.87,854.48,66.17,66.17,1.9520835406937895,4.79844826697103,0.3224999999999998,0.0,0.0,0,0,OFF,0.0,esp32-simulated
29.41,52.88,854.51,66.25,66.25,1.9326600436038777,4.7512325592379465,0.30125,0.0,0.0,0,0,OFF,0.0,esp32-simulated
29.28,53.15,854.47,66.06,66.06,1.9072408135171015,4.706518348641027,0.2850000000000001,0.0,0.0,0,0,OFF,0.0,esp32-simulated
29.04,53.04,854.54,66.02,66.02,1.8854187990034408,4.645307724068055,0.2549999999999999,0.0,0.0,0,0,OFF,0.0,esp32-simulated
28.93,52.66,854.56,65.93,65.93,1.8886302962146613,4.628249023955383,0.2412499999999999,0.0,0.0,0,0,OFF,0.0,esp32-simulated
28.74,53.04,854.54,65.57,65.57,1.852986814428184,4.565227883571156,0.2174999999999998,0.0,0.0,0,0,OFF,0.0,esp32-simulated
28.71,53.1,854.6,65.45,65.45,1.8474070567211496,4.555362335391223,0.2137500000000001,0.0,0.0,0,0,OFF,0.0,esp32-simulated
28.72,52.7,854.57,65.15,65.15,1.864242524247796,4.570841829482836,0.2149999999999998,0.0,0.0,0,0,OFF,0.0,esp32-simulated
28.72,52.34,854.61,64.92,64.92,1.878431262275897,4.582393606415577,0.2149999999999998,0.0,0.0,0,0,OFF,0.0,esp32-simulated
28.98,51.99,854.55,64.54,64.54,1.9209042095746656,4.663745246335241,0.2475,0.0,0.0,0,0,OFF,0.0,esp32-simulated
28.86,52.15,854.56,64.29,64.29,1.901263990791626,4.626063533164502,0.2324999999999999,0.0,0.0,0,0,OFF,0.0,esp32-simulated
28.68,52.0,854.65,64.1,64.1,1.8874538322577847,4.582598314607568,0.2099999999999999,0.0,0.0,0,0,OFF,0.0,esp32-simulated
28.86,51.79,854.56,63.76,63.76,1.9155681712866095,4.637772780488193,0.2324999999999999,0.0,0.0,0,0,OFF,0.0,esp32-simulated
28.6,51.31,854.57,63.81,63.81,1.905731127527216,4.583137132625566,0.2000000000000001,0.0,0.0,0,0,OFF,0.0,esp32-simulated
28.9,51.77,854.61,63.84,63.84,1.920801789998433,4.649255030196912,0.2374999999999998,0.0,0.0,0,0,OFF,0.0,esp32-simulated
29.09,51.76,854.7,63.9,63.9,1.9424118153044212,4.701338314108384,0.26125,0.0,0.0,0,0,OFF,0.0,esp32-simulated
29.16,51.52,854.68,63.71,63.71,1.9599807524537345,4.728567492668136,0.27,0.0,0.0,0,0,OFF,0.0,esp32-simulated
28.96,51.68,854.7,63.74,63.74,1.931073761799151,4.6684994207108375,0.2450000000000001,0.0,0.0,0,0,OFF,0.0,esp32-simulated
29.23,51.51,854.68,63.69,63.69,1.9683197076156935,4.748220942188045,0.27875,0.0,0.0,0,0,OFF,0.0,esp32-simulated
29.23,51.25,854.65,63.33,63.33,1.9788737006860195,4.756984476492272,0.27875,0.0,0.0,1,1,ON,100.0,esp32-simulated
29.26,51.26,854.57,66.84,66.84,1.9818944697864729,4.76497218262522,0.2825000000000002,0.0,0.0,0,0,OFF,0.0,esp32-simulated
29.08,51.24,854.53,66.68,66.68,1.9622163637877357,4.715877909613351,0.2599999999999998,0.0,0.0,0,0,OFF,0.0,esp32-simulated
28.97,51.21,854.61,66.38,66.38,1.9509844025605625,4.686672108378861,0.2462499999999998,0.0,0.0,0,0,OFF,0.0,esp32-simulated
28.92,51.06,854.67,66.34,66.34,1.95133370527622,4.677906529410007,0.2400000000000002,0.0,0.0,0,0,OFF,0.0,esp32-simulated
28.81,50.98,854.62,66.42,66.42,1.9421257730001955,4.650485768211439,0.2262499999999998,0.0,0.0,0,0,OFF,0.0,esp32-simulated
29.06,50.65,854.63,66.47,66.47,1.983666527918907,4.729939870265547,0.2574999999999998,0.0,0.0,0,0,OFF,0.0,esp32-simulated
29.08,50.55,854.56,66.15,66.15,1.989983576482845,4.738801898590823,0.2599999999999998,0.0,0.0,0,0,OFF,0.0,esp32-simulated
29.08,50.13,854.53,66.08,66.08,2.006885358123346,4.752755631011892,0.2599999999999998,0.0,0.0,0,0,OFF,0.0,esp32-simulated
29.11,50.25,854.46,66.17,66.17,2.0055277341293296,4.757127446044738,0.2637499999999999,0.0,0.0,0,0,OFF,0.0,esp32-simulated
29.23,49.97,854.51,65.98,65.98,2.030831820416852,4.800128029990004,0.27875,0.0,0.0,0,0,OFF,0.0,esp32-simulated
29.42,50.02,854.56,65.67,65.67,2.0511462791275368,4.852150169673148,0.3025000000000002,0.0,0.0,0,0,OFF,0.0,esp32-simulated
29.54,50.08,854.63,65.48,65.48,2.062888913198912,4.884258291891549,0.3174999999999999,0.0,0.0,0,0,OFF,0.0,esp32-simulated
29.77,50.58,854.66,65.12,65.12,2.069417710946574,4.932592066827187,0.3462499999999999,0.0,0.0,0,0,OFF,0.0,esp32-simulated
29.77,50.12,854.59,64.86,64.86,2.0886797940512976,4.948918785930751,0.3462499999999999,0.0,0.0,0,0,OFF,0.0,esp32-simulated
30.03,50.51,854.59,64.74,64.74,2.1035089563646,5.010342724149035,0.3787500000000001,0.0,0.0,0,0,OFF,0.0,esp32-simulated
30.08,50.69,854.55,64.39,64.39,2.1018751212093827,5.018353002460712,0.3849999999999998,0.0,0.0,0,0,OFF,0.0,esp32-simulated
29.93,50.56,854.49,64.18,64.18,2.089363411451781,4.979473173655166,0.3662499999999999,0.0,0.0,1,0,OFF,0.0,esp32-simulated
29.96,50.11,854.39,67.5,67.5,2.1120132542916354,5.004435758288476,0.3700000000000001,0.0,0.0,0,0,OFF,0.0,esp32-simulated
29.85,50.25,854.49,67.15,67.15,2.092830974318241,4.96742702246494,0.3562500000000002,0.0,0.0,0,0,OFF,0.0,esp32-simulated
29.89,50.65,854.51,67.07,67.07,2.080777305421013,4.964663692414243,0.36125,0.0,0.0,0,0,OFF,0.0,esp32-simulated
29.9,50.76,854.58,66.75,66.75,2.0773314064515414,4.963600169056472,0.3624999999999998,0.0,0.0,0,0,OFF,0.0,esp32-simulated
29.85,50.4,854.59,66.44,66.44,2.0865209311795927,4.962062383484689,0.3562500000000002,0.0,0.0,0,0,OFF,0.0,esp32-simulated
30.08,50.51,854.55,66.47,66.47,2.109547753977943,5.024932770294671,0.3849999999999998,0.0,0.0,0,0,OFF,0.0,esp32-simulated
30.09,50.08,854.58,66.12,66.12,2.12909689735166,5.0435885366409,0.38625,0.0,0.0,0,0,OFF,0.0,esp32-simulated
30.14,50.0,854.59,65.92,65.92,2.13862821206016,5.061239501248808,0.3925,0.0,0.0,0,0,OFF,0.0,esp32-simulated
30.16,49.62,854.5,65.63,65.63,2.1573524133623105,5.08113604567544,0.395,0.0,0.0,0,0,OFF,0.0,esp32-simulated
29.97,50.04,854.5,65.3,65.3,2.1161903612224684,5.0098862426231,0.3712499999999998,0.0,0.0,0,0,OFF,0.0,esp32-simulated
29.98,50.49,854.58,64.99,64.99,2.0983328357813447,4.996514366276808,0.3725,0.0,0.0,0,0,OFF,0.0,esp32-simulated
30.19,50.86,854.65,64.66,64.66,2.10787285478463,5.044235420630227,0.3987500000000001,0.0,0.0,0,0,OFF,0.0,esp32-simulated
29.98,51.07,854.56,64.55,64.55,2.0737512755964693,4.97551314728705,0.3725,0.0,0.0,0,0,OFF,0.0,esp32-simulated
30.05,50.66,854.63,64.51,64.51,2.0995397958905557,5.010706675918604,0.3812500000000001,0.0,0.0,0,0,OFF,0.0,esp32-simulated
30.04,51.08,854.7,64.54,64.54,2.080474496728286,4.992500707410919,0.3799999999999999,0.0,0.0,0,0,OFF,0.0,esp32-simulated
30.01,51.53,854.64,64.18,64.18,2.0577935556409006,4.967478679739108,0.3762500000000002,0.0,0.0,1,0,OFF,0.0,esp32-simulated
30.21,51.83,854.59,67.63,67.63,2.068632595781529,5.014193667101449,0.4012500000000001,0.0,0.0,0,0,OFF,0.0,esp32-simulated
30.47,51.96,854.5,67.44,67.44,2.0939673879261718,5.085040421660094,0.4337499999999998,0.0,0.0,0,0,OFF,0.0,esp32-simulated
30.36,51.63,854.49,67.49,67.49,2.0951319196139395,5.065295414316674,0.4199999999999999,0.0,0.0,0,0,OFF,0.0,esp32-simulated
30.38,51.24,854.5,67.47,67.47,2.1144421606218478,5.085814171796047,0.4224999999999999,0.0,0.0,0,0,OFF,0.0,esp32-simulated
30.4,51.56,854.49,67.2,67.2,2.102969624883592,5.079643108801737,0.4249999999999998,0.0,0.0,0,0,OFF,0.0,esp32-simulated
30.56,51.59,854.42,67.27,67.27,2.120973770346544,5.125617657819778,0.4449999999999998,0.0,0.0,0,0,OFF,0.0,esp32-simulated
30.34,51.18,854.42,67.24,67.24,2.112205456031484,5.076308523524918,0.4175,0.0,0.0,0,0,OFF,0.0,esp32-simulated
30.27,51.31,854.37,67.29,67.29,2.0981591196796794,5.050944693464867,0.4087499999999999,0.0,0.0,0,0,OFF,0.0,esp32-simulated
30.1,50.83,854.45,67.16,67.16,2.09831160850269,5.019059748210994,0.3875000000000002,0.0,0.0,0,0,OFF,0.0,esp32-simulated
29.81,50.66,854.43,66.89,66.89,2.070820899976761,4.941246345369629,0.3512499999999998,0.0,0.0,0,0,OFF,0.0,esp32-simulated
29.71,50.52,854.4,66.79,66.79,2.064798092120025,4.917496907753715,0.3387500000000001,0.0,0.0,0,0,OFF,0.0,esp32-simulated
29.58,50.87,854.4,66.68,66.68,2.034921798308633,4.868158766800445,0.3224999999999998,0.0,0.0,0,0,OFF,0.0,esp32-simulated
29.48,51.17,854.48,66.43,66.43,2.0108880125338007,4.829517457932262,0.31,0.0,0.0,0,0,OFF,0.0,esp32-simulated
29.65,50.93,854.52,66.32,66.32,2.0406370280807127,4.885938640305359,0.3312499999999998,0.0,0.0,0,0,OFF,0.0,esp32-simulated
29.42,51.08,854.59,66.22,66.22,2.007644577329313,4.815764810710425,0.3025000000000002,0.0,0.0,0,0,OFF,0.0,esp32-simulated
29.64,51.03,854.69,66.05,66.05,2.035307553159852,4.879589986098573,0.33,0.0,0.0,0,0,OFF,0.0,esp32-simulated
29.81,50.75,854.76,65.83,65.83,2.0670435614887617,4.938039794211334,0.3512499999999998,0.0,0.0,0,0,OFF,0.0,esp32-simulated
29.71,50.74,854.79,65.65,65.65,2.0556175023814154,4.909733005906091,0.3387500000000001,0.0,0.0,0,0,OFF,0.0,esp32-simulated
29.86,51.19,854.79,65.62,65.62,2.05446737460731,4.936673603899633,0.3574999999999999,0.0,0.0,0,0,OFF,0.0,esp32-simulated
29.94,51.16,854.8,65.53,65.53,2.0651918434150387,4.960728505296123,0.3675000000000001,0.0,0.0,0,0,OFF,0.0,esp32-simulated
29.92,51.53,854.71,65.17,65.17,2.0471954204719007,4.941653270001656,0.3650000000000002,0.0,0.0,0,0,OFF,0.0,esp32-simulated
29.66,52.02,854.76,65.06,65.06,1.9964557752621788,4.850499630657048,0.3325,0.0,0.0,0,0,OFF,0.0,esp32-simulated
29.42,51.89,854.85,64.84,64.84,1.97440271086086,4.787960904333249,0.3025000000000002,0.0,0.0,0,0,OFF,0.0,esp32-simulated
29.15,52.06,854.84,64.76,64.76,1.937030865499648,4.707751835620536,0.2687499999999998,0.0,0.0,0,0,OFF,0.0,esp32-simulated
29.31,52.38,854.87,64.61,64.61,1.941943499172978,4.740833399596618,0.2887499999999998,0.0,0.0,0,0,OFF,0.0,esp32-simulated
29.25,52.12,854.86,64.25,64.25,1.9458020058526533,4.733153040719953,0.28125,0.0,0.0,0,0,OFF,0.0,esp32-simulated
29.08,52.59,854.77,64.21,64.21,1.907889208514695,4.671026626831342,0.2599999999999998,0.0,0.0,0,0,OFF,0.0,esp32-simulated
28.78,52.78,854.7,63.91,63.91,1.8675659154205333,4.584227435216954,0.2225000000000001,0.0,0.0,0,0,OFF,0.0,esp32-simulated
28.64,53.02,854.65,63.77,63.77,1.8430691951412064,4.539437176508282,0.205,0.0,0.0,0,0,OFF,0.0,esp32-simulated
28.69,53.26,854.67,63.72,63.72,1.83897310976033,4.544958691246139,0.2112500000000001,0.0,0.0,0,0,OFF,0.0,esp32-simulated
28.48,53.35,854.74,63.68,63.68,1.813223580281477,4.487071157841505,0.185,0.0,0.0,0,0,OFF,0.0,esp32-simulated
28.47,53.11,854.75,63.53,63.53,1.8214949624189585,4.491982701701361,0.1837499999999998,0.0,0.0,1,0,OFF,0.0,esp32-simulated
28.32,52.91,854.75,67.11,67.11,1.813404249244115,4.459124939221846,0.165,0.0,0.0,0,0,OFF,0.0,esp32-simulated
28.35,52.5,854.82,66.92,66.92,1.8323829855949736,4.479617837565197,0.1687500000000001,0.0,0.0,0,0,OFF,0.0,esp32-simulated
28.59,52.69,854.83,66.75,66.75,1.85064475238722,4.53672627187874,0.1987499999999999,0.0,0.0,0,0,OFF,0.0,esp32-simulated
28.84,52.19,854.74,66.77,66.77,1.8974778141299835,4.619381206885242,0.2299999999999999,0.0,0.0,0,0,OFF,0.0,esp32-simulated
28.76,51.79,854.72,66.75,66.75,1.904514431231916,4.610795166298203,0.2200000000000002,0.0,0.0,0,0,OFF,0.0,esp32-simulated
28.84,51.44,854.78,66.42,66.42,1.927243728386363,4.643728377329658,0.2299999999999999,0.0,0.0,0,0,OFF,0.0,esp32-simulated
28.89,51.12,854.75,66.37,66.37,1.9455630658993768,4.667748089244449,0.23625,0.0,0.0,0,0,OFF,0.0,esp32-simulated
28.85,51.33,854.66,66.33,66.33,1.9327272840885543,4.650016258164205,0.2312500000000001,0.0,0.0,0,0,OFF,0.0,esp32-simulated
28.55,51.1,854.67,66.16,66.16,1.9084105887629783,4.57636180712132,0.1937500000000001,0.0,0.0,0,0,OFF,0.0,esp32-simulated
28.4,51.49,854.65,65.93,65.93,1.8767857888881048,4.52412532902875,0.1749999999999998,0.0,0.0,0,0,OFF,0.0,esp32-simulated
28.32,51.12,854.57,65.8,65.8,1.882335946125554,4.514374393494141,0.165,0.0,0.0,0,0,OFF,0.0,esp32-simulated
28.16,51.18,854.55,65.87,65.87,1.8626235069345525,4.470286480634155,0.145,0.0,0.0,0,0,OFF,0.0,esp32-simulated
28.35,50.97,854.45,65.93,65.93,1.8914050059730856,4.526980423754139,0.1687500000000001,0.0,0.0,0,0,OFF,0.0,esp32-simulated
28.64,50.97,854.37,65.7,65.7,1.9234926061680155,4.604710286698632,0.205,0.0,0.0,0,0,OFF,0.0,esp32-simulated
28.72,51.04,854.3,65.33,65.33,1.92966837182182,4.624108356450477,0.2149999999999998,0.0,0.0,0,0,OFF,0.0,esp32-simulated
28.64,51.27,854.21,65.22,65.22,1.9117233265055555,4.595158124231751,0.205,0.0,0.0,0,0,OFF,0.0,esp32-simulated
28.72,50.99,854.17,64.95,64.95,1.9316390298812784,4.625712769913357,0.2149999999999998,0.0,0.0,0,0,OFF,0.0,esp32-simulated
28.73,51.39,854.13,64.81,64.81,1.9169835477629196,4.615576114744417,0.21625,0.0,0.0,0,0,OFF,0.0,esp32-simulated
28.99,51.41,854.13,64.67,64.67,1.9452342407130732,4.685563670828572,0.2487499999999998,0.0,0.0,0,0,OFF,0.0,esp32-simulated
28.91,51.61,854.2,64.65,64.65,1.928288747931948,4.657195682649526,0.23875,0.0,0.0,0,0,OFF,0.0,esp32-simulated
28.93,52.05,854.24,64.55,64.55,1.9129662590513945,4.648224246718566,0.2412499999999999,0.0,0.0,0,0,OFF,0.0,esp32-simulated
28.85,52.0,854.15,64.3,64.3,1.9061210116344895,4.628245092085734,0.2312500000000001,0.0,0.0,0,0,OFF,0.0,esp32-simulated
28.95,51.68,854.06,64.06,64.06,1.929957752353709,4.665778360661529,0.2437499999999999,0.0,0.0,0,0,OFF,0.0,esp32-simulated
28.92,51.53,854.11,64.15,64.15,1.93259388424067,4.662530630416224,0.2400000000000002,0.0,0.0,0,0,OFF,0.0,esp32-simulated
29.14,51.58,854.03,63.83,63.83,1.955296368118732,4.721056175995562,0.2675,0.0,0.0,0,0,OFF,0.0,esp32-simulated
29.19,51.22,854.08,63.79,63.79,1.975526821683281,4.746910527001434,0.2737500000000001,0.0,0.0,0,0,OFF,0.0,esp32-simulated
28.92,51.45,854.17,63.5,63.5,1.9357836410126783,4.665147804713038,0.2400000000000002,0.0,0.0,1,0,OFF,0.0,esp32-simulated
29.07,51.2,854.25,66.76,66.76,1.9626921416061744,4.714453860832014,0.25875,0.0,0.0,0,0,OFF,0.0,esp32-simulated
28.82,51.16,854.29,66.58,66.58,1.9361144440515217,4.647377529313239,0.2275,0.0,0.0,0,0,OFF,0.0,esp32-simulated
28.75,50.7,854.37,66.52,66.52,1.9464471545802924,4.64318280619257,0.21875,0.0,0.0,0,0,OFF,0.0,esp32-simulated
28.9,51.08,854.39,66.18,66.18,1.948281641441496,4.671784619888453,0.2374999999999998,0.0,0.0,0,0,OFF,0.0,esp32-simulated
28.93,51.44,854.36,66.09,66.09,1.9373022218881275,4.66819946948175,0.2412499999999999,0.0,0.0,0,0,OFF,0.0,esp32-simulated
28.79,51.03,854.39,65.92,65.92,1.9379003539823487,4.6434269985919565,0.2237499999999999,0.0,0.0,0,0,OFF,0.0,esp32-simulated
28.56,51.06,854.29,65.87,65.87,1.9110794401269295,4.580310058053572,0.1949999999999998,0.0,0.0,0,0,OFF,0.0,esp32-simulated
28.36,50.87,854.38,65.95,65.95,1.8963635587358,4.532740448554419,0.1699999999999999,0.0,0.0,0,0,OFF,0.0,esp32-simulated
28.63,51.24,854.4,65.85,65.85,1.9117920865457048,4.59342230197296,0.2037499999999998,0.0,0.0,0,0,OFF,0.0,esp32-simulated
28.62,51.48,854.3,65.75,65.75,1.9012799597963288,4.583105696654214,0.2025000000000001,0.0,0.0,0,0,OFF,0.0,esp32-simulated
28.34,51.68,854.29,65.36,65.36,1.862933495622453,4.502363029187492,0.1674999999999999,0.0,0.0,0,0,OFF,0.0,esp32-simulated
28.17,51.68,854.35,65.26,65.26,1.8446194660409316,4.457707614220084,0.1462500000000002,0.0,0.0,0,0,OFF,0.0,esp32-simulated
28.1,51.43,854.38,65.31,65.31,1.846629056217016,4.446982990312068,0.1375000000000001,0.0,0.0,0,0,OFF,0.0,esp32-simulated
27.92,51.68,854.36,65.41,65.41,1.817971801008596,4.392725404273648,0.1150000000000002,0.0,0.0,0,0,OFF,0.0,esp32-simulated
28.17,51.27,854.44,65.38,65.38,1.860271245450633,4.470178713760316,0.1462500000000002,0.0,0.0,0,0,OFF,0.0,esp32-simulated
28.05,50.88,854.37,65.47,65.47,1.862114048025144,4.450464701143847,0.1312500000000001,0.0,0.0,0,0,OFF,0.0,esp32-simulated
28.23,51.26,854.43,65.12,65.12,1.8671548224203056,4.4862751719570335,0.15375,0.0,0.0,0,0,OFF,0.0,esp32-simulated
28.05,51.19,854.5,64.94,64.94,1.850362106761141,4.441145289721023,0.1312500000000001,0.0,0.0,0,0,OFF,0.0,esp32-simulated
28.12,51.45,854.5,64.67,64.67,1.848017669921879,4.4516078792576055,0.1400000000000001,0.0,0.0,0,0,OFF,0.0,esp32-simulated
27.96,51.75,854.54,64.45,64.45,1.8195729764401625,4.400982057472968,0.1200000000000001,0.0,0.0,0,0,OFF,0.0,esp32-simulated
27.68,51.68,854.48,64.48,64.48,1.7927059693085168,4.331102276498132,0.0849999999999999,0.0,0.0,0,0,OFF,0.0,esp32-simulated
27.65,51.27,854.42,64.16,64.16,1.804754013856068,4.335302305738365,0.0812499999999998,0.0,0.0,0,0,OFF,0.0,esp32-simulated
27.56,50.85,854.35,64.09,64.09,1.8107666678186705,4.324345892430644,0.0699999999999998,0.0,0.0,0,0,OFF,0.0,esp32-simulated
27.31,50.4,854.37,63.86,63.86,1.8008263803910038,4.273310212261807,0.0387499999999998,0.0,0.0,0,0,OFF,0.0,esp32-simulated
27.21,50.9,854.43,63.87,63.87,1.7722654809753682,4.234124902132426,0.0262500000000001,0.0,0.0,0,0,OFF,0.0,esp32-simulated
27.12,51.18,854.46,63.91,63.91,1.7528906489603413,4.2038631795191534,0.0150000000000001,0.0,0.0,0,0,OFF,0.0,esp32-simulated
27.07,51.19,854.43,63.54,63.54,1.7474020018645258,4.191126734646322,0.00875,0.0,0.0,0,0,OFF,0.0,esp32-simulated
26.92,51.46,854.4,63.56,63.56,1.722510265191459,4.146665538110712,0.0,0.0,0.0,0,0,OFF,0.0,esp32-simulated
27.07,51.82,854.46,63.29,63.29,1.7248479502116951,4.173931905375202,0.00875,0.0,0.0,0,0,OFF,0.0,esp32-simulated
27.2,51.39,854.43,63.07,63.07,1.753551453857652,4.21806333862636,0.0249999999999999,0.0,0.0,0,0,OFF,0.0,esp32-simulated
27.12,51.87,854.53,62.99,62.99,1.7281160781331677,4.184936961875991,0.0150000000000001,0.0,0.0,0,0,OFF,0.0,esp32-simulated
26.94,51.98,854.54,62.91,62.91,1.7060590142998289,4.137585054609525,0.0,0.0,0.0,0,0,OFF,0.0,esp32-simulated
27.21,51.95,854.49,62.54,62.54,1.7343657099972798,4.205065747943574,0.0262500000000001,0.0,0.0,0,0,OFF,0.0,esp32-simulated
27.17,52.35,854.43,62.17,62.17,1.715902079922392,4.184105763434613,0.0212500000000002,0.0,0.0,1,0,OFF,0.0,esp32-simulated
27.22,52.44,854.38,65.41,65.41,1.7176849366847262,4.193977848985874,0.0274999999999998,0.0,0.0,0,0,OFF,0.0,esp32-simulated
27.08,52.09,854.38,65.1,65.1,1.7161879022383577,4.169028219486603,0.0099999999999997,0.0,0.0,0,0,OFF,0.0,esp32-simulated
27.05,51.65,854.28,64.8,64.8,1.728905093137092,4.173620525636828,0.00625,0.0,0.0,0,0,OFF,0.0,esp32-simulated
27.11,51.87,854.25,64.85,64.85,1.727103418421078,4.1824605674446245,0.0137499999999999,0.0,0.0,0,0,OFF,0.0,esp32-simulated
27.37,51.7,854.2,64.86,64.86,1.7597951018424485,4.2520272368921175,0.0462500000000001,0.0,0.0,0,0,OFF,0.0,esp32-simulated
27.39,51.32,854.25,64.68,64.68,1.775716615798273,4.26776075922179,0.04875,0.0,0.0,0,0,OFF,0.0,esp32-simulated
27.36,50.89,854.23,64.72,64.72,1.788260655807852,4.272267834924542,0.0449999999999999,0.0,0.0,0,0,OFF,0.0,esp32-simulated
27.16,50.39,854.15,64.73,64.73,1.7854362657756704,4.23561170696139,0.02,0.0,0.0,0,0,OFF,0.0,esp32-simulated
27.12,50.29,854.05,64.74,64.74,1.784846254809885,4.228275257348739,0.0150000000000001,0.0,0.0,0,0,OFF,0.0,esp32-simulated
26.87,49.99,854.02,64.45,64.45,1.769473020537658,4.173692994883304,0.0,0.0,0.0,0,0,OFF,0.0,esp32-simulated
26.68,50.39,853.93,64.24,64.24,1.7358295611044314,4.1159785376363525,0.0,0.0,0.0,0,0,OFF,0.0,esp32-simulated
26.93,50.69,853.84,64.33,64.33,1.7508622640867022,4.169854925480957,0.0,0.0,0.0,0,0,OFF,0.0,esp32-simulated
26.82,50.56,853.78,64.21,64.21,1.7441752280127,4.146050227320406,0.0,0.0,0.0,0,0,OFF,0.0,esp32-simulated
26.99,50.56,853.77,64.17,64.17,1.7616703169907235,4.188310174092377,0.0,0.0,0.0,0,0,OFF,0.0,esp32-simulated
26.71,50.24,853.83,63.81,63.81,1.744152110770392,4.127321666263786,0.0,0.0,0.0,0,0,OFF,0.0,esp32-simulated
26.74,50.32,853.78,63.6,63.6,1.744421908431319,4.1326251965407,0.0,0.0,0.0,0,0,OFF,0.0,esp32-simulated
26.6,50.17,853.85,63.27,63.27,1.7353411568125248,4.1020460520792765,0.0,0.0,0.0,0,0,OFF,0.0,esp32-simulated
26.53,50.67,853.92,63.19,63.19,1.7108647935367216,4.071935406175304,0.0,0.0,0.0,0,0,OFF,0.0,esp32-simulated
26.37,50.59,853.93,63.01,63.01,1.6975625648931696,4.035132414581833,0.0,0.0,0.0,0,0,OFF,0.0,esp32-simulated
26.21,50.2,853.97,62.79,62.79,1.6948905911098202,4.006333850024578,0.0,0.0,0.0,0,0,OFF,0.0,esp32-simulated
26.02,50.61,853.9,62.71,62.71,1.662178972999627,3.950674679201682,0.0,0.0,0.0,0,0,OFF,0.0,esp32-simulated
26.29,50.5,853.92,62.65,62.65,1.692651115262096,4.018083779899922,0.0,0.0,0.0,0,0,OFF,0.0,esp32-simulated
26.26,50.73,853.93,62.7,62.7,1.6818073198372216,4.005062609311651,0.0,0.0,0.0,0,0,OFF,0.0,esp32-simulated
26.29,50.95,853.9,62.34,62.34,1.677263377850622,4.006723651022835,0.0,0.0,0.0,1,0,OFF,0.0,esp32-simulated
26.45,50.99,853.89,65.79,65.79,1.691776851059109,4.044268138525113,0.0,0.0,0.0,0,0,OFF,0.0,esp32-simulated
26.56,51.23,853.98,65.61,65.61,1.6944327388491278,4.0647263193032375,0.0,0.0,0.0,0,0,OFF,0.0,esp32-simulated
26.29,51.48,854.04,65.29,65.29,1.6591400426771092,3.9933439436787097,0.0,0.0,0.0,0,0,OFF,0.0,esp32-simulated
26.48,51.21,854.08,65.05,65.05,1.6871615273415257,4.045870126774736,0.0,0.0,0.0,0,0,OFF,0.0,esp32-simulated
26.25,51.12,854.01,65.13,65.13,1.667510749310428,3.992854164274535,0.0,0.0,0.0,0,0,OFF,0.0,esp32-simulated
26.21,51.58,854.09,64.86,64.86,1.6479237434043672,3.971775787076807,0.0,0.0,0.0,0,0,OFF,0.0,esp32-simulated
26.4,51.71,854.16,64.48,64.48,1.662019353233756,4.013808733968303,0.0,0.0,0.0,0,0,OFF,0.0,esp32-simulated
26.23,51.32,854.14,64.51,64.51,1.6587292151934283,3.983053776053557,0.0,0.0,0.0,0,0,OFF,0.0,esp32-simulated
25.98,51.08,854.2,64.3,64.3,1.6424732137756315,3.929673127395545,0.0,0.0,0.0,0,0,OFF,0.0,esp32-simulated
25.75,50.75,854.25,64.18,64.18,1.6312002714199854,3.883551165842404,0.0,0.0,0.0,0,0,OFF,0.0,esp32-simulated
26.0,50.48,854.3,63.86,63.86,1.66458500312399,3.949108450006468,0.0,0.0,0.0,0,0,OFF,0.0,esp32-simulated
26.14,50.29,854.27,63.95,63.95,1.6848505419503368,3.987250761186817,0.0,0.0,0.0,0,0,OFF,0.0,esp32-simulated
26.01,49.86,854.21,63.83,63.83,1.6864225048589068,3.966703421640271,0.0,0.0,0.0,0,0,OFF,0.0,esp32-simulated
26.07,49.57,854.14,63.68,63.68,1.7022013309077442,3.988256983676318,0.0,0.0,0.0,0,0,OFF,0.0,esp32-simulated
26.1,49.6,854.18,63.49,63.49,1.7042063531704337,3.9947484667009134,0.0,0.0,0.0,0,0,OFF,0.0,esp32-simulated
25.92,49.15,854.2,63.37,63.37,1.7012253805151951,3.962459989921511,0.0,0.0,0.0,0,0,OFF,0.0,esp32-simulated
25.63,49.15,854.26,63.39,63.39,1.6722607952457775,3.893297890282182,0.0,0.0,0.0,0,0,OFF,0.0,esp32-simulated
25.9,49.22,854.17,63.18,63.18,1.6968747452521125,3.955959232475112,0.0,0.0,0.0,0,0,OFF,0.0,esp32-simulated
25.76,49.39,854.2,63.14,63.14,1.677237614813876,3.918435808350623,0.0,0.0,0.0,0,0,OFF,0.0,esp32-simulated
25.73,49.45,854.11,63.21,63.21,1.672275161767417,3.9098780595085314,0.0,0.0,0.0,0,0,OFF,0.0,esp32-simulated
25.86,49.72,854.15,63.0,63.0,1.676194885612108,3.9342909987912154,0.0,0.0,0.0,0,0,OFF,0.0,esp32-simulated
25.67,49.43,854.24,62.67,62.67,1.667000195687867,3.896139746260125,0.0,0.0,0.0,0,0,OFF,0.0,esp32-simulated
25.89,49.37,854.3,62.53,62.53,1.6908616898960258,3.949925058117691,0.0,0.0,0.0,0,0,OFF,0.0,esp32-simulated
26.02,49.19,854.34,62.49,62.49,1.7099678805043743,3.985558674680693,0.0,0.0,0.0,0,0,OFF,0.0,esp32-simulated
26.16,49.03,854.4,62.38,62.38,1.729597796047286,4.023447472214192,0.0,0.0,0.0,1,0,OFF,0.0,esp32-simulated
26.2,48.57,854.4,65.91,65.91,1.749333133284489,4.044701264492162,0.0,0.0,0.0,0,0,OFF,0.0,esp32-simulated
26.44,48.73,854.38,65.55,65.55,1.7687474672147223,4.0997697360395104,0.0,0.0,0.0,0,0,OFF,0.0,esp32-simulated
26.7,48.31,854.46,65.26,65.26,1.8107360998108748,4.1756205520722185,0.0,0.0,0.0,0,0,OFF,0.0,esp32-simulated
26.67,48.49,854.39,65.27,65.27,1.8012499698366229,4.163346153914555,0.0,0.0,0.0,0,0,OFF,0.0,esp32-simulated
26.77,48.07,854.42,64.88,64.88,1.8266445810366507,4.199647951651911,0.0,0.0,0.0,0,0,OFF,0.0,esp32-simulated
26.62,48.19,854.41,64.91,64.91,1.8064196823791128,4.158634199061709,0.0,0.0,0.0,0,0,OFF,0.0,esp32-simulated
26.42,48.4,854.47,64.57,64.57,1.7780355205435612,4.103260313192892,0.0,0.0,0.0,0,0,OFF,0.0,esp32-simulated
26.57,48.41,854.39,64.32,64.32,1.793464298009146,4.140373885264571,0.0,0.0,0.0,0,0,OFF,0.0,esp32-simulated
26.5,48.89,854.36,64.26,64.26,1.7694702935815685,4.110523764395799,0.0,0.0,0.0,0,0,OFF,0.0,esp32-simulated
26.26,48.92,854.45,64.08,64.08,1.7435907833830984,4.050617730314871,0.0,0.0,0.0,0,0,OFF,0.0,esp32-simulated
26.54,48.52,854.48,63.74,63.74,1.786482637483898,4.1300298470664165,0.0,0.0,0.0,0,0,OFF,0.0,esp32-simulated
26.26,48.16,854.54,63.7,63.7,1.7695330111703178,4.069745847421195,0.0,0.0,0.0,0,0,OFF,0.0,esp32-simulated
26.29,48.62,854.6,63.42,63.42,1.7569376626700302,4.065543873875311,0.0,0.0,0.0,0,0,OFF,0.0,esp32-simulated
26.15,48.92,854.57,63.52,63.52,1.7323073678924792,4.023752010630566,0.0,0.0,0.0,0,0,OFF,0.0,esp32-simulated
26.05,48.58,854.48,63.29,63.29,1.7335677076693703,4.00783442838156,0.0,0.0,0.0,0,0,OFF,0.0,esp32-simulated
26.21,48.84,854.52,63.03,63.03,1.74117675986302,4.040391071480354,0.0,0.0,0.0,0,0,OFF,0.0,esp32-simulated
26.03,48.39,854.58,62.87,62.87,1.737918058310863,4.007645261428019,0.0,0.0,0.0,0,0,OFF,0.0,esp32-simulated
25.8,48.12,854.59,62.58,62.58,1.7234030317071172,3.958465558013589,0.0,0.0,0.0,0,0,OFF,0.0,esp32-simulated
25.64,48.0,854.55,62.52,62.52,1.7110938703103045,3.922848793706109,0.0,0.0,0.0,0,0,OFF,0.0,esp32-simulated
25.67,48.25,854.48,62.32,62.32,1.7058979657276472,3.924116697048038,0.0,0.0,0.0,1,0,OFF,0.0,esp32-simulated
25.61,48.02,854.49,65.53,65.53,1.707396494862372,3.915193063688108,0.0,0.0,0.0,0,0,OFF,0.0,esp32-simulated
25.66,48.33,854.44,65.19,65.19,1.702251699856268,3.919828303698578,0.0,0.0,0.0,0,0,OFF,0.0,esp32-simulated
25.64,48.14,854.41,65.05,65.05,1.7064870791210072,3.919539613221583,0.0,0.0,0.0,0,0,OFF,0.0,esp32-simulated
25.84,47.8,854.35,64.77,64.77,1.7381438028870908,3.9758462268618726,0.0,0.0,0.0,0,0,OFF,0.0,esp32-simulated
25.7,48.01,854.41,64.4,64.4,1.7168586611942924,3.937012234784483,0.0,0.0,0.0,0,0,OFF,0.0,esp32-simulated
25.73,48.3,854.46,64.39,64.39,1.710319008177556,3.937310603217698,0.0,0.0,0.0,0,0,OFF,0.0,esp32-simulated
26.02,48.18,854.38,64.23,64.23,1.7439585823211312,4.01037053061999,0.0,0.0,0.0,0,0,OFF,0.0,esp32-simulated
26.02,48.09,854.44,64.19,64.19,1.746987456740446,4.012581488079927,0.0,0.0,0.0,0,0,OFF,0.0,esp32-simulated
26.15,47.66,854.52,64.17,64.17,1.7750385206635158,4.0551146377765726,0.0,0.0,0.0,0,0,OFF,0.0,esp32-simulated
26.1,47.57,854.6,63.92,63.92,1.7728479979509093,4.045022711473345,0.0,0.0,0.0,0,0,OFF,0.0,esp32-simulated
26.21,47.65,854.52,63.81,63.81,1.7816771575220705,4.070191140254158,0.0,0.0,0.0,0,0,OFF,0.0,esp32-simulated
26.43,47.59,854.55,63.47,63.47,1.8070109811302772,4.126481247496611,0.0,0.0,0.0,0,0,OFF,0.0,esp32-simulated
26.33,47.91,854.48,63.41,63.41,1.7854229257564411,4.093391326594772,0.0,0.0,0.0,0,0,OFF,0.0,esp32-simulated
26.33,47.49,854.45,63.25,63.25,1.7998187335663411,4.104036886223862,0.0,0.0,0.0,0,0,OFF,0.0,esp32-simulated
26.28,47.06,854.49,63.32,63.32,1.8092143216894083,4.102426262151451,0.0,0.0,0.0,0,0,OFF,0.0,esp32-simulated
26.23,47.28,854.59,63.29,63.29,1.79638874743216,4.084427924745088,0.0,0.0,0.0,0,0,OFF,0.0,esp32-simulated
26.3,47.03,854.65,63.35,63.35,1.8123763195644984,4.108184418815791,0.0,0.0,0.0,0,0,OFF,0.0,esp32-simulated
26.1,46.68,854.66,63.44,63.44,1.80294211807634,4.067064129132193,0.0,0.0,0.0,0,0,OFF,0.0,esp32-simulated
26.02,46.98,854.66,63.36,63.36,1.7843435745786642,4.039849963419154,0.0,0.0,0.0,0,0,OFF,0.0,esp32-simulated
25.89,47.35,854.65,63.38,63.38,1.7583224960107795,3.9988998609523834,0.0,0.0,0.0,0,0,OFF,0.0,esp32-simulated
26.04,47.72,854.6,63.11,63.11,1.761520392257943,4.02657278558608,0.0,0.0,0.0,0,0,OFF,0.0,esp32-simulated
26.0,47.77,854.66,62.73,62.73,1.755680022479119,4.015548280664087,0.0,0.0,0.0,0,0,OFF,0.0,esp32-simulated
25.87,47.55,854.58,62.48,62.48,1.7495716220258568,3.9891775704233727,0.0,0.0,0.0,0,0,OFF,0.0,esp32-simulated
25.8,47.7,854.58,62.16,62.16,1.7373550223261798,3.9685558937720464,0.0,0.0,0.0,1,1,ON,100.0,esp32-simulated
25.54,48.14,854.63,65.65,65.65,1.696397850716663,3.8956669063172895,0.0,0.0,0.0,0,0,OFF,0.0,esp32-simulated
25.54,47.7,854.69,65.34,65.34,1.710790736453557,3.90596176361352,0.0,0.0,0.0,0,0,OFF,0.0,esp32-simulated
25.36,47.86,854.7,65.38,65.38,1.6874299886565485,3.859427069673342,0.0,0.0,0.0,0,0,OFF,0.0,esp32-simulated
25.57,47.96,854.66,65.28,65.28,1.7053176301668111,3.907040634645509,0.0,0.0,0.0,0,0,OFF,0.0,esp32-simulated
25.73,47.51,854.62,65.35,65.35,1.736453476581043,3.956155568026604,0.0,0.0,0.0,0,0,OFF,0.0,esp32-simulated
25.89,47.94,854.57,65.08,65.08,1.738618597195084,3.984595339332349,0.0,0.0,0.0,0,0,OFF,0.0,esp32-simulated
25.69,47.57,854.56,65.04,65.04,1.7303631611560402,3.945062591780651,0.0,0.0,0.0,0,0,OFF,0.0,esp32-simulated
25.57,47.31,854.64,64.85,64.85,1.7266177158625915,3.922295530139523,0.0,0.0,0.0,0,0,OFF,0.0,esp32-simulated
25.5,46.98,854.6,64.49,64.49,1.730231679565842,3.913181623289389,0.0,0.0,0.0,0,0,OFF,0.0,esp32-simulated
25.45,46.67,854.51,64.57,64.57,1.735191242349654,3.908362871906724,0.0,0.0,0.0,0,0,OFF,0.0,esp32-simulated
25.16,46.94,854.58,64.19,64.19,1.69690857598647,3.83303492932648,0.0,0.0,0.0,0,0,OFF,0.0,esp32-simulated
24.98,46.87,854.59,64.26,64.26,1.6810363256694576,3.792213716606776,0.0,0.0,0.0,0,0,OFF,0.0,esp32-simulated
25.02,46.93,854.58,64.26,64.26,1.683143427700153,3.8002711570888783,0.0,0.0,0.0,0,0,OFF,0.0,esp32-simulated
25.07,47.13,854.59,64.21,64.21,1.6818000042298002,3.807566713586655,0.0,0.0,0.0,0,0,OFF,0.0,esp32-simulated
24.88,47.1,854.6,64.3,64.3,1.6638136537754868,3.763795353038102,0.0,0.0,0.0,0,0,OFF,0.0,esp32-simulated
24.66,46.89,854.68,64.15,64.15,1.6486336599577989,3.717350263857651,0.0,0.0,0.0,0,0,OFF,0.0,esp32-simulated
24.42,47.3,854.63,64.23,64.23,1.6126053927945976,3.653759850905674,0.0,0.0,0.0,0,0,OFF,0.0,esp32-simulated
24.2,47.19,854.54,63.91,63.91,1.59482282462099,3.6063127446183727,0.0,0.0,0.0,0,0,OFF,0.0,esp32-simulated
24.2,47.09,854.61,63.7,63.7,1.5978427504392458,3.608350379414424,0.0,0.0,0.0,0,0,OFF,0.0,esp32-simulated
24.43,47.04,854.59,63.68,63.68,1.6215311494642448,3.661457633951794,0.0,0.0,0.0,0,0,OFF,0.0,esp32-simulated
24.5,47.13,854.58,63.29,63.29,1.6255669532010966,3.675536880775228,0.0,0.0,0.0,0,0,OFF,0.0,esp32-simulated
24.31,47.16,854.55,63.04,63.04,1.6062786819461952,3.631733612963232,0.0,0.0,0.0,0,0,OFF,0.0,esp32-simulated
24.08,47.07,854.51,62.89,62.89,1.5869872791372617,3.581823502973132,0.0,0.0,0.0,0,0,OFF,0.0,esp32-simulated
24.36,46.72,854.56,62.54,62.54,1.6245097820556638,3.652171825144775,0.0,0.0,0.0,0,0,OFF,0.0,esp32-simulated
24.09,46.79,854.55,62.48,62.48,1.596339697415709,3.5897021065493937,0.0,0.0,0.0,0,0,OFF,0.0,esp32-simulated
23.84,46.83,854.58,62.44,62.44,1.57137612275628,3.5331404576351684,0.0,0.0,0.0,0,0,OFF,0.0,esp32-simulated
24.12,47.15,854.49,62.54,62.54,1.588394726247512,3.589167350182119,0.0,0.0,0.0,0,0,OFF,0.0,esp32-simulated
23.88,47.64,854.59,62.35,62.35,1.5511612119739755,3.526054194852944,0.0,0.0,0.0,0,0,OFF,0.0,esp32-simulated
23.95,47.38,854.56,62.05,62.05,1.565431393205444,3.546670606196816,0.0,0.0,0.0,0,0,OFF,0.0,esp32-simulated
24.09,46.93,854.49,61.84,61.84,1.592139592968458,3.586882023158637,0.0,0.0,0.0,0,0,OFF,0.0,esp32-simulated
24.3,47.14,854.53,61.82,61.82,1.6059247086661084,3.629884411718556,0.0,0.0,0.0,0,0,OFF,0.0,esp32-simulated
24.47,47.31,854.54,61.75,61.75,1.6171288560439765,3.6649187804066,0.0,0.0,0.0,0,0,OFF,0.0,esp32-simulated
24.43,46.88,854.53,61.4,61.4,1.6264300351121723,3.664796916877716,0.0,0.0,0.0,0,0,OFF,0.0,esp32-simulated
24.67,46.85,854.57,61.45,61.45,1.6508608976136776,3.7205138668707214,0.0,0.0,0.0,0,1,ON,100.0,esp32-simulated
24.93,47.28,854.59,61.45,61.45,1.6631016539474714,3.771493077052661,0.0,0.0,0.0,0,1,ON,100.0,esp32-simulated
24.94,47.0,854.62,61.13,61.13,1.6729311994393998,3.7799837853969502,0.0,0.0,0.0,0,1,ON,100.0,esp32-simulated
24.65,47.19,854.71,60.86,60.86,1.6383423509271595,3.708637943609189,0.0,0.0,0.0,0,1,ON,100.0,esp32-simulated
24.9,47.27,854.76,60.8,60.8,1.6604453842634823,3.764728535805805,0.0,0.0,0.0,1,1,ON,100.0,esp32-simulated
24.78,47.49,854.83,64.16,64.16,1.6417264097992346,3.732134227296468,0.0,0.0,0.0,0,0,OFF,0.0,esp32-simulated
24.75,47.13,854.78,64.24,64.24,1.650025353780119,3.7329834529747066,0.0,0.0,0.0,0,0,OFF,0.0,esp32-simulated
25.03,47.41,854.71,64.2,64.2,1.668913579418671,3.7919606687138927,0.0,0.0,0.0,0,0,OFF,0.0,esp32-simulated
24.95,47.34,854.81,64.01,64.01,1.6631899927981344,3.7748331841331617,0.0,0.0,0.0,0,0,OFF,0.0,esp32-simulated
24.98,47.83,854.85,63.84,63.84,1.6506618691920871,3.771004793745491,0.0,0.0,0.0,0,0,OFF,0.0,esp32-simulated
24.75,48.0,854.88,63.8,63.8,1.6228734328837942,3.7142136019495617,0.0,0.0,0.0,0,0,OFF,0.0,esp32-simulated
24.71,48.33,854.88,63.57,63.57,1.6087289580912258,3.697961358841794,0.0,0.0,0.0,0,0,OFF,0.0,esp32-simulated
24.75,48.76,854.8,63.52,63.52,1.5991545134801075,3.6978169504793192,0.0,0.0,0.0,0,0,OFF,0.0,esp32-simulated
24.85,48.67,854.84,63.2,63.2,1.6115486102475374,3.722593200901252,0.0,0.0,0.0,0,0,OFF,0.0,esp32-simulated
24.95,49.0,854.93,63.21,63.21,1.6107612919237535,3.738272560891615,0.0,0.0,0.0,0,0,OFF,0.0,esp32-simulated
25.14,49.4,854.94,63.07,63.07,1.6163110021389635,3.773059162386065,0.0,0.0,0.0,0,0,OFF,0.0,esp32-simulated
24.87,49.77,854.9,63.17,63.17,1.5788950181324315,3.703145702021657,0.0,0.0,0.0,0,0,OFF,0.0,esp32-simulated
24.86,49.59,854.86,63.2,63.2,1.5836084786361848,3.704807487196676,0.0,0.0,0.0,0,0,OFF,0.0,esp32-simulated
24.84,49.57,854.81,63.24,63.24,1.582348424450972,3.700706226821392,0.0,0.0,0.0,0,0,OFF,0.0,esp32-simulated
24.9,49.62,854.87,63.1,63.1,1.5864448788013326,3.7132370605591087,0.0,0.0,0.0,0,0,OFF,0.0,esp32-simulated
24.99,49.44,854.77,62.77,62.77,1.6006746465715882,3.737722531071198,0.0,0.0,0.0,0,0,OFF,0.0,esp32-simulated
25.0,49.41,854.79,62.66,62.66,1.602578747286714,3.740674668097075,0.0,0.0,0.0,0,0,OFF,0.0,esp32-simulated
25.12,49.12,854.77,62.56,62.56,1.6233219071399745,3.774726499321086,0.0,0.0,0.0,0,0,OFF,0.0,esp32-simulated
25.22,49.33,854.76,62.26,62.26,1.6262675281519203,3.793122936393854,0.0,0.0,0.0,0,0,OFF,0.0,esp32-simulated
25.35,49.63,854.81,62.32,62.32,1.6291786005992783,3.8164435749839294,0.0,0.0,0.0,0,0,OFF,0.0,esp32-simulated
25.15,49.98,854.78,62.22,62.22,1.5987350739101192,3.762325363308663,0.0,0.0,0.0,0,0,OFF,0.0,esp32-simulated
25.17,50.07,854.81,62.18,62.18,1.5977584707945178,3.76488613252335,0.0,0.0,0.0,0,0,OFF,0.0,esp32-simulated
24.89,50.12,854.81,61.88,61.88,1.5697640273774234,3.700019998482466,0.0,0.0,0.0,0,0,OFF,0.0,esp32-simulated
24.91,50.47,854.79,61.97,61.97,1.5606087166555158,3.69686710700278,0.0,0.0,0.0,0,0,OFF,0.0,esp32-simulated
25.19,50.79,854.82,61.69,61.69,1.576593007866797,3.753221050174969,0.0,0.0,0.0,0,0,OFF,0.0,esp32-simulated
25.31,50.62,854.78,61.38,61.38,1.5933664735157025,3.78453178015911,0.0,0.0,0.0,0,0,OFF,0.0,esp32-simulated
25.46,50.86,854.81,61.08,61.08,1.5998111131943091,3.813530843196272,0.0,0.0,0.0,0,1,ON,100.0,esp32-simulated
25.41,50.9,854.76,60.8,60.8,1.5937708679116762,3.80108452173134,0.0,0.0,0.0,0,1,ON,100.0,esp32-simulated
25.64,51.02,854.67,60.67,60.67,1.6117188032268983,3.851465043254213,0.0,0.0,0.0,1,1,ON,100.0,esp32-simulated
25.87,50.64,854.65,64.26,64.26,1.6464986704136568,3.914412418708292,0.0,0.0,0.0,0,0,OFF,0.0,esp32-simulated
25.96,50.58,854.57,64.17,64.17,1.6572995634503802,3.937161116703756,0.0,0.0,0.0,0,0,OFF,0.0,esp32-simulated
26.13,50.36,854.62,63.91,63.91,1.681484727314883,3.983112480023535,0.0,0.0,0.0,0,0,OFF,0.0,esp32-simulated
26.21,50.2,854.53,63.92,63.92,1.6948905911098202,4.006333850024578,0.0,0.0,0.0,0,0,OFF,0.0,esp32-simulated
26.33,50.62,854.5,63.66,63.66,1.6925356896497037,4.024702120416597,0.0,0.0,0.0,0,0,OFF,0.0,esp32-simulated
26.47,50.86,854.45,63.64,63.64,1.69826396177212,4.052450633150116,0.0,0.0,0.0,0,0,OFF,0.0,esp32-simulated
26.64,50.77,854.41,63.73,63.73,1.7184856386489662,4.096201726912904,0.0,0.0,0.0,0,0,OFF,0.0,esp32-simulated
26.54,51.17,854.47,63.69,63.69,1.6945211186545988,4.061429646828243,0.0,0.0,0.0,0,0,OFF,0.0,esp32-simulated
26.62,50.7,854.49,63.52,63.52,1.7189054302507292,4.093135229831477,0.0,0.0,0.0,0,0,OFF,0.0,esp32-simulated
26.48,50.39,854.49,63.55,63.55,1.715517183263232,4.066969978350199,0.0,0.0,0.0,0,0,OFF,0.0,esp32-simulated
26.65,50.23,854.53,63.33,63.33,1.738357863799437,4.112783924248143,0.0,0.0,0.0,0,0,OFF,0.0,esp32-simulated
26.48,49.75,854.49,63.07,63.07,1.7376484269094414,4.083438155189587,0.0,0.0,0.0,0,0,OFF,0.0,esp32-simulated
26.23,49.94,854.43,63.15,63.15,1.7057515306611142,4.0176815793194764,0.0,0.0,0.0,0,0,OFF,0.0,esp32-simulated
26.03,49.97,854.52,63.14,63.14,1.684713048969046,3.968791400764036,0.0,0.0,0.0,0,0,OFF,0.0,esp32-simulated
25.98,50.15,854.47,62.84,62.84,1.6736976636695675,3.95242741412106,0.0,0.0,0.0,0,0,OFF,0.0,esp32-simulated
26.24,49.93,854.49,62.7,62.7,1.707099306067302,4.020352956542764,0.0,0.0,0.0,0,0,OFF,0.0,esp32-simulated
26.22,50.03,854.59,62.42,62.42,1.7016803518388055,4.013006523662583,0.0,0.0,0.0,0,0,OFF,0.0,esp32-simulated
26.25,50.11,854.66,62.4,62.4,1.7019662701124645,4.018248829109149,0.0,0.0,0.0,0,0,OFF,0.0,esp32-simulated
26.28,50.21,854.6,62.06,62.06,1.701563677312347,4.022985390640714,0.0,0.0,0.0,1,0,OFF,0.0,esp32-simulated
26.03,49.74,854.58,65.17,65.17,1.6924580819745003,3.974447342506261,0.0,0.0,0.0,0,0,OFF,0.0,esp32-simulated
25.98,50.19,854.64,64.87,64.87,1.672354676577355,3.9514487351221135,0.0,0.0,0.0,0,0,OFF,0.0,esp32-simulated
25.89,50.15,854.71,64.55,64.55,1.6648124677329037,3.931013995636968,0.0,0.0,0.0,0,0,OFF,0.0,esp32-simulated
25.69,49.85,854.7,64.29,64.29,1.655115630974164,3.890895339043008,0.0,0.0,0.0,0,0,OFF,0.0,esp32-simulated
25.93,49.84,854.61,64.27,64.27,1.6791337769789894,3.948065768260341,0.0,0.0,0.0,0,0,OFF,0.0,esp32-simulated
25.65,49.41,854.62,63.99,63.99,1.665683917761788,3.891883885210603,0.0,0.0,0.0,0,0,OFF,0.0,esp32-simulated
25.43,49.52,854.7,63.84,63.84,1.6405121954306197,3.8376162854122815,0.0,0.0,0.0,0,0,OFF,0.0,esp32-simulated
25.44,49.28,854.6,63.79,63.79,1.6492906422975244,3.845510882601368,0.0,0.0,0.0,0,0,OFF,0.0,esp32-simulated
25.56,49.13,854.52,63.78,63.78,1.665989092392967,3.8772212042913794,0.0,0.0,0.0,0,0,OFF,0.0,esp32-simulated
25.78,48.75,854.52,63.87,63.87,1.7004602314403894,3.938537252139358,0.0,0.0,0.0,0,0,OFF,0.0,esp32-simulated
25.89,48.92,854.53,63.92,63.92,1.705890087297827,3.960835286471953,0.0,0.0,0.0,0,0,OFF,0.0,esp32-simulated
26.09,49.07,854.53,63.82,63.82,1.7211105915564806,4.005449069092351,0.0,0.0,0.0,0,0,OFF,0.0,esp32-simulated
26.2,49.52,854.5,63.81,63.81,1.7170199604938945,4.0209352682016615,0.0,0.0,0.0,0,0,OFF,0.0,esp32-simulated
26.05,49.61,854.51,63.64,63.64,1.6988424113080431,3.982454375519618,0.0,0.0,0.0,0,0,OFF,0.0,esp32-simulated
25.89,49.83,854.51,63.47,63.47,1.675499328107518,3.938772380244444,0.0,0.0,0.0,0,0,OFF,0.0,esp32-simulated
25.89,49.73,854.42,63.44,63.44,1.6788389719745849,3.9411968754342808,0.0,0.0,0.0,0,0,OFF,0.0,esp32-simulated
25.75,50.11,854.4,63.2,63.2,1.6523975947440217,3.898849033521668,0.0,0.0,0.0,0,0,OFF,0.0,esp32-simulated
25.55,50.04,854.3,63.16,63.16,1.6352164525155923,3.853548398825737,0.0,0.0,0.0,0,0,OFF,0.0,esp32-simulated
25.73,49.65,854.26,63.2,63.2,1.6656588406526105,3.90510718234172,0.0,0.0,0.0,0,0,OFF,0.0,esp32-simulated
25.87,49.34,854.35,63.11,63.11,1.689862695363773,3.94586701328098,0.0,0.0,0.0,0,0,OFF,0.0,esp32-simulated
26.16,49.42,854.37,63.0,63.0,1.7163636751828864,4.013730191471936,0.0,0.0,0.0,0,0,OFF,0.0,esp32-simulated
26.25,49.31,854.28,63.06,63.06,1.7292577717378392,4.038363415116764,0.0,0.0,0.0,0,0,OFF,0.0,esp32-simulated
26.03,49.77,854.19,63.15,63.15,1.6914478602781369,3.973709610974667,0.0,0.0,0.0,0,0,OFF,0.0,esp32-simulated
26.1,49.49,854.28,63.03,63.03,1.7079258511634643,3.9974726868609967,0.0,0.0,0.0,0,0,OFF,0.0,esp32-simulated
25.95,49.18,854.18,63.13,63.13,1.703241068169326,3.968940013740152,0.0,0.0,0.0,0,0,OFF,0.0,esp32-simulated
26.16,48.91,854.14,63.0,63.0,1.7336698332363318,4.026437404750272,0.0,0.0,0.0,0,0,OFF,0.0,esp32-simulated
26.4,48.81,854.13,62.72,62.72,1.7618299998350793,4.087833015650155,0.0,0.0,0.0,0,0,OFF,0.0,esp32-simulated
26.14,48.55,854.11,62.8,62.8,1.7438253949576508,4.030517365434577,0.0,0.0,0.0,0,0,OFF,0.0,esp32-simulated
26.19,48.11,854.17,62.58,62.58,1.7639380175752228,4.053747473130064,0.0,0.0,0.0,0,0,OFF,0.0,esp32-simulated
25.98,48.06,854.18,62.36,62.36,1.7438687392376595,4.003563391816034,0.0,0.0,0.0,1,0,OFF,0.0,esp32-simulated
26.19,48.25,854.14,65.54,65.54,1.759178886288645,4.050248645909706,0.0,0.0,0.0,0,0,OFF,0.0,esp32-simulated
26.12,47.92,854.16,65.47,65.47,1.7630947234512728,4.041266325468301,0.0,0.0,0.0,0,0,OFF,0.0,esp32-simulated
26.38,47.64,854.26,65.44,65.44,1.7999754070987222,4.112702221522382,0.0,0.0,0.0,0,0,OFF,0.0,esp32-simulated
26.3,47.47,854.22,65.49,65.49,1.7973216550259223,4.097065548977671,0.0,0.0,0.0,0,0,OFF,0.0,esp32-simulated
26.45,47.02,854.19,65.2,65.2,1.8288173346074597,4.146115104409942,0.0,0.0,0.0,0,0,OFF,0.0,esp32-simulated
26.73,47.24,854.21,64.98,64.98,1.8514817337542704,4.211416540472158,0.0,0.0,0.0,0,0,OFF,0.0,esp32-simulated
26.67,47.01,854.29,64.92,64.92,1.8530039973139711,4.202160823118461,0.0,0.0,0.0,0,0,OFF,0.0,esp32-simulated
26.51,47.1,854.27,64.94,64.94,1.8325203778371977,4.159202168458736,0.0,0.0,0.0,0,0,OFF,0.0,esp32-simulated
26.7,47.4,854.31,64.86,64.86,1.842614023022868,4.199558050441527,0.0,0.0,0.0,0,0,OFF,0.0,esp32-simulated
26.56,46.91,854.27,64.8,64.8,1.8445239718166944,4.17678203092709,0.0,0.0,0.0,0,0,OFF,0.0,esp32-simulated
26.78,46.7,854.23,64.8,64.8,1.8759366240753483,4.238510720266148,0.0,0.0,0.0,0,0,OFF,0.0,esp32-simulated
26.52,46.81,854.26,64.8,64.8,1.8436516115253625,4.1692220432759255,0.0,0.0,0.0,0,0,OFF,0.0,esp32-simulated
26.32,46.89,854.21,64.45,64.45,1.8193110443715448,4.116736025412373,0.0,0.0,0.0,0,0,OFF,0.0,esp32-simulated
26.22,46.74,854.27,64.21,64.21,1.8137181416636936,4.095478046651338,0.0,0.0,0.0,0,0,OFF,0.0,esp32-simulated
26.41,46.78,854.34,64.27,64.27,1.8327772319231852,4.142171861220745,0.0,0.0,0.0,0,0,OFF,0.0,esp32-simulated
26.71,46.67,854.38,63.94,63.94,1.869285210357416,4.221324260782387,0.0,0.0,0.0,0,0,OFF,0.0,esp32-simulated
26.68,47.02,854.4,64.01,64.01,1.853744207766837,4.20444905053317,0.0,0.0,0.0,0,0,OFF,0.0,esp32-simulated
26.77,47.46,854.38,63.93,63.93,1.8481014112779823,4.215806616932172,0.0,0.0,0.0,0,0,OFF,0.0,esp32-simulated
26.67,47.77,854.35,63.62,63.62,1.826427604825603,4.182228965959697,0.0,0.0,0.0,0,0,OFF,0.0,esp32-simulated
26.4,48.1,854.43,63.33,63.33,1.7862663995202304,4.105956201855022,0.0,0.0,0.0,0,0,OFF,0.0,esp32-simulated
26.2,47.61,854.37,63.35,63.35,1.781986444736037,4.068717429164669,0.0,0.0,0.0,0,0,OFF,0.0,esp32-simulated
26.05,47.61,854.31,63.03,63.03,1.7662701712329507,4.031736031562223,0.0,0.0,0.0,0,0,OFF,0.0,esp32-simulated
26.12,47.58,854.33,63.11,63.11,1.7746049424599797,4.049703666528448,0.0,0.0,0.0,0,0,OFF,0.0,esp32-simulated
25.83,47.9,854.29,62.88,62.88,1.7337875295236884,3.9710114160166343,0.0,0.0,0.0,0,0,OFF,0.0,esp32-simulated
25.66,48.06,854.29,62.75,62.75,1.7111467638965467,3.926223298960666,0.0,0.0,0.0,0,0,OFF,0.0,esp32-simulated
25.73,48.1,854.34,62.66,62.66,1.7169353292923626,3.9420814803845095,0.0,0.0,0.0,0,0,OFF,0.0,esp32-simulated
25.78,47.84,854.32,62.7,62.7,1.730653769208404,3.9603552946942298,0.0,0.0,0.0,0,0,OFF,0.0,esp32-simulated
26.04,47.64,854.28,62.36,62.36,1.7642159093080705,4.028542059910525,0.0,0.0,0.0,1,1,ON,100.0,esp32-simulated
26.31,47.35,854.2,65.78,65.78,1.80249021413608,4.102592516842396,0.0,0.0,0.0,0,0,OFF,0.0,esp32-simulated
26.54,47.41,854.18,65.64,65.64,1.8250023680123972,4.158764270562406,0.0,0.0,0.0,0,0,OFF,0.0,esp32-simulated
26.35,47.3,854.23,65.55,65.55,1.808462453913204,4.113853236998809,0.0,0.0,0.0,0,0,OFF,0.0,esp32-simulated
26.38,47.38,854.3,65.35,65.35,1.8089134056824816,4.119325552967126,0.0,0.0,0.0,0,0,OFF,0.0,esp32-simulated
26.47,47.45,854.34,64.98,64.98,1.8161125598519516,4.140107110379447,0.0,0.0,0.0,0,0,OFF,0.0,esp32-simulated
26.55,47.09,854.44,64.61,64.61,1.837188385478448,4.169579911567904,0.0,0.0,0.0,0,0,OFF,0.0,esp32-simulated
26.77,46.79,854.49,64.43,64.43,1.871668749411904,4.233554659125245,0.0,0.0,0.0,0,0,OFF,0.0,esp32-simulated
27.03,46.31,854.5,64.42,64.42,1.917602804354927,4.313842334440652,0.0037500000000001,0.0,0.0,0,0,OFF,0.0,esp32-simulated
26.93,46.56,854.48,64.41,64.41,1.8975071870369773,4.281017144221314,0.0,0.0,0.0,0,0,OFF,0.0,esp32-simulated
26.7,46.31,854.56,64.3,64.3,1.880797469507562,4.228230438598171,0.0,0.0,0.0,0,0,OFF,0.0,esp32-simulated
26.57,46.03,854.54,64.35,64.35,1.87620213536642,4.202170184961199,0.0,0.0,0.0,0,0,OFF,0.0,esp32-simulated
26.27,45.96,854.63,64.06,64.06,1.8457174921008896,4.127641470744392,0.0,0.0,0.0,0,0,OFF,0.0,esp32-simulated
26.01,46.3,854.57,64.01,64.01,1.8061605207603368,4.054070655690257,0.0,0.0,0.0,0,0,OFF,0.0,esp32-simulated
25.86,46.77,854.59,64.0,64.0,1.7745396531649265,4.0055963871743705,0.0,0.0,0.0,0,0,OFF,0.0,esp32-simulated
25.62,46.63,854.59,64.01,64.01,1.7540937181803231,3.950374796152873,0.0,0.0,0.0,0,0,OFF,0.0,esp32-simulated
25.54,46.43,854.55,63.95,63.95,1.752333838466866,3.9356764653549137,0.0,0.0,0.0,0,0,OFF,0.0,esp32-simulated
25.33,46.83,854.56,63.63,63.63,1.717700204159177,3.875920378956458,0.0,0.0,0.0,0,0,OFF,0.0,esp32-simulated
25.14,47.07,854.59,63.25,63.25,1.6907379712097892,3.8253888461239938,0.0,0.0,0.0,0,0,OFF,0.0,esp32-simulated
25.26,46.97,854.58,63.02,63.02,1.7060650176107228,3.8560560276793945,0.0,0.0,0.0,0,0,OFF,0.0,esp32-simulated
25.41,47.44,854.5,62.92,62.92,1.7060814015771428,3.880972271729502,0.0,0.0,0.0,0,0,OFF,0.0,esp32-simulated
25.24,47.12,854.51,62.94,62.94,1.699217625917972,3.847903664358842,0.0,0.0,0.0,0,0,OFF,0.0,esp32-simulated
25.17,46.94,854.49,62.63,62.63,1.6979183749320472,3.835399906879772,0.0,0.0,0.0,0,0,OFF,0.0,esp32-simulated
25.07,46.95,854.39,62.72,62.72,1.6875258222884604,3.8115803801854304,0.0,0.0,0.0,0,0,OFF,0.0,esp32-simulated
24.88,46.62,854.3,62.7,62.7,1.6789106396698583,3.774291090237052,0.0,0.0,0.0,0,0,OFF,0.0,esp32-simulated
24.76,46.45,854.29,62.33,62.33,1.6722451887226355,3.749982071877043,0.0,0.0,0.0,0,0,OFF,0.0,esp32-simulated
24.82,46.93,854.22,62.32,62.32,1.6631989008787391,3.753543202136009,0.0,0.0,0.0,0,0,OFF,0.0,esp32-simulated
25.11,46.95,854.15,61.95,61.95,1.6915485724706816,3.821003899702293,0.0,0.0,0.0,1,0,OFF,0.0,esp32-simulated
25.26,46.64,854.21,65.39,65.39,1.7166816771583666,3.863559316938297,0.0,0.0,0.0,0,0,OFF,0.0,esp32-simulated
24.99,46.79,854.18,65.07,65.07,1.6845707662989358,3.796328302807904,0.0,0.0,0.0,0,0,OFF,0.0,esp32-simulated
25.02,46.53,854.17,65.14,65.14,1.69582964158898,3.8091446671251807,0.0,0.0,0.0,0,0,OFF,0.0,esp32-simulated
25.2,46.17,854.19,65.06,65.06,1.7256349003615152,3.859902270085208,0.0,0.0,0.0,0,0,OFF,0.0,esp32-simulated
25.36,46.23,854.21,65.16,65.16,1.7401824029547872,3.8968701440959967,0.0,0.0,0.0,0,0,OFF,0.0,esp32-simulated
25.25,46.26,854.28,65.04,65.04,1.7278793973890998,3.869807958097542,0.0,0.0,0.0,0,0,OFF,0.0,esp32-simulated
25.15,46.53,854.22,65.06,65.06,1.7090036865648557,3.839888823161329,0.0,0.0,0.0,0,0,OFF,0.0,esp32-simulated
25.13,46.32,854.3,64.86,64.86,1.713675140444712,3.839857448185208,0.0,0.0,0.0,0,0,OFF,0.0,esp32-simulated
25.33,46.53,854.27,64.78,64.78,1.7273919487754592,3.882790622214733,0.0,0.0,0.0,0,0,OFF,0.0,esp32-simulated
25.25,46.09,854.27,64.76,64.76,1.7333453351925256,3.873669330003657,0.0,0.0,0.0,0,0,OFF,0.0,esp32-simulated
25.03,46.27,854.21,64.55,64.55,1.7050908275749224,3.817276204771127,0.0,0.0,0.0,0,0,OFF,0.0,esp32-simulated
24.76,45.79,854.18,64.36,64.36,1.6928554935696374,3.76423599640132,0.0,0.0,0.0,0,0,OFF,0.0,esp32-simulated
24.52,45.97,854.25,64.0,64.0,1.6632205225827823,3.704543608485679,0.0,0.0,0.0,0,0,OFF,0.0,esp32-simulated
24.64,45.81,854.2,63.69,63.69,1.6801507525877544,3.735775018269171,0.0,0.0,0.0,0,0,OFF,0.0,esp32-simulated
24.52,45.36,854.22,63.34,63.34,1.681998322301004,3.7173942170351295,0.0,0.0,0.0,0,0,OFF,0.0,esp32-simulated
24.79,44.89,854.2,63.39,63.39,1.7240437831864803,3.790768560670855,0.0,0.0,0.0,0,0,OFF,0.0,esp32-simulated
24.81,44.96,854.15,63.3,63.3,1.7239095387823395,3.7939851987816335,0.0,0.0,0.0,0,0,OFF,0.0,esp32-simulated
24.84,44.92,854.19,63.27,63.27,1.728252056687677,3.801964891363708,0.0,0.0,0.0,0,0,OFF,0.0,esp32-simulated
24.62,44.81,854.13,63.02,63.02,1.7091125111615564,3.75240610179912,0.0,0.0,0.0,0,0,OFF,0.0,esp32-simulated
24.4,44.75,854.2,62.91,62.91,1.6886127407917606,3.7022743637609854,0.0,0.0,0.0,0,0,OFF,0.0,esp32-simulated
24.43,44.32,854.19,62.9,62.9,1.7048122054790242,3.718225443692467,0.0,0.0,0.0,0,0,OFF,0.0,esp32-simulated
24.34,44.42,854.1,62.51,62.51,1.692609232737068,3.695175520592825,0.0,0.0,0.0,0,0,OFF,0.0,esp32-simulated
24.06,44.61,854.1,62.36,62.36,1.6587534934609154,3.626747531486626,0.0,0.0,0.0,0,0,OFF,0.0,esp32-simulated
24.16,44.12,854.06,62.12,62.12,1.683493394499016,3.6596216470248506,0.0,0.0,0.0,0,0,OFF,0.0,esp32-simulated
24.02,44.61,854.09,62.19,62.19,1.6547770110566913,3.617607210006143,0.0,0.0,0.0,0,0,OFF,0.0,esp32-simulated
23.89,44.64,854.06,61.9,61.9,1.6410215421865353,3.5874357949027407,0.0,0.0,0.0,0,0,OFF,0.0,esp32-simulated
23.73,44.53,853.98,61.73,61.73,1.628544127585595,3.5534371318082054,0.0,0.0,0.0,0,0,OFF,0.0,esp32-simulated
23.55,44.17,854.02,61.62,61.62,1.6214513693423067,3.5199437042890773,0.0,0.0,0.0,0,0,OFF,0.0,esp32-simulated
23.45,44.44,854.05,61.42,61.42,1.603916684650937,3.4925295144901365,0.0,0.0,0.0,0,0,OFF,0.0,esp32-simulated
23.19,44.37,854.02,61.44,61.44,1.5809412183865823,3.436412470130627,0.0,0.0,0.0,0,0,OFF,0.0,esp32-simulated
23.07,44.57,854.11,61.3,61.3,1.5638767898406447,3.4065362542432736,0.0,0.0,0.0,0,0,OFF,0.0,esp32-simulated
23.04,44.4,854.2,61.23,61.23,1.5658304768234002,3.403072436538792,0.0,0.0,0.0,0,0,OFF,0.0,esp32-simulated
23.15,44.15,854.22,61.12,61.12,1.583363004833594,3.43165522130042,0.0,0.0,0.0,0,0,OFF,0.0,esp32-simulated
22.97,44.4,854.19,61.16,61.16,1.5592151877495242,3.387853617381134,0.0,0.0,0.0,0,0,OFF,0.0,esp32-simulated
22.87,44.57,854.11,60.91,60.91,1.5450684832913266,3.363194127321338,0.0,0.0,0.0,0,0,OFF,0.0,esp32-simulated
22.75,44.81,854.08,60.68,60.68,1.5272371836626202,3.3331992296678603,0.0,0.0,0.0,0,0,OFF,0.0,esp32-simulated
22.71,45.11,854.11,60.31,60.31,1.5152574402568262,3.319430045857462,0.0,0.0,0.0,0,1,ON,100.0,esp32-simulated
22.81,44.89,854.13,60.17,60.17,1.5305772375950653,3.344645791177505,0.0,0.0,0.0,0,1,ON,100.0,esp32-simulated
22.62,45.16,854.08,60.04,60.04,1.505637520209396,3.299446675189536,0.0,0.0,0.0,0,1,ON,100.0,esp32-simulated
22.58,45.54,854.06,60.08,60.08,1.4915803908242529,3.2844574072590227,0.0,0.0,0.0,0,0,OFF,0.0,esp32-simulated
22.59,45.04,854.11,59.94,59.94,1.506188305567261,3.2951560326236677,0.0,0.001,0.0008765470763918,1,1,ON,100.0,esp32-simulated
22.75,44.66,854.06,63.25,63.25,1.5313880366713066,3.3358209841142688,0.0,0.0,0.0,0,0,OFF,0.0,esp32-simulated
22.75,44.45,854.01,63.26,63.26,1.537199230883467,3.3394914403392395,0.0,0.0,0.0,0,0,OFF,0.0,esp32-simulated
22.62,44.11,854.04,63.23,63.23,1.5344653720733614,3.3175445671426376,0.0,0.0,0.0,0,0,OFF,0.0,esp32-simulated
22.62,44.48,854.09,63.18,63.18,1.5243069861784404,3.311167214740116,0.0,0.0,0.0,0,0,OFF,0.0,esp32-simulated
22.82,44.22,854.04,63.05,63.05,1.5501238646444218,3.358588976826128,0.0,0.0,0.0,0,0,OFF,0.0,esp32-simulated
22.96,44.69,854.11,62.98,62.98,1.5501444625585428,3.380499874455891,0.0,0.0,0.0,0,0,OFF,0.0,esp32-simulated
22.83,45.04,854.01,63.02,63.02,1.5282614191460189,3.3462915282019825,0.0,0.0,0.0,0,0,OFF,0.0,esp32-simulated
22.82,44.61,854.01,62.88,62.88,1.539285780972652,3.3517210867013816,0.0,0.0,0.0,0,0,OFF,0.0,esp32-simulated
22.93,44.51,854.1,62.6,62.6,1.5523686664418568,3.377220817989557,0.0,0.0,0.0,0,0,OFF,0.0,esp32-simulated
23.03,44.04,854.13,62.24,62.24,1.5750162801123109,3.407378577964701,0.0,0.0,0.0,0,0,OFF,0.0,esp32-simulated
23.23,43.8,854.18,62.17,62.17,1.601002472300299,3.455686794548903,0.0,0.0,0.0,0,0,OFF,0.0,esp32-simulated
23.25,43.8,854.12,62.17,62.17,1.6029367796372362,3.4601095902354557,0.0,0.0,0.0,0,0,OFF,0.0,esp32-simulated
23.15,43.89,854.04,61.83,61.83,1.5907340770136609,3.436398003351892,0.0,0.0,0.0,0,0,OFF,0.0,esp32-simulated
23.05,43.76,854.05,61.88,61.88,1.5848123644233183,3.416801701550328,0.0,0.0,0.0,0,0,OFF,0.0,esp32-simulated
22.81,44.13,854.09,61.63,61.63,1.5516848169921302,3.3580150448435098,0.0,0.0,0.0,0,0,OFF,0.0,esp32-simulated
22.96,44.55,854.15,61.48,61.48,1.554068169388378,3.383002464817221,0.0,0.0,0.0,0,0,OFF,0.0,esp32-simulated
22.84,44.55,854.2,61.29,61.29,1.5428208120778582,3.357082701627262,0.0,0.0,0.0,0,0,OFF,0.0,esp32-simulated
23.1,44.71,854.17,61.17,61.17,1.5627581387084302,3.4105344688810386,0.0,0.0,0.0,0,0,OFF,0.0,esp32-simulated
22.96,44.22,854.21,61.22,61.22,1.5633169069158472,3.3889014278117875,0.0,0.0,0.0,0,0,OFF,0.0,esp32-simulated
22.76,44.57,854.28,61.02,61.02,1.5348083328164488,3.3395382047351614,0.0,0.0,0.0,0,0,OFF,0.0,esp32-simulated
22.58,45.03,854.24,60.94,60.94,1.505548550929291,3.2932100779235967,0.0,0.0,0.0,0,0,OFF,0.0,esp32-simulated
22.64,44.95,854.26,60.55,60.55,1.5132377312615906,3.307314118817175,0.0,0.0,0.0,0,0,OFF,0.0,esp32-simulated
22.5,44.77,854.32,60.53,60.53,1.5053420351281952,3.280729257825458,0.0,0.0,0.0,0,0,OFF,0.0,esp32-simulated
22.74,44.46,854.37,60.24,60.24,1.5359913706585226,3.3371714867101923,0.0,0.0,0.0,0,1,ON,100.0,esp32-simulated
22.96,44.37,854.31,60.25,60.25,1.5591129353124522,3.386220080996076,0.0,0.0,0.0,0,1,ON,100.0,esp32-simulated
23.21,44.2,854.25,60.09,60.09,1.5876889200975286,3.4439251104611346,0.0,0.0,0.0,1,1,ON,100.0,esp32-simulated
23.02,44.66,854.32,63.56,63.56,1.5566245201714792,3.3940412740465744,0.0,0.0,0.0,0,0,OFF,0.0,esp32-simulated
22.75,44.78,854.33,63.17,63.17,1.5280673542643577,3.333723580557142,0.0,0.0,0.0,0,0,OFF,0.0,esp32-simulated
22.89,44.33,854.38,63.05,63.05,1.5536383043062305,3.371767223592871,0.0,0.0,0.0,0,0,OFF,0.0,esp32-simulated
23.19,44.66,854.32,62.71,62.71,1.5726997487958565,3.431099883157037,0.0,0.0,0.0,0,0,OFF,0.0,esp32-simulated
23.45,44.48,854.3,62.59,62.59,1.6027619570161988,3.491776249061654,0.0,0.0,0.0,0,0,OFF,0.0,esp32-simulated
23.2,44.53,854.23,62.25,62.25,1.577346530253961,3.435673590235958,0.0,0.0,0.0,0,0,OFF,0.0,esp32-simulated
23.45,44.98,854.27,62.12,62.12,1.5883278615819751,3.4823604312056315,0.0,0.0,0.0,0,0,OFF,0.0,esp32-simulated
23.57,45.35,854.2,62.0,62.0,1.589093941529457,3.5019180150990192,0.0,0.0,0.0,0,0,OFF,0.0,esp32-simulated
23.43,45.54,854.18,61.87,61.87,1.5702674120836686,3.4674167336645403,0.0,0.0,0.0,0,0,OFF,0.0,esp32-simulated
23.16,45.29,854.11,61.59,61.59,1.5519809911177165,3.4130330340693456,0.0,0.0,0.0,0,0,OFF,0.0,esp32-simulated
23.19,44.97,854.04,61.4,61.4,1.563889901991976,3.425420910874924,0.0,0.0,0.0,0,0,OFF,0.0,esp32-simulated
23.48,44.81,853.95,61.13,61.13,1.5961187243989112,3.4922106622463653,0.0,0.0,0.0,0,0,OFF,0.0,esp32-simulated
23.32,44.77,853.96,61.23,61.23,1.581939454476769,3.457607472928306,0.0,0.0,0.0,0,0,OFF,0.0,esp32-simulated
23.17,44.85,854.01,61.1,61.1,1.565407990729211,3.423250542885209,0.0,0.0,0.0,0,0,OFF,0.0,esp32-simulated
23.09,44.39,854.05,60.82,60.82,1.570853147995065,3.414156697339348,0.0,0.0,0.0,0,1,ON,100.0,esp32-simulated
23.23,43.9,854.01,60.78,60.78,1.5981537134527892,3.4538470610819214,0.0,0.0,0.0,0,1,ON,100.0,esp32-simulated
23.23,43.62,853.92,60.78,60.78,1.606130238225816,3.4589983147894707,0.0,0.0,0.0,0,1,ON,100.0,esp32-simulated
23.43,44.04,853.98,60.77,60.77,1.6135175244253048,3.4956044452306263,0.0,0.0,0.0,1,1,ON,100.0,esp32-simulated
23.59,43.7,853.93,64.11,64.11,1.6390448060380238,3.5378897189268903,0.0,0.0,0.0,0,0,OFF,0.0,esp32-simulated
23.72,43.54,853.96,64.18,64.18,1.656612814747503,3.570368617520053,0.0,0.0,0.0,0,0,OFF,0.0,esp32-simulated
23.72,43.3,854.06,63.83,63.83,1.6636547395710843,3.5750188982519147,0.0,0.0,0.0,0,0,OFF,0.0,esp32-simulated
23.75,43.76,854.06,63.56,63.56,1.6531378192374804,3.572909207666999,0.0,0.0,0.0,0,0,OFF,0.0,esp32-simulated
23.76,44.1,854.07,63.31,63.31,1.6441321415600811,3.568563574833344,0.0,0.0,0.0,0,0,OFF,0.0,esp32-simulated
23.78,44.23,854.07,63.38,63.38,1.6422823316454642,3.570558337308991,0.0,0.0,0.0,0,0,OFF,0.0,esp32-simulated
23.62,43.74,854.1,63.45,63.45,1.64084117909143,3.543885471544858,0.0,0.0,0.0,0,0,OFF,0.0,esp32-simulated
23.88,44.23,854.12,63.52,63.52,1.6521822152748018,3.593248063934411,0.0,0.0,0.0,0,0,OFF,0.0,esp32-simulated
24.06,44.0,854.13,63.39,63.39,1.6770210441200806,3.6389965264425865,0.0,0.0,0.0,0,0,OFF,0.0,esp32-simulated
24.06,44.42,854.19,63.15,63.15,1.6644433862891796,3.630562792210613,0.0,0.0,0.0,0,0,OFF,0.0,esp32-simulated
23.96,44.06,854.16,63.06,63.06,1.6652000671523073,3.614860175436064,0.0,0.0,0.0,0,0,OFF,0.0,esp32-simulated
24.01,44.32,854.17,63.16,63.16,1.6624427469319745,3.6211178803064814,0.0,0.0,0.0,0,0,OFF,0.0,esp32-simulated
23.97,43.97,854.25,63.1,63.1,1.6688808171484353,3.6189384052759648,0.0,0.0,0.0,0,0,OFF,0.0,esp32-simulated
23.69,44.14,854.18,62.98,62.98,1.636052693545732,3.551973058635928,0.0,0.0,0.0,0,0,OFF,0.0,esp32-simulated
23.81,43.68,854.16,62.98,62.98,1.6614721612134826,3.588111597397193,0.0,0.0,0.0,0,0,OFF,0.0,esp32-simulated
23.68,43.57,854.23,62.63,62.63,1.6517529980979129,3.560716674246165,0.0,0.0,0.0,0,0,OFF,0.0,esp32-simulated
23.48,43.47,854.21,62.47,62.47,1.6348721052775943,3.517525283353633,0.0,0.0,0.0,0,0,OFF,0.0,esp32-simulated
23.73,43.11,854.21,62.37,62.37,1.6702339177635568,3.580980281947267,0.0,0.0,0.0,0,0,OFF,0.0,esp32-simulated
23.74,42.62,854.13,62.46,62.46,1.6856333344381491,3.5927756838844824,0.0,0.0,0.0,0,0,OFF,0.0,esp32-simulated
23.63,42.57,854.06,62.08,62.08,1.6759731536808526,3.5685972351829696,0.0,0.0,0.0,0,0,OFF,0.0,esp32-simulated
23.81,42.62,854.05,61.7,61.7,1.692742766520413,3.608845774385783,0.0,0.0,0.0,0,1,ON,100.0,esp32-simulated
24.05,42.76,854.11,61.67,61.67,1.713126950925071,3.661570456031085,0.0,0.0,0.0,0,1,ON,100.0,esp32-simulated
23.78,42.46,854.18,61.75,61.75,1.694404256103281,3.605071435934644,0.0,0.0,0.0,0,1,ON,100.0,esp32-simulated
23.81,42.16,854.15,61.61,61.61,1.7063130292007789,3.617843624777057,0.0,0.0,0.0,0,1,ON,100.0,esp32-simulated
23.66,41.87,854.11,61.38,61.38,1.699466905181923,3.588920079253267,0.0,0.0,0.0,0,1,ON,100.0,esp32-simulated
23.57,42.19,854.12,61.33,61.33,1.680979336867665,3.562185754304071,0.0,0.0,0.0,0,1,ON,100.0,esp32-simulated
23.33,42.25,854.18,61.4,61.4,1.6551174892253335,3.5066653119257745,0.0,0.0,0.0,0,1,ON,100.0,esp32-simulated
23.17,42.55,854.25,61.33,61.33,1.630692458157628,3.4652953095251524,0.0,0.0,0.0,0,1,ON,100.0,esp32-simulated
22.99,42.07,854.3,61.01,61.01,1.6265230902344252,3.43398035344694,0.0,0.0,0.0,0,1,ON,100.0,esp32-simulated
23.19,42.01,854.37,60.86,60.86,1.6480097295387006,3.479645936536393,0.0,0.0,0.0,1,1,ON,100.0,esp32-simulated
23.33,41.97,854.46,64.02,64.02,1.6631423012943052,3.5118715503050657,0.0,0.0,0.0,0,0,OFF,0.0,esp32-simulated
23.49,41.8,854.51,63.84,63.84,1.684183802678192,3.55135277146706,0.0,0.0,0.0,0,0,OFF,0.0,esp32-simulated
23.21,41.6,854.52,63.75,63.75,1.6616672568762665,3.491656601650732,0.0,0.0,0.0,0,0,OFF,0.0,esp32-simulated
23.0,41.51,854.47,63.75,63.75,1.6432400653400456,3.4462512223465533,0.0,0.0,0.0,0,0,OFF,0.0,esp32-simulated
23.25,41.44,854.54,63.39,63.39,1.670248715579298,3.5036196641777493,0.0,0.0,0.0,0,0,OFF,0.0,esp32-simulated
23.46,41.8,854.55,63.29,63.29,1.6811416823777898,3.5445202335785138,0.0,0.0,0.0,0,0,OFF,0.0,esp32-simulated
23.25,41.41,854.58,63.22,63.22,1.6711043757819517,3.504172758338033,0.0,0.0,0.0,0,0,OFF,0.0,esp32-simulated
23.29,41.9,854.56,63.22,63.22,1.6611343239262275,3.5041468676755168,0.0,0.0,0.0,0,0,OFF,0.0,esp32-simulated
23.08,42.04,854.49,63.31,63.31,1.6362458590655793,3.454522792785135,0.0,0.0,0.0,0,0,OFF,0.0,esp32-simulated
22.8,42.17,854.55,63.17,63.17,1.605147542334196,3.39029897060374,0.0,0.0,0.0,0,0,OFF,0.0,esp32-simulated
22.58,41.97,854.62,63.19,63.19,1.589357511559519,3.3457261019110383,0.0,0.0,0.0,0,0,OFF,0.0,esp32-simulated
22.6,42.0,854.57,63.25,63.25,1.5904647185658358,3.349559793569531,0.0,0.0,0.0,0,0,OFF,0.0,esp32-simulated
22.46,42.18,854.55,63.04,63.04,1.572111356034866,3.3161617342415304,0.0,0.0,0.0,0,0,OFF,0.0,esp32-simulated
22.34,41.94,854.47,62.71,62.71,1.567167850223172,3.294370365603362,0.0,0.0,0.0,0,0,OFF,0.0,esp32-simulated
22.4,41.64,854.5,62.61,62.61,1.5810204916841262,3.312329359322688,0.0,0.0,0.0,0,0,OFF,0.0,esp32-simulated
22.15,41.83,854.43,62.36,62.36,1.5520923474043609,3.2555475013525337,0.0,0.0,0.0,0,0,OFF,0.0,esp32-simulated
22.18,42.02,854.33,61.99,61.99,1.5498505556590547,3.258819333708309,0.0,0.0,0.0,0,0,OFF,0.0,esp32-simulated
22.06,42.01,854.32,61.89,61.89,1.5388317779741931,3.233500272943004,0.0,0.0,0.0,0,0,OFF,0.0,esp32-simulated
22.0,42.34,854.32,61.84,61.84,1.524490725428618,3.215496531098677,0.0,0.0,0.0,0,0,OFF,0.0,esp32-simulated
21.97,42.48,854.36,61.69,61.69,1.5180106058217335,3.206936495285446,0.0,0.0,0.0,0,0,OFF,0.0,esp32-simulated
22.26,42.41,854.28,61.67,61.67,1.5469375344789962,3.2694257311108488,0.0,0.0,0.0,0,0,OFF,0.0,esp32-simulated
21.99,41.95,854.24,61.67,61.67,1.5338668197967795,3.219671152193548,0.0,0.0,0.0,0,0,OFF,0.0,esp32-simulated
21.84,41.81,854.22,61.3,61.3,1.523563432227452,3.1903419681781884,0.0,0.0,0.0,0,0,OFF,0.0,esp32-simulated
21.67,42.13,854.3,61.32,61.32,1.4995366665202663,3.1498556778084903,0.0,0.0,0.0,0,0,OFF,0.0,esp32-simulated
21.55,41.73,854.28,61.3,61.3,1.4988650586950332,3.131171689299834,0.0,0.0,0.0,0,0,OFF,0.0,esp32-simulated
21.32,41.46,854.22,61.02,61.02,1.4847567183826538,3.08789162180964,0.0,0.0,0.0,0,0,OFF,0.0,esp32-simulated
21.57,41.47,854.24,60.9,60.9,1.507395663761908,3.139310335413143,0.0,0.0,0.0,0,0,OFF,0.0,esp32-simulated
21.6,41.36,854.21,60.98,60.98,1.513001558547478,3.147238794383449,0.0,0.0,0.0,0,0,OFF,0.0,esp32-simulated
21.83,41.46,854.31,60.95,60.95,1.5317922034411624,3.193782605686644,0.0,0.0,0.0,0,0,OFF,0.0,esp32-simulated
21.92,41.8,854.38,60.66,60.66,1.531280684823744,3.2073168377905663,0.0,0.0,0.0,0,0,OFF,0.0,esp32-simulated
21.95,41.9,854.28,60.46,60.46,1.531448788743078,3.212037213551321,0.0,0.0,0.0,0,1,ON,100.0,esp32-simulated
22.13,41.5,854.21,60.48,60.48,1.558997835947031,3.2566843366040907,0.0,0.0,0.0,0,1,ON,100.0,esp32-simulated
22.39,41.47,854.2,60.15,60.15,1.5846626980168514,3.313028087391677,0.0,0.0,0.0,1,1,ON,100.0,esp32-simulated
22.53,41.86,854.17,63.65,63.65,1.587545408803873,3.3367487047257893,0.0,0.0,0.0,0,0,OFF,0.0,esp32-simulated
22.35,41.53,854.14,63.62,63.62,1.5791943534047657,3.30338332586905,0.0,0.0,0.0,0,0,OFF,0.0,esp32-simulated
22.14,41.52,854.2,63.45,63.45,1.5594140549573567,3.2584912854616723,0.0,0.0,0.0,0,0,OFF,0.0,esp32-simulated
22.17,41.82,854.1,63.52,63.52,1.5542503605329894,3.2599737968705536,0.0,0.0,0.0,0,0,OFF,0.0,esp32-simulated
22.13,41.98,854.13,63.56,63.56,1.546206058831568,3.248837510996593,0.0,0.0,0.0,0,0,OFF,0.0,esp32-simulated
22.35,41.64,854.12,63.17,63.17,1.57622340456135,3.3015417373998512,0.0,0.0,0.0,0,0,OFF,0.0,esp32-simulated
22.33,41.82,854.2,63.07,63.07,1.56945248633912,3.2942272492462634,0.0,0.0,0.0,0,0,OFF,0.0,esp32-simulated
22.24,41.56,854.3,62.99,62.99,1.5678608166028398,3.279227343179615,0.0,0.0,0.0,0,0,OFF,0.0,esp32-simulated
22.02,41.57,854.35,62.9,62.9,1.546733218572613,3.232147057242712,0.0,0.0,0.0,0,0,OFF,0.0,esp32-simulated
22.28,41.39,854.39,62.59,62.59,1.5762523171840346,3.2906382543521526,0.0,0.0,0.0,0,0,OFF,0.0,esp32-simulated
22.01,41.59,854.38,62.22,62.22,1.5452617477004145,3.229704072654116,0.0,0.0,0.0,0,0,OFF,0.0,esp32-simulated
21.8,41.59,854.43,62.13,62.13,1.5255943804018814,3.18542900047062,0.0,0.0,0.0,0,0,OFF,0.0,esp32-simulated
21.73,41.93,854.34,61.76,61.76,1.5102448766125136,3.165452051437201,0.0,0.0,0.0,0,0,OFF,0.0,esp32-simulated
21.77,41.92,854.37,61.63,61.63,1.5141992788571923,3.1739544223413763,0.0,0.0,0.0,0,0,OFF,0.0,esp32-simulated
31.0,42.0,854.0,28.0,28.0,2.6057035056487785,5.545666976658443,0.5,0.5333333333333333,0.5333333333333333,1,1,ON,100.0,esp32-irrigation
22.0,70.0,854.0,82.0,82.0,0.7931793576631728,2.769665968753394,0.0,0.0,0.0,0,0,OFF,0.0,esp32-irrigation
26.4,68.9,865.0,0.0,0.0,1.0703831411383269,3.575023422895527,0.0,1.0,0.7675957852845817,1,1,ON,100.0,esp32-irrigation
26.4,68.8,865.0,0.0,0.0,1.0738248875728555,3.5775759843328325,0.0,1.0,0.7684562218932138,1,1,ON,100.0,esp32-irrigation
26.4,68.7,865.0,0.0,0.0,1.0772666340073835,3.5801285457701373,0.0,1.0,0.7693166585018458,1,1,ON,100.0,esp32-irrigation
26.4,69.3,865.0,0.0,0.0,1.0566161554002136,3.5648131771463056,0.0,1.0,0.7641540388500534,1,1,ON,100.0,esp32-irrigation
26.4,69.6,865.0,0.0,0.0,1.0462909160966285,3.5571554928343905,0.0,1.0,0.7615727290241572,1,1,ON,100.0,esp32-irrigation
26.4,69.5,865.0,0.0,0.0,1.049732662531157,3.5597080542716952,0.0,1.0,0.7624331656327892,1,1,ON,100.0,esp32-irrigation
26.4,69.8,865.0,0.0,0.0,1.0394074232275718,3.55205036995978,0.0,1.0,0.759851855806893,1,1,ON,100.0,esp32-irrigation
26.4,69.9,865.0,0.0,0.0,1.035965676793043,3.549497808522474,0.0,1.0,0.7589914191982607,1,1,ON,100.0,esp32-irrigation
26.3,69.9,865.0,0.0,0.0,1.0298759150253236,3.5302558888207938,0.0,1.0,0.7574689787563309,1,1,ON,100.0,esp32-irrigation
26.3,70.0,865.0,0.0,0.0,1.0264544003574658,3.5277288729484946,0.0,1.0,0.7566136000893664,1,1,ON,100.0,esp32-irrigation
26.3,70.1,865.0,0.0,0.0,1.0230328856896076,3.5252018570761945,0.0,1.0,0.7557582214224019,1,1,ON,100.0,esp32-irrigation
26.2,70.1,865.0,0.0,0.0,1.0170145962513364,3.5060887380348,0.0,1.0,0.7542536490628341,1,1,ON,100.0,esp32-irrigation
26.2,70.2,865.0,0.0,0.0,1.0136132096417998,3.5035870542147465,0.0,1.0,0.75340330241045,1,1,ON,100.0,esp32-irrigation
26.2,70.3,865.0,0.0,0.0,1.0102118230322639,3.501085370394694,0.0,1.0,0.7525529557580659,1,1,ON,100.0,esp32-irrigation
26.2,70.4,865.0,0.0,0.0,1.0068104364227273,3.498583686574641,0.0,1.0,0.7517026091056818,1,1,ON,100.0,esp32-irrigation
26.0,70.4,865.0,0.0,0.0,0.9949861892663586,3.460738919858946,0.0,1.0,0.7487465473165896,1,1,ON,100.0,esp32-irrigation
26.1,70.4,865.0,0.0,0.0,1.0008830963064448,3.479623200067146,0.0,1.0,0.7502207740766111,1,1,ON,100.0,esp32-irrigation
26.2,70.5,865.0,0.0,0.0,1.0034090498131913,3.4960820027545885,0.0,1.0,0.7508522624532978,1,1,ON,100.0,esp32-irrigation
26.1,70.5,865.0,0.0,0.0,0.9975017344945991,3.4771466362852532,0.0,1.0,0.7493754336236498,1,1,ON,100.0,esp32-irrigation
26.1,70.6,865.0,0.0,0.0,0.9941203726827531,3.47467007250336,0.0,1.0,0.7485300931706883,1,1,ON,100.0,esp32-irrigation
26.1,70.8,865.0,0.0,0.0,0.9873576490590609,3.469716944939574,0.0,1.0,0.7468394122647652,1,1,ON,100.0,esp32-irrigation
26.1,70.7,865.0,0.0,0.0,0.9907390108709065,3.4721935087214666,0.0,1.0,0.7476847527177266,1,1,ON,100.0,esp32-irrigation
26.0,70.5,865.0,0.0,0.0,0.9916247494377565,3.4582872655911374,0.0,1.0,0.7479061873594391,1,1,ON,100.0,esp32-irrigation
26.0,71.1,865.0,0.0,0.0,0.971456110466141,3.443577339984284,0.0,1.0,0.7428640276165352,1,1,ON,100.0,esp32-irrigation
26.0,71.2,865.0,0.0,0.0,0.9680946706375381,3.441125685716475,0.0,1.0,0.7420236676593845,1,1,ON,100.0,esp32-irrigation
26.0,71.0,865.0,0.0,0.0,0.9748175502947436,3.4460289942520936,0.0,1.0,0.743704387573686,1,1,ON,100.0,esp32-irrigation
26.0,71.3,865.0,0.0,0.0,0.9647332308089359,3.438674031448667,0.0,1.0,0.741183307702234,1,1,ON,100.0,esp32-irrigation
25.9,71.3,865.0,0.0,0.0,0.9590450017474523,3.4200878342285743,0.0,1.0,0.7397612504368631,1,1,ON,100.0,esp32-irrigation
25.9,71.2,865.0,0.0,0.0,0.9623866219625998,3.4225147880249804,0.0,1.0,0.74059665549065,1,1,ON,100.0,esp32-irrigation
25.9,71.0,865.0,0.0,0.0,0.969069862392896,3.4273686956177936,0.0,1.0,0.742267465598224,1,1,ON,100.0,esp32-irrigation
25.9,71.4,865.0,0.0,0.0,0.955703381532304,3.4176608804321678,0.0,1.0,0.738925845383076,1,1,ON,100.0,esp32-irrigation
25.9,71.5,865.0,0.0,0.0,0.9523617613171564,3.4152339266357616,0.0,1.0,0.7380904403292892,1,1,ON,100.0,esp32-irrigation
25.9,71.6,865.0,0.0,0.0,0.9490201411020085,3.4128069728393555,0.0,1.0,0.7372550352755021,1,1,ON,100.0,esp32-irrigation
25.9,71.7,865.0,0.0,0.0,0.9456785208868602,3.4103800190429485,0.0,1.0,0.7364196302217151,1,1,ON,100.0,esp32-irrigation
25.9,71.8,865.0,0.0,0.0,0.9423369006717127,3.4079530652465424,0.0,1.0,0.7355842251679282,1,1,ON,100.0,esp32-irrigation
25.9,71.9,865.0,0.0,0.0,0.9389952804565644,3.4055261114501354,0.0,1.0,0.7347488201141411,1,1,ON,100.0,esp32-irrigation
25.9,72.0,865.0,0.0,0.0,0.9356536602414168,3.4030991576537293,0.0,1.0,0.7339134150603542,1,1,ON,100.0,esp32-irrigation
25.8,71.7,865.0,0.0,0.0,0.940098415522579,3.391965279002988,0.0,1.0,0.7350246038806447,1,1,ON,100.0,esp32-irrigation
25.8,71.8,865.0,0.0,0.0,0.936776512994231,3.389562818108118,0.0,1.0,0.7341941282485578,1,1,ON,100.0,esp32-irrigation
25.8,71.9,865.0,0.0,0.0,0.9334546104658824,3.387160357213246,0.0,1.0,0.7333636526164706,1,1,ON,100.0,esp32-irrigation
25.8,71.6,865.0,0.0,0.0,0.9434203180509277,3.3943677398978593,0.0,1.0,0.7358550795127319,1,1,ON,100.0,esp32-irrigation
25.8,72.0,865.0,0.0,0.0,0.9301327079375343,3.3847578963183755,0.0,1.0,0.7325331769843836,1,1,ON,100.0,esp32-irrigation
25.7,71.8,865.0,0.0,0.0,0.9312447440984621,3.371244616649729,0.0,1.0,0.7328111860246156,1,1,ON,100.0,esp32-irrigation
25.7,71.9,865.0,0.0,0.0,0.9279424577718715,3.368866442550802,0.0,1.0,0.7319856144429678,1,1,ON,100.0,esp32-irrigation
25.7,72.1,865.0,0.0,0.0,0.9213378851186912,3.3641100943529483,0.0,1.0,0.7303344712796728,1,1,ON,100.0,esp32-irrigation
25.7,72.0,865.0,0.0,0.0,0.9246401714452815,3.3664882684518753,0.0,1.0,0.7311600428613204,1,1,ON,100.0,esp32-irrigation
25.6,72.0,865.0,0.0,0.0,0.9191759275375402,3.348289877287479,0.0,1.0,0.729793981884385,1,1,ON,100.0,esp32-irrigation
25.6,72.1,865.0,0.0,0.0,0.9158931563677633,3.3459357853346807,0.0,1.0,0.7289732890919408,1,1,ON,100.0,esp32-irrigation
25.6,71.9,865.0,0.0,0.0,0.9224586987073168,3.3506439692402767,0.0,1.0,0.7306146746768292,1,1,ON,100.0,esp32-irrigation
25.5,72.1,865.0,0.0,0.0,0.9104764967915314,3.3278321153863213,0.0,1.0,0.7276191241978829,1,1,ON,100.0,esp32-irrigation
25.6,72.2,865.0,0.0,0.0,0.9126103851979863,3.3435816933818825,0.0,1.0,0.7281525962994966,1,1,ON,100.0,esp32-irrigation
25.5,72.2,865.0,0.0,0.0,0.9072131401722069,3.325501902377153,0.0,1.0,0.7268032850430517,1,1,ON,100.0,esp32-irrigation
25.5,72.3,865.0,0.0,0.0,0.9039497835528824,3.323171689367985,0.0,1.0,0.7259874458882206,1,1,ON,100.0,esp32-irrigation
25.5,72.4,865.0,0.0,0.0,0.9006864269335576,3.3208414763588165,0.0,1.0,0.7251716067333894,1,1,ON,100.0,esp32-irrigation
25.5,72.5,865.0,0.0,0.0,0.8974230703142334,3.3185112633496483,0.0,1.0,0.7243557675785584,1,1,ON,100.0,esp32-irrigation
25.5,72.6,865.0,0.0,0.0,0.894159713694909,3.31618105034048,0.0,1.0,0.7235399284237273,1,1,ON,100.0,esp32-irrigation
25.4,72.7,865.0,0.0,0.0,0.8856235310173189,3.295959478867013,0.0,1.0,0.7214058827543297,1,1,ON,100.0,esp32-irrigation
25.4,72.6,865.0,0.0,0.0,0.8888675732554776,3.2982660146961553,0.0,1.0,0.7222168933138694,1,1,ON,100.0,esp32-irrigation
25.3,73.3,865.0,0.0,0.0,0.8610289667198665,3.2644384245530085,0.0,1.0,0.7152572416799666,1,1,ON,100.0,esp32-irrigation
25.3,73.2,865.0,0.0,0.0,0.8642537943105776,3.2667214835352127,0.0,1.0,0.7160634485776444,1,1,ON,100.0,esp32-irrigation
25.3,73.4,865.0,0.0,0.0,0.857804139129155,3.2621553655708033,0.0,1.0,0.7144510347822888,1,1,ON,100.0,esp32-irrigation
25.3,73.5,865.0,0.0,0.0,0.8545793115384442,3.2598723065885986,0.0,1.0,0.713644827884611,1,1,ON,100.0,esp32-irrigation
25.3,73.6,865.0,0.0,0.0,0.8513544839477332,3.2575892476063943,0.0,1.0,0.7128386209869333,1,1,ON,100.0,esp32-irrigation
25.3,73.7,865.0,0.0,0.0,0.848129656357022,3.2553061886241896,0.0,1.0,0.7120324140892555,1,1,ON,100.0,esp32-irrigation
25.2,73.8,865.0,0.0,0.0,0.8398966076439104,3.2355247670240828,0.0,1.0,0.7099741519109776,1,1,ON,100.0,esp32-irrigation
25.2,73.7,865.0,0.0,0.0,0.8431023198868262,3.2377845480702687,0.0,1.0,0.7107755799717066,1,1,ON,100.0,esp32-irrigation
25.2,73.9,865.0,0.0,0.0,0.8366908954009944,3.233264985977897,0.0,1.0,0.7091727238502485,1,1,ON,100.0,esp32-irrigation
25.3,73.8,865.0,0.0,0.0,0.8449048287663109,3.2530231296419845,0.0,1.0,0.7112262071915777,1,1,ON,100.0,esp32-irrigation
25.2,74.0,865.0,0.0,0.0,0.8334851831580791,3.231005204931711,0.0,1.0,0.7083712957895197,1,1,ON,100.0,esp32-irrigation
25.2,74.2,865.0,0.0,0.0,0.8270737586722476,3.22648564283934,0.0,1.0,0.7067684396680619,1,1,ON,100.0,esp32-irrigation
25.2,74.1,865.0,0.0,0.0,0.8302794709151634,3.2287454238855258,0.0,1.0,0.7075698677287908,1,1,ON,100.0,esp32-irrigation
25.1,74.0,865.0,0.0,0.0,0.828540898173306,3.2136187359239337,0.0,1.0,0.7071352245433264,1,1,ON,100.0,esp32-irrigation
25.2,73.5,865.0,0.0,0.0,0.8495137443726575,3.24230411016264,0.0,1.0,0.7123784360931644,1,1,ON,100.0,esp32-irrigation
25.1,73.5,865.0,0.0,0.0,0.8444743769843311,3.224802238960018,0.0,1.0,0.7111185942460828,1,1,ON,100.0,esp32-irrigation
25.1,73.6,865.0,0.0,0.0,0.841287681222126,3.2225655383528014,0.0,1.0,0.7103219203055315,1,1,ON,100.0,esp32-irrigation
25.1,73.7,865.0,0.0,0.0,0.8381009854599211,3.2203288377455843,0.0,1.0,0.7095252463649803,1,1,ON,100.0,esp32-irrigation
25.0,73.5,865.0,0.0,0.0,0.8394610951393146,3.2073663311365936,0.0,1.0,0.7098652737848287,1,1,ON,100.0,esp32-irrigation
25.0,73.7,865.0,0.0,0.0,0.8331255397043009,3.202938698617204,0.0,1.0,0.7082813849260752,1,1,ON,100.0,esp32-irrigation
25.0,73.6,865.0,0.0,0.0,0.8362933174218077,3.205152514876899,0.0,1.0,0.7090733293554519,1,1,ON,100.0,esp32-irrigation
25.0,73.4,865.0,0.0,0.0,0.8426288728568211,3.2095801473962884,0.0,1.0,0.7106572182142052,1,1,ON,100.0,esp32-irrigation
24.9,73.4,865.0,0.0,0.0,0.8376227426779561,3.192187153594657,0.0,1.0,0.709405685669489,1,1,ON,100.0,esp32-irrigation
24.9,73.6,865.0,0.0,0.0,0.8313248273194755,3.1878049003821722,0.0,1.0,0.7078312068298689,1,1,ON,100.0,esp32-irrigation
25.0,73.3,865.0,0.0,0.0,0.8457966505743283,3.2117939636559836,0.0,1.0,0.711449162643582,1,1,ON,100.0,esp32-irrigation
24.9,73.3,865.0,0.0,0.0,0.8407717003571968,3.1943782802008998,0.0,1.0,0.7101929250892992,1,1,ON,100.0,esp32-irrigation
24.9,73.2,865.0,0.0,0.0,0.8439206580364373,3.196569406807142,0.0,1.0,0.7109801645091094,1,1,ON,100.0,esp32-irrigation
24.9,73.1,865.0,0.0,0.0,0.8470696157156777,3.1987605334133846,0.0,1.0,0.7117674039289195,1,1,ON,100.0,esp32-irrigation
24.8,73.1,865.0,0.0,0.0,0.8420332739952052,3.181365489970735,0.0,1.0,0.7105083184988013,1,1,ON,100.0,esp32-irrigation
24.8,73.5,865.0,0.0,0.0,0.829512333117953,3.1726909689400546,0.0,1.0,0.7073780832794883,1,1,ON,100.0,esp32-irrigation
24.8,73.7,865.0,0.0,0.0,0.823251862679327,3.168353708424715,0.0,1.0,0.7058129656698318,1,1,ON,100.0,esp32-irrigation
24.8,73.6,865.0,0.0,0.0,0.82638209789864,3.1705223386823853,0.0,1.0,0.70659552447466,1,1,ON,100.0,esp32-irrigation
24.8,73.4,865.0,0.0,0.0,0.8326425683372658,3.1748595991977244,0.0,1.0,0.7081606420843165,1,1,ON,100.0,esp32-irrigation
24.8,73.3,865.0,0.0,0.0,0.8357728035565791,3.1770282294553946,0.0,1.0,0.7089432008891448,1,1,ON,100.0,esp32-irrigation
24.8,73.2,865.0,0.0,0.0,0.8389030387758921,3.179196859713065,0.0,1.0,0.709725759693973,1,1,ON,100.0,esp32-irrigation
24.8,72.9,865.0,0.0,0.0,0.8482937444338309,3.1857027504860747,0.0,1.0,0.7120734361084577,1,1,ON,100.0,esp32-irrigation
24.8,72.8,865.0,0.0,0.0,0.8514239796531443,3.187871380743745,0.0,1.0,0.7128559949132861,1,1,ON,100.0,esp32-irrigation
24.7,73.0,865.0,0.0,0.0,0.8401346760013881,3.1661824306976367,0.0,1.0,0.710033669000347,1,1,ON,100.0,esp32-irrigation
24.7,72.9,865.0,0.0,0.0,0.8432462859125041,3.1683287565305736,0.0,1.0,0.710811571478126,1,1,ON,100.0,esp32-irrigation
24.7,73.2,865.0,0.0,0.0,0.8339114561791556,3.1618897790317635,0.0,1.0,0.7084778640447889,1,1,ON,100.0,esp32-irrigation
24.7,73.1,865.0,0.0,0.0,0.8370230660902719,3.1640361048647,0.0,1.0,0.7092557665225679,1,1,ON,100.0,esp32-irrigation
24.6,72.9,865.0,0.0,0.0,0.8382250403006088,3.151020443168425,0.0,1.0,0.7095562600751522,1,1,ON,100.0,esp32-irrigation
24.6,72.8,865.0,0.0,0.0,0.8413181216301316,3.153144655127538,0.0,1.0,0.7103295304075329,1,1,ON,100.0,esp32-irrigation
24.6,73.2,865.0,0.0,0.0,0.8289457963120415,3.1446478072910864,0.0,1.0,0.7072364490780103,1,1,ON,100.0,esp32-irrigation
24.6,73.0,865.0,0.0,0.0,0.8351319589710866,3.1488962312093123,0.0,1.0,0.7087829897427717,1,1,ON,100.0,esp32-irrigation
24.6,72.7,865.0,0.0,0.0,0.8444112029596542,3.1552688670866513,0.0,1.0,0.7111028007399136,1,1,ON,100.0,esp32-irrigation
24.6,72.6,865.0,0.0,0.0,0.8475042842891768,3.157393079045764,0.0,1.0,0.7118760710722942,1,1,ON,100.0,esp32-irrigation
24.6,73.3,865.0,0.0,0.0,0.825852714982519,3.1425235953319732,0.0,1.0,0.7064631787456297,1,1,ON,100.0,esp32-irrigation
24.5,73.4,865.0,0.0,0.0,0.8178566475345026,3.123266014593954,0.0,1.0,0.7044641618836256,1,1,ON,100.0,esp32-irrigation
24.5,73.3,865.0,0.0,0.0,0.8209312965853846,3.1253683018652954,0.0,1.0,0.7052328241463461,1,1,ON,100.0,esp32-irrigation
24.5,73.6,865.0,0.0,0.0,0.8117073494327398,3.119061440051273,0.0,1.0,0.702926837358185,1,1,ON,100.0,esp32-irrigation
27.3,60.3,865.0,0.0,0.0,1.4405438168595641,3.994328939514916,0.03750000000000009,1.0,0.860135954214891,1,1,ON,100.0,esp32-irrigation
27.3,60.2,865.0,0.0,0.0,1.444172390705558,3.9971212707298345,0.03750000000000009,1.0,0.8610430976763894,1,1,ON,100.0,esp32-irrigation
27.6,61.1,865.0,0.0,0.0,1.4364921825537065,4.039775410982493,0.07500000000000018,1.0,0.8591230456384267,1,1,ON,100.0,esp32-irrigation
27.6,61.2,865.0,0.0,0.0,1.4327994005934142,4.036899091258829,0.07500000000000018,1.0,0.8581998501483535,1,1,ON,100.0,esp32-irrigation
27.6,61.3,865.0,0.0,0.0,1.4291066186331218,4.034022771535165,0.07500000000000018,1.0,0.8572766546582804,1,1,ON,100.0,esp32-irrigation
27.7,61.3,865.0,0.0,0.0,1.4374741084223646,4.056769413909315,0.08749999999999991,1.0,0.8593685271055911,1,1,ON,100.0,esp32-irrigation
27.7,61.5,865.0,0.0,0.0,1.430045301660492,4.050959851215889,0.08749999999999991,1.0,0.857511325415123,1,1,ON,100.0,esp32-irrigation
27.7,61.6,865.0,0.0,0.0,1.4263308982795555,4.048055069869175,0.08749999999999991,1.0,0.8565827245698889,1,1,ON,100.0,esp32-irrigation
27.7,61.7,865.0,0.0,0.0,1.422616494898619,4.0451502885224615,0.08749999999999991,1.0,0.8556541237246548,1,1,ON,100.0,esp32-irrigation
27.7,61.8,865.0,0.0,0.0,1.4189020915176829,4.042245507175748,0.08749999999999991,1.0,0.8547255228794207,1,1,ON,100.0,esp32-irrigation
27.7,61.9,865.0,0.0,0.0,1.4151876881367464,4.039340725829034,0.08749999999999991,1.0,0.8537969220341866,1,1,ON,100.0,esp32-irrigation
27.7,62.0,865.0,0.0,0.0,1.41147328475581,4.036435944482322,0.08749999999999991,1.0,0.8528683211889525,1,1,ON,100.0,esp32-irrigation
27.7,62.1,865.0,0.0,0.0,1.4077588813748738,4.033531163135608,0.08749999999999991,1.0,0.8519397203437185,1,1,ON,100.0,esp32-irrigation
27.7,62.2,865.0,0.0,0.0,1.4040444779939374,4.0306263817888945,0.08749999999999991,1.0,0.8510111194984844,1,1,ON,100.0,esp32-irrigation
27.8,62.1,865.0,0.0,0.0,1.415995142546981,4.056153052141553,0.10000000000000009,1.0,0.8539987856367453,1,1,ON,100.0,esp32-irrigation
27.8,62.2,865.0,0.0,0.0,1.4122590076062238,4.053219573745812,0.10000000000000009,1.0,0.853064751901556,1,1,ON,100.0,esp32-irrigation
27.8,62.3,865.0,0.0,0.0,1.4085228726654666,4.050286095350072,0.10000000000000009,1.0,0.8521307181663667,1,1,ON,100.0,esp32-irrigation
27.8,62.4,865.0,0.0,0.0,1.4047867377247094,4.04735261695433,0.10000000000000009,1.0,0.8511966844311774,1,1,ON,100.0,esp32-irrigation
27.8,62.5,865.0,0.0,0.0,1.4010506027839522,4.044419138558589,0.10000000000000009,1.0,0.850262650695988,1,1,ON,100.0,esp32-irrigation
27.6,61.0,865.0,0.0,0.0,1.4401849645139988,4.042651730706157,0.07500000000000018,1.0,0.8600462411284997,1,1,ON,100.0,esp32-irrigation
27.5,61.0,865.0,0.0,0.0,1.4317953816237639,4.019924610595054,0.0625,1.0,0.857948845405941,1,1,ON,100.0,esp32-irrigation
27.5,60.9,865.0,0.0,0.0,1.4354666518330554,4.022772702497489,0.0625,1.0,0.8588666629582639,1,1,ON,100.0,esp32-irrigation
27.5,60.8,865.0,0.0,0.0,1.4391379220423473,4.025620794399924,0.0625,1.0,0.8597844805105868,1,1,ON,100.0,esp32-irrigation
27.4,60.8,865.0,0.0,0.0,1.4307481227134138,4.002941971570022,0.04999999999999982,1.0,0.8576870306783535,1,1,ON,100.0,esp32-irrigation
27.4,60.7,865.0,0.0,0.0,1.434397990373397,4.00576206783812,0.04999999999999982,1.0,0.8585994975933493,1,1,ON,100.0,esp32-irrigation
27.4,60.9,865.0,0.0,0.0,1.4270982550534306,4.000121875301923,0.04999999999999982,1.0,0.8567745637633577,1,1,ON,100.0,esp32-irrigation
27.3,60.9,865.0,0.0,0.0,1.4187723737836009,3.977574952225403,0.03750000000000009,1.0,0.8546930934459003,1,1,ON,100.0,esp32-irrigation
27.3,61.0,865.0,0.0,0.0,1.415143799937607,3.9747826210104846,0.03750000000000009,1.0,0.8537859499844018,1,1,ON,100.0,esp32-irrigation
27.3,60.7,865.0,0.0,0.0,1.4260295214755887,3.9831596146552406,0.03750000000000009,1.0,0.8565073803688972,1,1,ON,100.0,esp32-irrigation
27.3,60.8,865.0,0.0,0.0,1.4224009476295947,3.980367283440322,0.03750000000000009,1.0,0.8556002369073987,1,1,ON,100.0,esp32-irrigation
27.2,60.9,865.0,0.0,0.0,1.4104888262874757,3.9551313202126344,0.02499999999999991,1.0,0.8526222065718689,1,1,ON,100.0,esp32-irrigation
27.2,61.0,865.0,0.0,0.0,1.4068814379849504,3.9523665250663282,0.02499999999999991,1.0,0.8517203594962376,1,1,ON,100.0,esp32-irrigation
27.2,61.1,865.0,0.0,0.0,1.4032740496824248,3.9496017299200217,0.02499999999999991,1.0,0.8508185124206062,1,1,ON,100.0,esp32-irrigation
27.2,61.2,865.0,0.0,0.0,1.3996666613798991,3.9468369347737156,0.02499999999999991,1.0,0.8499166653449748,1,1,ON,100.0,esp32-irrigation
27.2,61.3,865.0,0.0,0.0,1.3960592730773738,3.9440721396274094,0.02499999999999991,1.0,0.8490148182693434,1,1,ON,100.0,esp32-irrigation
27.1,61.3,865.0,0.0,0.0,1.3879021891778587,3.9218404238545626,0.012500000000000178,1.0,0.8469755472944647,1,1,ON,100.0,esp32-irrigation
27.1,61.4,865.0,0.0,0.0,1.3843158786115077,3.9191029373797837,0.012500000000000178,1.0,0.846078969652877,1,1,ON,100.0,esp32-irrigation
27.3,61.9,865.0,0.0,0.0,1.3824866353236622,3.9496516400762167,0.03750000000000009,1.0,0.8456216588309156,1,1,ON,100.0,esp32-irrigation
27.3,62.0,865.0,0.0,0.0,1.3788580614776684,3.946859308861298,0.03750000000000009,1.0,0.8447145153694171,1,1,ON,100.0,esp32-irrigation
27.4,62.8,865.0,0.0,0.0,1.3577507695137498,3.94654004620805,0.04999999999999982,1.0,0.8394376923784375,1,1,ON,100.0,esp32-irrigation
27.3,63.4,865.0,0.0,0.0,1.3280580276337541,3.907766671852436,0.03750000000000009,1.0,0.8320145069084386,1,1,ON,100.0,esp32-irrigation
27.3,63.9,865.0,0.0,0.0,1.309915158403785,3.893805015777842,0.03750000000000009,1.0,0.8274787896009462,1,1,ON,100.0,esp32-irrigation
27.0,62.7,865.0,0.0,0.0,1.3298718855774454,3.8617642296723473,0.0,1.0,0.8324679713943614,1,1,ON,100.0,esp32-irrigation
27.0,62.8,865.0,0.0,0.0,1.3263065454016347,3.859053826050427,0.0,1.0,0.8315766363504087,1,1,ON,100.0,esp32-irrigation
27.1,62.8,865.0,0.0,0.0,1.3341075306825927,3.880778126732876,0.012500000000000178,1.0,0.8335268826706481,1,1,ON,100.0,esp32-irrigation
27.1,63.9,865.0,0.0,0.0,1.2946581144527312,3.850665775510306,0.012500000000000178,1.0,0.8236645286131827,1,1,ON,100.0,esp32-irrigation
27.1,64.0,865.0,0.0,0.0,1.29107180388638,3.847928289035527,0.012500000000000178,1.0,0.822767950971595,1,1,ON,100.0,esp32-irrigation
27.1,64.1,865.0,0.0,0.0,1.2874854933200295,3.845190802560748,0.012500000000000178,1.0,0.8218713733300074,1,1,ON,100.0,esp32-irrigation
27.1,64.2,865.0,0.0,0.0,1.2838991827536779,3.8424533160859684,0.012500000000000178,1.0,0.8209747956884195,1,1,ON,100.0,esp32-irrigation
27.1,64.4,865.0,0.0,0.0,1.2767265616209758,3.8369783431364106,0.012500000000000178,1.0,0.8191816404052439,1,1,ON,100.0,esp32-irrigation
27.0,64.3,865.0,0.0,0.0,1.272826442764472,3.818397771721623,0.0,1.0,0.818206610691118,1,1,ON,100.0,esp32-irrigation
27.0,64.5,865.0,0.0,0.0,1.2656957624128502,3.8129769644777824,0.0,1.0,0.8164239406032126,1,1,ON,100.0,esp32-irrigation
27.0,64.6,865.0,0.0,0.0,1.2621304222370398,3.8102665608558626,0.0,1.0,0.81553260555926,1,1,ON,100.0,esp32-irrigation
27.0,64.7,865.0,0.0,0.0,1.2585650820612284,3.807556157233942,0.0,1.0,0.8146412705153071,1,1,ON,100.0,esp32-irrigation
27.0,64.8,865.0,0.0,0.0,1.2549997418854177,3.804845753612022,0.0,1.0,0.8137499354713544,1,1,ON,100.0,esp32-irrigation
27.0,64.9,865.0,0.0,0.0,1.2514344017096068,3.8021353499901016,0.0,1.0,0.8128586004274017,1,1,ON,100.0,esp32-irrigation
27.0,65.0,865.0,0.0,0.0,1.247869061533796,3.7994249463681813,0.0,1.0,0.811967265383449,1,1,ON,100.0,esp32-irrigation
27.0,65.1,865.0,0.0,0.0,1.2443037213579855,3.7967145427462614,0.0,1.0,0.8110759303394963,1,1,ON,100.0,esp32-irrigation
26.9,65.1,865.0,0.0,0.0,1.2370223581123534,3.775705202311877,0.0,1.0,0.8092555895280884,1,1,ON,100.0,esp32-irrigation
26.9,65.0,865.0,0.0,0.0,1.240566834783162,3.778388747330214,0.0,1.0,0.8101417086957905,1,1,ON,100.0,esp32-irrigation
26.8,65.1,865.0,0.0,0.0,1.2297781378906651,3.7547873830710494,0.0,1.0,0.8074445344726663,1,1,ON,100.0,esp32-irrigation
26.8,65.0,865.0,0.0,0.0,1.2333018574834747,3.7574442921746676,0.0,1.0,0.8083254643708686,1,1,ON,100.0,esp32-irrigation
26.8,64.9,865.0,0.0,0.0,1.2368255770762846,3.760101201278286,0.0,1.0,0.8092063942690711,1,1,ON,100.0,esp32-irrigation
26.7,65.0,865.0,0.0,0.0,1.2260739696920222,3.736591049013148,0.0,1.0,0.8065184924230056,1,1,ON,100.0,esp32-irrigation
26.7,64.9,865.0,0.0,0.0,1.2295770381768565,3.7392215433394456,0.0,1.0,0.8073942595442141,1,1,ON,100.0,esp32-irrigation
26.7,65.5,865.0,0.0,0.0,1.2085586272678503,3.72343857738166,0.0,1.0,0.8021396568169625,1,1,ON,100.0,esp32-irrigation
26.6,65.6,865.0,0.0,0.0,1.1979878746608643,3.700202694189951,0.0,1.0,0.799496968665216,1,1,ON,100.0,esp32-irrigation
26.6,65.5,865.0,0.0,0.0,1.20147039755232,3.7028069933337573,0.0,1.0,0.80036759938808,1,1,ON,100.0,esp32-irrigation
26.6,65.7,865.0,0.0,0.0,1.194505351769408,3.6975983950461444,0.0,1.0,0.7986263379423519,1,1,ON,100.0,esp32-irrigation
26.6,65.8,865.0,0.0,0.0,1.1910228288779523,3.6949940959023384,0.0,1.0,0.7977557072194881,1,1,ON,100.0,esp32-irrigation
26.5,65.8,865.0,0.0,0.0,1.1840321667088565,3.6745295104015265,0.0,1.0,0.7960080416772142,1,1,ON,100.0,esp32-irrigation
26.5,65.9,865.0,0.0,0.0,1.1805700843500582,3.6719511883790883,0.0,1.0,0.7951425210875145,1,1,ON,100.0,esp32-irrigation
26.5,66.0,865.0,0.0,0.0,1.1771080019912603,3.6693728663566496,0.0,1.0,0.794277000497815,1,1,ON,100.0,esp32-irrigation
26.4,66.0,865.0,0.0,0.0,1.17019378773965,3.6490477045773795,0.0,1.0,0.7925484469349124,1,1,ON,100.0,esp32-irrigation
26.4,66.1,865.0,0.0,0.0,1.166752041305122,3.6464951431400747,0.0,1.0,0.7916880103262804,1,1,ON,100.0,esp32-irrigation
26.4,66.2,865.0,0.0,0.0,1.1633102948705933,3.643942581702769,0.0,1.0,0.7908275737176483,1,1,ON,100.0,esp32-irrigation
26.4,66.3,865.0,0.0,0.0,1.1598685484360653,3.6413900202654643,0.0,1.0,0.7899671371090163,1,1,ON,100.0,esp32-irrigation
26.4,66.4,865.0,0.0,0.0,1.1564268020015365,3.6388374588281587,0.0,1.0,0.7891067005003841,1,1,ON,100.0,esp32-irrigation
26.4,66.5,865.0,0.0,0.0,1.152985055567008,3.636284897390853,0.0,1.0,0.788246263891752,1,1,ON,100.0,esp32-irrigation
26.3,66.6,865.0,0.0,0.0,1.1427858990646453,3.613647412606692,0.0,1.0,0.7856964747661613,1,1,ON,100.0,esp32-irrigation
26.3,66.7,865.0,0.0,0.0,1.1393643843967867,3.611120396734392,0.0,1.0,0.7848410960991967,1,1,ON,100.0,esp32-irrigation
26.3,66.5,865.0,0.0,0.0,1.1462074137325031,3.6161744284789923,0.0,1.0,0.7865518534331257,1,1,ON,100.0,esp32-irrigation
26.2,66.4,865.0,0.0,0.0,1.142865900804177,3.5986510393767523,0.0,1.0,0.7857164752010443,1,1,ON,100.0,esp32-irrigation
26.2,66.1,865.0,0.0,0.0,1.1530700606327862,3.606156090836911,0.0,1.0,0.7882675151581966,1,1,ON,100.0,esp32-irrigation
26.2,65.9,865.0,0.0,0.0,1.1598728338518582,3.611159458477016,0.0,1.0,0.7899682084629646,1,1,ON,100.0,esp32-irrigation
26.2,65.8,865.0,0.0,0.0,1.1632742204613948,3.613661142297069,0.0,1.0,0.7908185551153487,1,1,ON,100.0,esp32-irrigation
26.2,65.6,865.0,0.0,0.0,1.1700769936804674,3.618664509937175,0.0,1.0,0.7925192484201169,1,1,ON,100.0,esp32-irrigation
26.2,65.5,865.0,0.0,0.0,1.1734783802900033,3.6211661937572273,0.0,1.0,0.7933695950725008,1,1,ON,100.0,esp32-irrigation
26.2,65.4,865.0,0.0,0.0,1.1768797668995394,3.62366787757728,0.0,1.0,0.7942199417248849,1,1,ON,100.0,esp32-irrigation
26.1,65.2,865.0,0.0,0.0,1.1767139105224422,3.6084045167255883,0.0,1.0,0.7941784776306106,1,1,ON,100.0,esp32-irrigation
26.1,65.1,865.0,0.0,0.0,1.1800952723342886,3.6108810805074816,0.0,1.0,0.7950238180835721,1,1,ON,100.0,esp32-irrigation
26.1,65.0,865.0,0.0,0.0,1.1834766341461345,3.6133576442893744,0.0,1.0,0.7958691585365336,1,1,ON,100.0,esp32-irrigation
26.1,64.8,865.0,0.0,0.0,1.1902393577698265,3.6183107718531606,0.0,1.0,0.7975598394424566,1,1,ON,100.0,esp32-irrigation
26.0,64.6,865.0,0.0,0.0,1.1899496993253078,3.6029348673918595,0.0,1.0,0.797487424831327,1,1,ON,100.0,esp32-irrigation
26.1,64.6,865.0,0.0,0.0,1.1970020813935192,3.6232638994169473,0.0,1.0,0.7992505203483797,1,1,ON,100.0,esp32-irrigation
26.0,64.7,865.0,0.0,0.0,1.186588259496705,3.60048321312405,0.0,1.0,0.7966470648741762,1,1,ON,100.0,esp32-irrigation
26.0,64.8,865.0,0.0,0.0,1.1832268196681024,3.5980315588562415,0.0,1.0,0.7958067049170257,1,1,ON,100.0,esp32-irrigation
25.9,64.9,865.0,0.0,0.0,1.1729086955169188,3.575412877198585,0.0,1.0,0.7932271738792297,1,1,ON,100.0,esp32-irrigation
25.9,65.0,865.0,0.0,0.0,1.1695670753017708,3.572985923402179,0.0,1.0,0.7923917688254427,1,1,ON,100.0,esp32-irrigation
25.9,65.1,865.0,0.0,0.0,1.1662254550866233,3.5705589696057722,0.0,1.0,0.7915563637716558,1,1,ON,100.0,esp32-irrigation
25.8,65.1,865.0,0.0,0.0,1.1593439823935698,3.55052769806448,0.0,1.0,0.7898359955983925,1,1,ON,100.0,esp32-irrigation
25.9,65.2,865.0,0.0,0.0,1.162883834871475,3.5681320158093657,0.0,1.0,0.7907209587178687,1,1,ON,100.0,esp32-irrigation
25.8,65.2,865.0,0.0,0.0,1.1560220798652212,3.548125237169609,0.0,1.0,0.7890055199663053,1,1,ON,100.0,esp32-irrigation
25.6,65.3,865.0,0.0,0.0,1.1391215959125942,3.506014038124959,0.0,1.0,0.7847803989781486,1,1,ON,100.0,esp32-irrigation
25.7,65.3,865.0,0.0,0.0,1.145893355326831,3.52582593307999,0.0,1.0,0.7864733388317078,1,1,ON,100.0,esp32-irrigation
25.7,65.2,865.0,0.0,0.0,1.1491956416534213,3.5282041071789174,0.0,1.0,0.7872989104133553,1,1,ON,100.0,esp32-irrigation
25.7,65.4,865.0,0.0,0.0,1.1425910690002405,3.523447758981063,0.0,1.0,0.7856477672500601,1,1,ON,100.0,esp32-irrigation
25.6,65.4,865.0,0.0,0.0,1.1358388247428173,3.503659946172161,0.0,1.0,0.7839597061857043,1,1,ON,100.0,esp32-irrigation
25.6,65.5,865.0,0.0,0.0,1.1325560535730403,3.5013058542193627,0.0,1.0,0.7831390133932601,1,1,ON,100.0,esp32-irrigation
25.5,65.5,865.0,0.0,0.0,1.1258580336669473,3.4816261739914265,0.0,1.0,0.7814645084167369,1,1,ON,100.0,esp32-irrigation
25.5,65.6,865.0,0.0,0.0,1.1225946770476232,3.4792959609822587,0.0,1.0,0.7806486692619058,1,1,ON,100.0,esp32-irrigation
25.5,65.7,865.0,0.0,0.0,1.1193313204282982,3.47696574797309,0.0,1.0,0.7798328301070745,1,1,ON,100.0,esp32-irrigation
25.5,65.8,865.0,0.0,0.0,1.116067963808974,3.4746355349639217,0.0,1.0,0.7790169909522435,1,1,ON,100.0,esp32-irrigation
25.4,65.8,865.0,0.0,0.0,1.1094624454502677,3.455110451077794,0.0,1.0,0.7773656113625669,1,1,ON,100.0,esp32-irrigation
25.4,65.7,865.0,0.0,0.0,1.112706487688426,3.4574169869069356,0.0,1.0,0.7781766219221065,1,1,ON,100.0,esp32-irrigation
25.4,65.9,865.0,0.0,0.0,1.1062184032121087,3.4528039152486523,0.0,1.0,0.7765546008030272,1,1,ON,100.0,esp32-irrigation
25.4,66.2,865.0,0.0,0.0,1.0964862764976329,3.445884307761227,0.0,1.0,0.7741215691244082,1,1,ON,100.0,esp32-irrigation
25.4,66.3,865.0,0.0,0.0,1.0932422342594745,3.4435777719320857,0.0,1.0,0.7733105585648686,1,1,ON,100.0,esp32-irrigation
25.3,66.3,865.0,0.0,0.0,1.0867668980696443,3.4242525533073405,0.0,1.0,0.7716917245174111,1,1,ON,100.0,esp32-irrigation
25.3,66.2,865.0,0.0,0.0,1.089991725660355,3.426535612289545,0.0,1.0,0.7724979314150888,1,1,ON,100.0,esp32-irrigation
25.3,66.4,865.0,0.0,0.0,1.083542070478933,3.4219694943251358,0.0,1.0,0.7708855176197332,1,1,ON,100.0,esp32-irrigation
25.3,66.6,865.0,0.0,0.0,1.077092415297511,3.4174033763607263,0.0,1.0,0.7692731038243777,1,1,ON,100.0,esp32-irrigation
25.3,66.5,865.0,0.0,0.0,1.0803172428882217,3.4196864353429306,0.0,1.0,0.7700793107220554,1,1,ON,100.0,esp32-irrigation
25.3,66.1,865.0,0.0,0.0,1.0932165532510665,3.4288186712717503,0.0,1.0,0.7733041383127666,1,1,ON,100.0,esp32-irrigation
25.3,66.0,865.0,0.0,0.0,1.0964413808417774,3.4311017302539546,0.0,1.0,0.7741103452104443,1,1,ON,100.0,esp32-irrigation
25.2,66.1,865.0,0.0,0.0,1.0867364503484187,3.4095279075803866,0.0,1.0,0.7716841125871047,1,1,ON,100.0,esp32-irrigation
25.2,66.0,865.0,0.0,0.0,1.089942162591334,3.411787688626572,0.0,1.0,0.7724855406478335,1,1,ON,100.0,esp32-irrigation
25.2,66.2,865.0,0.0,0.0,1.0835307381055026,3.4072681265342006,0.0,1.0,0.7708826845263756,1,1,ON,100.0,esp32-irrigation
25.1,66.2,865.0,0.0,0.0,1.0771031676252976,3.3880813832868486,0.0,1.0,0.7692757919063244,1,1,ON,100.0,esp32-irrigation
25.2,66.3,865.0,0.0,0.0,1.0803250258625874,3.4050083454880156,0.0,1.0,0.7700812564656468,1,1,ON,100.0,esp32-irrigation
25.1,66.1,865.0,0.0,0.0,1.080289863387503,3.390318083894066,0.0,1.0,0.7700724658468758,1,1,ON,100.0,esp32-irrigation
25.1,66.0,865.0,0.0,0.0,1.0834765591497078,3.3925547845012822,0.0,1.0,0.770869139787427,1,1,ON,100.0,esp32-irrigation
25.0,66.2,865.0,0.0,0.0,1.0707088685173143,3.3689749180943154,0.0,1.0,0.7676772171293286,1,1,ON,100.0,esp32-irrigation
25.1,66.3,865.0,0.0,0.0,1.073916471863093,3.385844682679632,0.0,1.0,0.7684791179657733,1,1,ON,100.0,esp32-irrigation
25.0,66.1,865.0,0.0,0.0,1.0738766462348215,3.3711887343540106,0.0,1.0,0.7684691615587054,1,1,ON,100.0,esp32-irrigation
25.0,66.0,865.0,0.0,0.0,1.077044423952328,3.373402550613705,0.0,1.0,0.7692611059880821,1,1,ON,100.0,esp32-irrigation
25.0,65.9,865.0,0.0,0.0,1.0802122016698348,3.3756163668733996,0.0,1.0,0.7700530504174588,1,1,ON,100.0,esp32-irrigation
24.9,66.0,865.0,0.0,0.0,1.0706456109417486,3.354330522456597,0.0,1.0,0.7676614027354371,1,1,ON,100.0,esp32-irrigation
24.8,66.0,865.0,0.0,0.0,1.0642799745664302,3.335338238265305,0.0,1.0,0.7660699936416075,1,1,ON,100.0,esp32-irrigation
24.7,66.0,865.0,0.0,0.0,1.0579473697795256,3.316425239003215,0.0,1.0,0.7644868424448814,1,1,ON,100.0,esp32-irrigation
24.7,66.1,865.0,0.0,0.0,1.0548357598684097,3.3142789131702783,0.0,1.0,0.7637089399671024,1,1,ON,100.0,esp32-irrigation
24.7,65.9,865.0,0.0,0.0,1.061058979690642,3.3185715648361516,0.0,1.0,0.7652647449226605,1,1,ON,100.0,esp32-irrigation
24.6,65.9,865.0,0.0,0.0,1.054740733367187,3.2997152803063323,0.0,1.0,0.7636851833417968,1,1,ON,100.0,esp32-irrigation
24.6,65.8,865.0,0.0,0.0,1.05783381469671,3.3018394922654455,0.0,1.0,0.7644584536741774,1,1,ON,100.0,esp32-irrigation
24.6,65.7,865.0,0.0,0.0,1.0609268960262321,3.3039637042245587,0.0,1.0,0.765231724006558,1,1,ON,100.0,esp32-irrigation
23.9,61.4,865.0,0.0,0.0,1.1448969219185807,3.2587545915672127,0.0,1.0,0.7862242304796452,1,1,ON,100.0,esp32-irrigation
24.0,65.0,865.0,0.0,0.0,1.0443711170079457,3.2061707734210283,0.0,1.0,0.7610927792519864,1,1,ON,100.0,esp32-irrigation
24.1,65.9,865.0,0.0,0.0,1.0236392196210173,3.2066033143286248,0.0,1.0,0.7559098049052544,1,1,ON,100.0,esp32-irrigation
24.2,66.6,865.0,0.0,0.0,1.0086552232975021,3.2108078307047525,0.0,1.0,0.7521638058243756,1,1,ON,100.0,esp32-irrigation
24.2,66.9,865.0,0.0,0.0,0.9995954458427337,3.2046949263165976,0.0,1.0,0.7498988614606834,1,1,ON,100.0,esp32-irrigation
24.2,67.1,865.0,0.0,0.0,0.9935555942062221,3.200619656724495,0.0,1.0,0.7483888985515555,1,1,ON,100.0,esp32-irrigation
24.2,67.2,865.0,0.0,0.0,0.9905356683879657,3.1985820219284427,0.0,1.0,0.7476339170969915,1,1,ON,100.0,esp32-irrigation
24.2,67.3,865.0,0.0,0.0,0.9875157425697101,3.1965443871323918,0.0,1.0,0.7468789356424275,1,1,ON,100.0,esp32-irrigation
24.5,68.0,865.0,52.0,52.0,0.9838876962821087,3.2367895272463674,0.0,0.13333333333333333,0.09946292320940361,1,1,ON,100.0,setup-test
28.97,49.64,865.0,0.0,0.0,2.013764593419757,4.738282523121679,0.24624999999999986,1.0,1.0,1,1,ON,100.0,esp32-irrigation
29.2,49.6,865.0,0.0,0.0,2.042312896133522,4.804126091924447,0.2749999999999999,1.0,1.0,1,1,ON,100.0,esp32-irrigation
29.3,49.5,865.0,0.0,0.0,2.0582028489092967,4.835814049837843,0.2875000000000001,1.0,1.0,1,1,ON,100.0,esp32-irrigation
29.8,49.1,865.0,0.0,0.0,2.135067998956924,4.993898025866281,0.3500000000000001,1.0,1.0,1,1,ON,100.0,esp32-irrigation
30.08,49.16,865.0,0.0,0.0,2.1670924997421417,5.0742810290493665,0.3849999999999998,1.0,1.0,1,1,ON,100.0,esp32-irrigation
30.5,49.0,865.0,0.0,0.0,2.226802453455749,5.206418231054088,0.4375,1.0,1.0,1,1,ON,100.0,esp32-irrigation
30.5,49.4,865.0,0.0,0.0,2.209337336173743,5.191204292542207,0.4375,1.0,1.0,1,1,ON,100.0,esp32-irrigation
30.3,50.1,865.0,0.0,0.0,2.153996066052435,5.104880145140829,0.4125000000000001,1.0,1.0,1,1,ON,100.0,esp32-irrigation
29.88,49.92,865.0,0.0,0.0,2.1103449508039387,4.987958406790045,0.3599999999999999,1.0,1.0,1,1,ON,100.0,esp32-irrigation
26.9,48.6,865.0,0.0,0.0,1.8218610087958438,4.218490130337452,0.0,1.0,0.955465252198961,1,1,ON,100.0,esp32-irrigation
20.3,70.4,865.0,0.0,0.0,0.705089563834264,2.497482960888364,0.0,1.0,0.676272390958566,1,1,ON,100.0,esp32-irrigation
20.48,71.2,865.0,0.0,0.0,0.6936965871031846,2.513937076064321,0.0,1.0,0.6734241467757962,1,1,ON,100.0,esp32-irrigation
21.0,71.1,865.0,0.0,0.0,0.718744559811627,2.5947767825245527,0.0,1.0,0.6796861399529067,1,1,ON,100.0,esp32-irrigation
21.3,70.7,865.0,0.0,0.0,0.7422290595044395,2.6472901999086504,0.0,1.0,0.6855572648761099,1,1,ON,100.0,esp32-irrigation
21.47,70.72,865.0,0.0,0.0,0.7494849014571275,2.67370089986614,0.0,1.0,0.6873712253642819,1,1,ON,100.0,esp32-irrigation
21.8,70.5,865.0,0.0,0.0,0.7705022123241827,2.729500754895434,0.0,1.0,0.6926255530810457,1,1,ON,100.0,esp32-irrigation
29.5,48.0,854.27,42.5,42.5,2.143900444078214,4.944792187102623,0.3125,0.2916666666666667,0.2916666666666667,1,1,ON,100.0,esp32-irrigation
21.7,74.5,865.0,0.0,0.0,0.6619723485261756,2.651141111102365,0.0,1.0,0.6654930871315439,1,1,ON,100.0,esp32-irrigation
21.72,73.83,865.0,0.0,0.0,0.6801958782607064,2.6646665793728386,0.0,1.0,0.6700489695651766,1,1,ON,100.0,esp32-irrigation
21.7,72.6,865.0,0.0,0.0,0.7112957784163613,2.6807794139729912,0.0,1.0,0.6778239446040903,1,1,ON,100.0,esp32-irrigation
27.8,52.0,854.27,48.5,48.5,1.7933447715634587,4.352434370111405,0.10000000000000009,0.19166666666666668,0.18176443697074907,1,1,ON,100.0,esp32-irrigation
21.79,73.66,865.0,0.0,0.0,0.6875471975775467,2.678121043524791,0.0,1.0,0.6718867993943867,1,1,ON,100.0,esp32-irrigation
21.9,74.3,865.0,0.0,0.0,0.6753597229781663,2.684937885083367,0.0,1.0,0.6688399307445416,1,1,ON,100.0,esp32-irrigation
22.0,74.3,865.0,100.0,100.0,0.679490316398118,2.700357529921698,0.0,0.0,0.0,0,0,OFF,0.0,esp32-irrigation
22.2,73.3,865.0,0.0,0.0,0.7145810870641712,2.7478327389780324,0.0,1.0,0.6786452717660428,1,1,ON,100.0,esp32-irrigation
21.76,75.97,865.0,0.0,0.0,0.6261018806172081,2.637219344128788,0.0,1.0,0.656525470154302,1,1,ON,100.0,esp32-irrigation
21.4,77.4,865.0,0.0,0.0,0.5760221552546848,2.561856461128405,0.0,1.0,0.6440055388136712,1,1,ON,100.0,esp32-irrigation
21.57,75.6,865.0,0.0,0.0,0.6284034545667277,2.614444127207774,0.0,1.0,0.657100863641682,1,1,ON,100.0,esp32-irrigation
21.6,75.3,865.0,0.0,0.0,0.6372977233308782,2.6235739138158114,0.0,1.0,0.6593244308327195,1,1,ON,100.0,esp32-irrigation
21.68,75.39,865.0,0.0,0.0,0.6380880261759713,2.6342392345871564,0.0,1.0,0.6595220065439928,1,1,ON,100.0,esp32-irrigation
21.8,77.1,865.0,0.0,0.0,0.5981186665160606,2.625414749333476,0.0,1.0,0.6495296666290151,1,1,ON,100.0,esp32-irrigation
21.84,78.07,865.0,0.0,0.0,0.5741836409820937,2.615996702273045,0.0,1.0,0.6435459102455234,1,1,ON,100.0,esp32-irrigation
21.9,79.2,865.0,0.0,0.0,0.5465946396087882,2.6068140099056683,0.0,1.0,0.636648659902197,1,1,ON,100.0,esp32-irrigation
22.14,77.11,865.0,0.0,0.0,0.610379406942098,2.676050153888681,0.0,1.0,0.6525948517355245,1,1,ON,100.0,esp32-irrigation
22.5,72.5,865.0,0.0,0.0,0.7495365918165013,2.8089059179701046,0.0,1.0,0.6873841479541254,1,1,ON,100.0,esp32-irrigation
22.2,74.47,865.0,0.0,0.0,0.6832679832489995,2.7285603436190025,0.0,1.0,0.6708169958122498,1,1,ON,100.0,esp32-irrigation
21.9,73.8,865.0,0.0,0.0,0.6884990171995314,2.6929097090810914,0.0,1.0,0.6721247542998828,1,1,ON,100.0,esp32-irrigation
22.2,72.4,865.0,0.0,0.0,0.7386680899989183,2.7626576584849776,0.0,1.0,0.6846670224997295,1,1,ON,100.0,esp32-irrigation
22.3,71.7,865.0,0.0,0.0,0.7620240685093684,2.7902384025276636,0.0,1.0,0.690506017127342,1,1,ON,100.0,esp32-irrigation
29.59,48.15,854.33,57.65,57.65,2.14881782280047,4.965892055108843,0.32375,0.03916666666666669,0.03916666666666669,1,1,ON,100.0,esp32-simulated
25.8,51.9,853.98,60.6,60.6,1.59783511613555,3.8676525361874616,0.0,0.0,0.0,1,1,ON,100.0,esp32-simulated
25.9,56.0,855.26,64.6,64.6,1.4703128946650834,3.791411765078757,0.0,0.0,0.0,0,0,OFF,0.0,esp32-simulated
27.6,60.9,854.65,65.9,65.9,1.4438777464742911,4.045528050429821,0.07500000000000018,0.0,0.0,0,0,OFF,0.0,esp32-simulated
29.72,48.12,854.35,57.75,57.75,2.1661947568673563,5.005141923487759,0.33999999999999986,0.0375,0.0375,1,1,ON,100.0,esp32-simulated
29.62,47.7,854.41,61.21,61.21,2.171211066526986,4.990427134203995,0.3275000000000001,0.0,0.0,1,1,ON,100.0,esp32-simulated
29.74,47.21,854.49,64.46,64.46,2.206725969938432,5.043248649460294,0.3424999999999998,0.0,0.0,0,0,OFF,0.0,esp32-simulated
29.8,47.45,854.47,64.56,64.56,2.20427943703706,5.052628844959114,0.3500000000000001,0.0,0.0,0,0,OFF,0.0,esp32-simulated
29.51,47.68,854.56,64.62,64.62,2.1583358908750467,4.958791291444359,0.3137500000000002,0.0,0.0,0,0,OFF,0.0,esp32-simulated
29.76,47.91,854.48,64.37,64.37,2.179968598647772,5.024395325750419,0.3450000000000002,0.0,0.0,0,0,OFF,0.0,esp32-simulated
29.79,47.6,854.39,63.98,63.98,2.1967251984177447,5.044311833093385,0.3487499999999999,0.0,0.0,0,1,ON,100.0,esp32-simulated
29.91,47.13,854.35,63.86,63.86,2.2317540521262416,5.0970544783260125,0.36375,0.0,0.0,1,1,ON,100.0,esp32-simulated
29.72,47.36,854.42,67.44,67.44,2.1979277563896997,5.0319882618512715,0.33999999999999986,0.0,0.0,0,0,OFF,0.0,esp32-simulated
29.72,47.3,854.35,67.45,67.45,2.200432993194095,5.034107709616812,0.33999999999999986,0.0,0.0,0,0,OFF,0.0,esp32-simulated
29.47,47.68,854.27,67.35,67.35,2.1533707680722443,4.94707882803945,0.30874999999999986,0.0,0.0,0,0,OFF,0.0,esp32-simulated
29.45,47.65,854.18,67.34,67.34,2.152125244031036,4.942264489987573,0.3062499999999999,0.0,0.0,0,0,OFF,0.0,esp32-simulated
29.73,47.84,854.23,67.11,67.11,2.1791379825455124,5.017991555619379,0.34125000000000005,0.0,0.0,0,0,OFF,0.0,esp32-simulated
29.97,47.63,854.16,66.77,66.77,2.2182724022662264,5.097067084285633,0.37124999999999986,0.0,0.0,0,0,OFF,0.0,esp32-simulated
30.09,48.06,854.2,66.5,66.5,2.215250257380714,5.1174982045069575,0.38625,0.0,0.0,0,0,OFF,0.0,esp32-simulated
30.06,48.32,854.22,66.18,66.18,2.2003738238772796,5.09899437454931,0.38249999999999984,0.0,0.0,0,0,OFF,0.0,esp32-simulated
30.16,48.59,854.29,66.03,66.03,2.201458665560865,5.119073492471198,0.395,0.0,0.0,0,0,OFF,0.0,esp32-simulated
30.32,48.89,854.27,65.68,65.68,2.208753703417449,5.156069371971662,0.41500000000000004,0.0,0.0,0,0,OFF,0.0,esp32-simulated
30.32,48.44,854.31,65.56,65.56,2.228200762046638,5.172896780581517,0.41500000000000004,0.0,0.0,0,0,OFF,0.0,esp32-simulated
30.14,48.59,854.26,65.24,65.24,2.1989375276402563,5.113074984712024,0.39250000000000007,0.0,0.0,0,0,OFF,0.0,esp32-simulated
30.34,48.96,854.32,65.23,65.23,2.2082541269120632,5.1594807511653995,0.4175,0.0,0.0,0,0,OFF,0.0,esp32-simulated
30.59,48.91,854.22,64.92,64.92,2.242230303462738,5.237294035850855,0.44875,0.0,0.0,0,0,OFF,0.0,esp32-simulated
30.81,49.4,854.25,64.78,64.78,2.248777444938921,5.285758538532527,0.47624999999999984,0.0,0.0,0,1,ON,100.0,esp32-simulated
31.04,49.64,854.23,64.44,64.44,2.2676267437158377,5.347303787550707,0.5049999999999999,0.0,0.0,0,1,ON,100.0,esp32-simulated
30.79,49.39,854.29,64.16,64.16,2.24665849824255,5.280002892691048,0.4737499999999999,0.0,0.0,0,1,ON,100.0,esp32-simulated
30.98,49.22,854.29,64.22,64.22,2.278742052980012,5.3454257947191985,0.49750000000000005,0.0,0.0,1,1,ON,100.0,esp32-simulated
30.69,49.21,854.33,67.77,67.77,2.2418247412912726,5.256332506718582,0.46125000000000016,0.0,0.0,0,0,OFF,0.0,esp32-simulated
30.49,48.86,854.24,67.57,67.57,2.2316395893102965,5.20869897994651,0.4362499999999998,0.0,0.0,0,0,OFF,0.0,esp32-simulated
30.52,48.83,854.21,67.64,67.64,2.236779838268035,5.218979339066452,0.43999999999999995,0.0,0.0,0,0,OFF,0.0,esp32-simulated
30.6,49.18,854.21,67.74,67.74,2.2316545673214754,5.22998573453414,0.4500000000000002,0.0,0.0,0,0,OFF,0.0,esp32-simulated
30.58,48.78,854.15,67.71,67.71,2.2466523502763445,5.239219287984013,0.4474999999999998,0.0,0.0,0,0,OFF,0.0,esp32-simulated
30.37,48.98,854.11,67.48,67.48,2.2111803332133033,5.1677845852111135,0.4212500000000001,0.0,0.0,0,0,OFF,0.0,esp32-simulated
30.36,48.49,854.19,67.38,67.38,2.2311400698638417,5.183157845694617,0.41999999999999993,0.0,0.0,0,0,OFF,0.0,esp32-simulated
30.09,48.0,854.19,67.27,67.27,2.2178092680746464,5.119693541176246,0.38625,0.0,0.0,0,0,OFF,0.0,esp32-simulated
30.14,47.57,854.23,66.87,66.87,2.2425655431662834,5.150572994025838,0.39250000000000007,0.0,0.0,0,0,OFF,0.0,esp32-simulated
29.91,47.64,854.27,66.56,66.56,2.210225877989976,5.078710314484567,0.36375,0.0,0.0,0,0,OFF,0.0,esp32-simulated
30.08,47.95,854.27,66.4,66.4,2.2186696422419057,5.118511690599871,0.3849999999999998,0.0,0.0,0,0,OFF,0.0,esp32-simulated
29.9,48.17,854.21,66.14,66.14,2.186598025921677,5.056671211879563,0.3624999999999998,0.0,0.0,0,0,OFF,0.0,esp32-simulated
30.0,48.27,854.21,65.81,65.81,2.1949375548960375,5.082869049408236,0.375,0.0,0.0,0,0,OFF,0.0,esp32-simulated
30.05,48.5,854.18,65.56,65.56,2.191453171632825,5.089439530383762,0.3812500000000001,0.0,0.0,0,0,OFF,0.0,esp32-simulated
29.87,48.64,854.18,65.32,65.32,2.1630412902007063,5.030912625602457,0.3587500000000001,0.0,0.0,0,0,OFF,0.0,esp32-simulated
30.12,49.0,854.08,65.36,65.36,2.1789022354702885,5.092038541565555,0.3900000000000001,0.0,0.0,0,0,OFF,0.0,esp32-simulated
29.9,49.44,854.01,64.99,64.99,2.133019413285742,5.011034059607237,0.3624999999999998,0.0,0.0,0,0,OFF,0.0,esp32-simulated
29.75,49.32,853.98,64.99,64.99,2.1197416236842286,4.971484514148986,0.34375,0.0,0.0,0,0,OFF,0.0,esp32-simulated
29.94,49.57,853.96,64.75,64.75,2.13242474740828,5.0180824486076885,0.36750000000000016,0.0,0.0,0,0,OFF,0.0,esp32-simulated
29.72,49.1,853.9,64.74,64.74,2.1252758890622285,4.970524276650599,0.33999999999999986,0.0,0.0,0,0,OFF,0.0,esp32-simulated
29.87,48.94,853.82,64.68,64.68,2.1504067032252343,5.0201629115357695,0.3587500000000001,0.0,0.0,0,0,OFF,0.0,esp32-simulated
29.95,48.95,853.86,64.54,64.54,2.159880364869068,5.043401910600256,0.3687499999999999,0.0,0.0,0,0,OFF,0.0,esp32-simulated
29.76,49.28,853.91,64.44,64.44,2.122634043452006,4.975816405586276,0.3450000000000002,0.0,0.0,0,0,OFF,0.0,esp32-simulated
30.05,49.34,853.92,64.21,64.21,2.1557090810663864,5.0588211980917555,0.3812500000000001,0.0,0.0,0,0,OFF,0.0,esp32-simulated
29.75,48.98,853.96,64.17,64.17,2.13396246330642,4.983529113126674,0.34375,0.0,0.0,0,0,OFF,0.0,esp32-simulated
29.93,49.17,853.88,63.9,63.9,2.148105627105462,5.029565155674119,0.36624999999999996,0.0,0.0,0,1,ON,100.0,esp32-simulated
30.2,49.48,853.94,63.74,63.74,2.1683098330627852,5.098184006264499,0.3999999999999999,0.0,0.0,0,1,ON,100.0,esp32-simulated
29.95,49.85,854.0,63.57,63.57,2.121802160591259,5.010906550905918,0.3687499999999999,0.0,0.0,1,1,ON,100.0,esp32-simulated
29.9,50.05,853.97,66.72,66.72,2.1072848040669068,4.989113852610292,0.3624999999999998,0.0,0.0,0,0,OFF,0.0,esp32-simulated
30.04,49.88,853.97,66.41,66.41,2.131508212919495,5.036199700405295,0.3799999999999999,0.0,0.0,0,0,OFF,0.0,esp32-simulated
29.91,49.76,853.89,66.1,66.1,2.120736212952948,5.002456143222086,0.36375,0.0,0.0,0,0,OFF,0.0,esp32-simulated
29.65,49.49,853.84,65.78,65.78,2.1005212204678374,4.936466844388756,0.3312499999999998,0.0,0.0,0,0,OFF,0.0,esp32-simulated
29.78,49.94,853.93,65.82,65.82,2.0974218467964585,4.958203074421234,0.34750000000000014,0.0,0.0,0,0,OFF,0.0,esp32-simulated
29.83,49.83,853.88,65.9,65.9,2.108076515690099,4.9766299405638925,0.3537499999999998,0.0,0.0,0,0,OFF,0.0,esp32-simulated
30.1,50.3,853.88,65.82,65.82,2.1209291629567555,5.038470283210246,0.3875000000000002,0.0,0.0,0,0,OFF,0.0,esp32-simulated
30.18,50.23,853.82,65.86,65.86,2.133674380184587,5.064558486848116,0.39749999999999996,0.0,0.0,0,0,OFF,0.0,esp32-simulated
30.24,49.95,853.91,65.71,65.71,2.1530635434873777,5.092657277242316,0.4049999999999998,0.0,0.0,0,0,OFF,0.0,esp32-simulated
30.02,49.75,853.88,65.49,65.49,2.134587307842318,5.035052767897574,0.37749999999999995,0.0,0.0,0,0,OFF,0.0,esp32-simulated
30.15,49.37,853.98,65.26,65.26,2.1668160617417316,5.087371328634385,0.3937499999999998,0.0,0.0,0,0,OFF,0.0,esp32-simulated
29.89,49.57,854.05,65.14,65.14,2.1263140731992234,5.003436350983829,0.36125000000000007,0.0,0.0,0,0,OFF,0.0,esp32-simulated
29.61,49.74,854.13,65.18,65.18,2.0853214888667546,4.916171749263619,0.32624999999999993,0.0,0.0,0,0,OFF,0.0,esp32-simulated
29.68,49.98,854.14,65.08,65.08,2.083735417908218,4.927906814310713,0.33499999999999996,0.0,0.0,0,0,OFF,0.0,esp32-simulated
29.63,50.42,854.14,64.84,64.84,2.0594757351491397,4.898115168459465,0.3287499999999999,0.0,0.0,0,0,OFF,0.0,esp32-simulated
29.59,50.32,854.11,64.86,64.86,2.0588865850863525,4.890183865385732,0.32375,0.0,0.0,0,0,OFF,0.0,esp32-simulated
29.42,50.1,854.14,64.51,64.51,2.04786313182201,4.849404104845772,0.3025000000000002,0.0,0.0,0,0,OFF,0.0,esp32-simulated
29.15,50.56,854.1,64.3,64.3,1.9976388400146556,4.757923411971072,0.2687499999999998,0.0,0.0,0,0,OFF,0.0,esp32-simulated
29.28,50.09,854.19,63.9,63.9,2.0318119317532237,4.810154780784445,0.28500000000000014,0.0,0.0,0,0,OFF,0.0,esp32-simulated
29.34,50.41,854.27,63.8,63.8,2.025780566154116,4.8161878525188975,0.2925,0.0,0.0,0,0,OFF,0.0,esp32-simulated
29.36,50.09,854.26,63.49,63.49,2.041204405958447,4.832744285658413,0.29499999999999993,0.0,0.0,1,1,ON,100.0,esp32-simulated
29.13,50.57,854.16,67.05,67.05,1.994930165103867,4.752024272073152,0.2662499999999999,0.0,0.0,0,0,OFF,0.0,esp32-simulated
29.41,50.98,854.14,67.14,67.14,2.0105898840717766,4.8163891571210184,0.30125,0.0,0.0,0,0,OFF,0.0,esp32-simulated
29.25,51.32,854.05,67.01,67.01,1.9783133175628063,4.760169607258009,0.28125,0.0,0.0,0,0,OFF,0.0,esp32-simulated
29.4,51.11,853.95,67.09,67.09,2.004102866559696,4.80912854097587,0.2999999999999998,0.0,0.0,0,0,OFF,0.0,esp32-simulated
29.59,51.57,853.95,66.83,66.83,2.007082876725685,4.846573157019885,0.32375,0.0,0.0,0,0,OFF,0.0,esp32-simulated
29.62,51.35,853.95,66.61,66.61,2.019682951941451,4.862718460061771,0.3275000000000001,0.0,0.0,0,0,OFF,0.0,esp32-simulated
29.65,50.94,853.98,66.4,66.4,2.04022116563358,4.885587749999225,0.3312499999999998,0.0,0.0,0,0,OFF,0.0,esp32-simulated
29.68,50.69,854.01,66.03,66.03,2.054158205858741,4.902922180218549,0.33499999999999996,0.0,0.0,0,0,OFF,0.0,esp32-simulated
29.86,51.18,854.01,65.77,65.77,2.054888285767852,4.937031586963665,0.35749999999999993,0.0,0.0,0,0,OFF,0.0,esp32-simulated
29.96,51.44,854.06,65.53,65.53,2.0557098342032836,4.956369191977353,0.3700000000000001,0.0,0.0,0,0,OFF,0.0,esp32-simulated
29.74,51.43,854.04,65.5,65.5,2.0303216586457595,4.893896335928413,0.3424999999999998,0.0,0.0,0,0,OFF,0.0,esp32-simulated
29.73,51.45,854.0,65.46,65.46,2.028319575394644,4.890349814822834,0.34125000000000005,0.0,0.0,0,0,OFF,0.0,esp32-simulated
30.01,51.18,853.94,65.2,65.2,2.0726528035153446,4.980187980837038,0.3762500000000002,0.0,0.0,0,0,OFF,0.0,esp32-simulated
30.0,51.17,853.93,65.05,65.05,2.071888668192026,4.977663339168795,0.375,0.0,0.0,0,0,OFF,0.0,esp32-simulated
30.1,51.04,853.94,65.14,65.14,2.089349935983154,5.011368781513178,0.3875000000000002,0.0,0.0,0,0,OFF,0.0,esp32-simulated
30.31,51.44,853.94,64.97,64.97,2.097353196659973,5.057789520262804,0.41374999999999984,0.0,0.0,0,0,OFF,0.0,esp32-simulated
30.4,51.53,853.93,64.9,64.9,2.1042720420748906,5.080773443475343,0.4249999999999998,0.0,0.0,0,0,OFF,0.0,esp32-simulated
30.62,51.57,853.86,64.8,64.8,2.129132637883465,5.144151334655866,0.4525000000000001,0.0,0.0,0,0,OFF,0.0,esp32-simulated
30.37,51.89,853.95,64.45,64.45,2.0850624427850257,5.058452195710446,0.4212500000000001,0.0,0.0,0,0,OFF,0.0,esp32-simulated
30.08,51.46,854.03,64.51,64.51,2.0690533032549876,4.990206217837662,0.3849999999999998,0.0,0.0,0,0,OFF,0.0,esp32-simulated
30.3,51.42,854.01,64.59,64.59,2.097016610998543,5.05561295635355,0.4125000000000001,0.0,0.0,0,0,OFF,0.0,esp32-simulated
30.32,51.69,853.95,64.56,64.56,2.08774978305805,5.0513654961770005,0.41500000000000004,0.0,0.0,0,0,OFF,0.0,esp32-simulated
30.34,51.34,854.04,64.48,64.48,2.1052830293013516,5.070314128740018,0.4175,0.0,0.0,0,0,OFF,0.0,esp32-simulated
30.31,50.92,854.07,64.15,64.15,2.1198124977774193,5.077216158949369,0.41374999999999984,0.0,0.0,0,1,ON,100.0,esp32-simulated
30.32,51.03,853.98,64.04,64.04,2.1162721357141945,5.076045695471457,0.41500000000000004,0.0,0.0,0,1,ON,100.0,esp32-simulated
30.03,50.67,854.01,63.71,63.71,2.0967083616380213,5.004521718225545,0.37875000000000014,0.0,0.0,0,1,ON,100.0,esp32-simulated
30.1,50.37,853.91,63.51,63.51,2.1179419387835776,5.035906627644308,0.3875000000000002,0.0,0.0,1,1,ON,100.0,esp32-simulated
30.37,49.91,853.83,66.91,66.91,2.170874615653751,5.132843306092344,0.4212500000000001,0.0,0.0,0,0,OFF,0.0,esp32-simulated
30.18,50.14,853.89,66.6,66.6,2.137532742535735,5.067879694061189,0.39749999999999996,0.0,0.0,0,0,OFF,0.0,esp32-simulated
30.47,50.22,853.86,66.23,66.23,2.1698105031424815,5.151034168883316,0.43374999999999986,0.0,0.0,0,0,OFF,0.0,esp32-simulated
30.65,50.52,853.85,65.98,65.98,2.179022456565777,5.193560749755241,0.4562499999999998,0.0,0.0,0,0,OFF,0.0,esp32-simulated
30.6,50.66,853.9,65.74,65.74,2.166663446510067,5.173161551377196,0.4500000000000002,0.0,0.0,0,0,OFF,0.0,esp32-simulated
30.66,50.42,853.88,65.66,65.66,2.1846729063706443,5.200431407110001,0.4575,0.0,0.0,0,0,OFF,0.0,esp32-simulated
30.53,50.92,853.95,65.7,65.7,2.1466463507584366,5.142311478993204,0.44125000000000014,0.0,0.0,0,0,OFF,0.0,esp32-simulated
30.77,50.45,853.95,65.47,65.47,2.19709621582932,5.232508184801976,0.47124999999999995,0.0,0.0,0,0,OFF,0.0,esp32-simulated
30.69,50.19,853.89,65.11,65.11,2.1985684261413327,5.218385873554126,0.46125000000000016,0.0,0.0,0,0,OFF,0.0,esp32-simulated
30.55,49.82,853.95,64.81,64.81,2.1972668404017113,5.190301786801385,0.4437500000000001,0.0,0.0,0,0,OFF,0.0,esp32-simulated
30.38,49.4,853.96,64.66,64.66,2.1942324308339924,5.155010606154492,0.4224999999999999,0.0,0.0,0,0,OFF,0.0,esp32-simulated
30.56,49.2,854.02,64.71,64.71,2.225686170906929,5.217036177182934,0.44499999999999984,0.0,0.0,0,0,OFF,0.0,esp32-simulated
30.78,49.65,853.98,64.81,64.81,2.233842531626318,5.266778747244975,0.47250000000000014,0.0,0.0,0,0,OFF,0.0,esp32-simulated
30.56,49.81,853.92,64.84,64.84,2.198960411768086,5.193703417010748,0.44499999999999984,0.0,0.0,0,0,OFF,0.0,esp32-simulated
30.61,49.95,853.82,64.64,64.64,2.1990969230803326,5.2034440824310835,0.45124999999999993,0.0,0.0,0,0,OFF,0.0,esp32-simulated
30.55,50.07,853.87,64.36,64.36,2.186319915130678,5.180748180528291,0.4437500000000001,0.0,0.0,0,1,ON,100.0,esp32-simulated
30.36,49.93,853.84,64.42,64.42,2.1687669054180265,5.129106284807916,0.41999999999999993,0.0,0.0,0,0,OFF,0.0,esp32-simulated
30.08,50.21,853.75,64.22,64.22,2.122335475258876,5.035899050017937,0.3849999999999998,0.0,0.0,0,0,OFF,0.0,esp32-simulated
29.89,50.69,853.79,64.04,64.04,2.0790907584662643,4.9632276680227765,0.36125000000000007,0.0,0.0,0,0,OFF,0.0,esp32-simulated
29.78,50.6,853.83,63.65,63.65,2.069769061760788,4.934755454705668,0.34750000000000014,0.0,0.0,1,1,ON,100.0,esp32-simulated
29.94,50.97,853.86,67.08,67.08,2.0732259640180044,4.967582121163542,0.36750000000000016,0.0,0.0,0,0,OFF,0.0,esp32-simulated
29.96,50.75,853.85,66.96,66.96,2.0849198792115264,4.981305982018462,0.3700000000000001,0.0,0.0,0,0,OFF,0.0,esp32-simulated
29.87,50.5,853.81,66.73,66.73,2.0847068509527835,4.964264398388998,0.3587500000000001,0.0,0.0,0,0,OFF,0.0,esp32-simulated
29.86,50.28,853.84,66.75,66.75,2.0927702902166656,4.969250062726555,0.35749999999999993,0.0,0.0,0,0,OFF,0.0,esp32-simulated
29.7,50.01,853.8,66.8,66.8,2.0848815386051363,4.932612253894451,0.3374999999999999,0.0,0.0,0,0,OFF,0.0,esp32-simulated
29.75,49.82,853.79,66.9,66.9,2.0988286242398306,4.953771868593563,0.34375,0.0,0.0,0,0,OFF,0.0,esp32-simulated
30.04,49.46,853.84,66.64,66.64,2.1493700135864184,5.051494347953327,0.3799999999999999,0.0,0.0,0,0,OFF,0.0,esp32-simulated
29.96,49.02,853.85,66.31,66.31,2.1581566587249466,5.0438286584983425,0.3700000000000001,0.0,0.0,0,0,OFF,0.0,esp32-simulated
30.04,48.65,853.84,66.1,66.1,2.1838177720154848,5.080991168224531,0.3799999999999999,0.0,0.0,0,0,OFF,0.0,esp32-simulated
29.88,48.88,853.8,65.97,65.97,2.154170005692839,5.025259547387773,0.3599999999999999,0.0,0.0,0,0,OFF,0.0,esp32-simulated
29.94,48.59,853.84,66.07,66.07,2.173863895781473,5.053432677818591,0.36750000000000016,0.0,0.0,0,0,OFF,0.0,esp32-simulated
29.68,48.38,853.91,66.16,66.16,2.1503882901323914,4.984210215081784,0.33499999999999996,0.0,0.0,0,0,OFF,0.0,esp32-simulated
29.88,48.48,853.86,66.0,66.0,2.1710257960347237,5.039606139925361,0.3599999999999999,0.0,0.0,0,0,OFF,0.0,esp32-simulated
29.59,48.02,853.94,65.96,65.96,2.1542054084699798,4.9704275687788915,0.32375,0.0,0.0,0,0,OFF,0.0,esp32-simulated
29.57,48.06,853.9,65.83,65.83,2.150072030177356,4.963173537613746,0.32125000000000004,0.0,0.0,0,0,OFF,0.0,esp32-simulated
29.37,48.52,853.81,65.9,65.9,2.106627527219486,4.8892084517648975,0.2962500000000001,0.0,0.0,0,0,OFF,0.0,esp32-simulated
29.46,48.4,853.77,65.57,65.57,2.122514558611248,4.919345105458469,0.3075000000000001,0.0,0.0,0,0,OFF,0.0,esp32-simulated
29.21,48.44,853.85,65.38,65.38,2.090524404886554,4.8459728046398745,0.2762500000000001,0.0,0.0,0,0,OFF,0.0,esp32-simulated
29.46,48.04,853.92,65.15,65.15,2.137322799717839,4.931749816878271,0.3075000000000001,0.0,0.0,0,0,OFF,0.0,esp32-simulated
29.48,47.61,853.86,64.78,64.78,2.1574938147992184,4.952421301911619,0.31000000000000005,0.0,0.0,0,0,OFF,0.0,esp32-simulated
29.75,48.08,853.91,64.86,64.86,2.171605862306337,5.015411875126436,0.34375,0.0,0.0,0,0,OFF,0.0,esp32-simulated
29.96,48.55,853.83,64.83,64.83,2.1780533560494013,5.060814587946633,0.3700000000000001,0.0,0.0,0,0,OFF,0.0,esp32-simulated
30.13,48.44,853.82,64.75,64.75,2.2040901097499925,5.115587267408532,0.3912499999999999,0.0,0.0,0,0,OFF,0.0,esp32-simulated
29.84,48.77,853.92,64.68,64.68,2.1538528757354545,5.017412280267015,0.355,0.0,0.0,0,0,OFF,0.0,esp32-simulated
29.59,49.08,854.02,64.53,64.53,2.1102758637801347,4.933445688084653,0.32375,0.0,0.0,0,0,OFF,0.0,esp32-simulated
29.45,49.15,853.95,64.28,64.28,2.0904597642593727,4.890627647607491,0.3062499999999999,0.0,0.0,0,0,OFF,0.0,esp32-simulated
29.67,49.35,853.96,64.21,64.21,2.1087671495258675,4.947175789532763,0.3337500000000002,0.0,0.0,0,0,OFF,0.0,esp32-simulated
29.61,48.97,853.98,64.05,64.05,2.117269311119588,4.943087315357028,0.32624999999999993,0.0,0.0,0,0,OFF,0.0,esp32-simulated
29.72,49.4,853.88,64.09,64.09,2.1127497050402506,4.9599270378228955,0.33999999999999986,0.0,0.0,0,0,OFF,0.0,esp32-simulated
29.72,49.67,853.87,63.72,63.72,2.1014761394204706,4.950389522877964,0.33999999999999986,0.0,0.0,0,1,ON,100.0,esp32-simulated
29.72,49.7,853.77,63.62,63.62,2.1002235210182727,4.949329798995193,0.33999999999999986,0.0,0.0,1,1,ON,100.0,esp32-simulated
29.43,49.44,853.68,66.74,66.74,2.076144722594631,4.874919459246188,0.30374999999999996,0.0,0.0,0,0,OFF,0.0,esp32-simulated
29.55,49.33,853.77,66.55,66.55,2.0950872852581255,4.9131817134272335,0.3187500000000001,0.0,0.0,0,0,OFF,0.0,esp32-simulated
29.71,48.95,853.78,66.52,66.52,2.130314118891012,4.972902934575392,0.3387500000000001,0.0,0.0,0,0,OFF,0.0,esp32-simulated
29.93,48.51,853.68,66.29,66.29,2.17599761439426,5.053349837783837,0.36624999999999996,0.0,0.0,0,0,OFF,0.0,esp32-simulated
29.86,48.36,853.59,66.34,66.34,2.1735852330408005,5.037982811020718,0.35749999999999993,0.0,0.0,0,0,OFF,0.0,esp32-simulated
29.62,48.8,853.52,66.21,66.21,2.12554505939162,4.951939588572092,0.3275000000000001,0.0,0.0,0,0,OFF,0.0,esp32-simulated
29.74,48.87,853.5,66.31,66.31,2.137334700567381,4.9844986872652886,0.3424999999999998,0.0,0.0,0,0,OFF,0.0,esp32-simulated
29.95,49.18,853.42,66.37,66.37,2.1501492682202947,5.035097540900592,0.3687499999999999,0.0,0.0,0,0,OFF,0.0,esp32-simulated
29.99,49.66,853.51,66.04,66.04,2.1347341179183266,5.029504589442742,0.3737499999999998,0.0,0.0,0,0,OFF,0.0,esp32-simulated
29.84,50.12,853.48,65.97,65.97,2.0970950896288207,4.969176455457997,0.355,0.0,0.0,0,0,OFF,0.0,esp32-simulated
29.65,50.5,853.43,65.67,65.67,2.0585191133074234,4.901026923469152,0.3312499999999998,0.0,0.0,0,0,OFF,0.0,esp32-simulated
29.69,50.1,853.36,65.54,65.54,2.0799319278655357,4.926560859102292,0.33625000000000016,0.0,0.0,0,0,OFF,0.0,esp32-simulated
29.81,50.03,853.43,65.31,65.31,2.09726226939276,4.9636922034777,0.35124999999999984,0.0,0.0,0,0,OFF,0.0,esp32-simulated
29.87,49.84,853.42,65.3,65.3,2.112502942298821,4.98791376933571,0.3587500000000001,0.0,0.0,0,0,OFF,0.0,esp32-simulated
29.62,50.32,853.47,65.12,65.12,2.0624429404409312,4.898756798244372,0.3275000000000001,0.0,0.0,0,0,OFF,0.0,esp32-simulated
29.5,50.35,853.46,64.75,64.75,2.0470126355477563,4.863506443783314,0.3125,0.0,0.0,0,0,OFF,0.0,esp32-simulated
29.5,50.7,853.51,64.47,64.47,2.0325825364049224,4.851400056480439,0.3125,0.0,0.0,0,0,OFF,0.0,esp32-simulated
29.39,50.56,853.6,64.29,64.29,2.0254811276342948,4.825152449742164,0.29875000000000007,0.0,0.0,0,0,OFF,0.0,esp32-simulated
29.48,50.79,853.62,64.21,64.21,2.02653694648348,4.842636407570508,0.31000000000000005,0.0,0.0,0,0,OFF,0.0,esp32-simulated
29.61,50.74,853.65,63.94,63.94,2.043830810616322,4.8812164686228305,0.32624999999999993,0.0,0.0,0,0,OFF,0.0,esp32-simulated
29.32,51.0,853.68,63.87,63.87,1.9993722594841103,4.790499441366388,0.29000000000000004,0.0,0.0,0,0,OFF,0.0,esp32-simulated
29.27,50.81,853.65,63.76,63.76,2.0013465675402515,4.782975956759174,0.28374999999999995,0.0,0.0,0,0,OFF,0.0,esp32-simulated
29.44,50.64,853.58,63.41,63.41,2.0280369691343467,4.836511312383945,0.30500000000000016,0.0,0.0,1,1,ON,100.0,esp32-simulated
29.38,50.61,853.66,66.76,66.76,2.022267085364596,4.820625015091286,0.2974999999999999,0.0,0.0,0,0,OFF,0.0,esp32-simulated
29.54,51.05,853.58,66.83,66.83,2.0228047335954873,4.85057770904794,0.3174999999999999,0.0,0.0,0,0,OFF,0.0,esp32-simulated
29.5,50.76,853.57,66.5,66.5,2.030108805123294,4.849324675799946,0.3125,0.0,0.0,0,0,OFF,0.0,esp32-simulated
29.71,50.56,853.5,66.2,66.2,2.0631288939857324,4.916085289235965,0.3387500000000001,0.0,0.0,0,0,OFF,0.0,esp32-simulated
29.55,50.29,853.45,66.18,66.18,2.055393506022921,4.879816471685319,0.3187500000000001,0.0,0.0,0,0,OFF,0.0,esp32-simulated
29.62,49.87,853.53,66.2,66.2,2.0811244888144906,4.914501703275604,0.3275000000000001,0.0,0.0,0,0,OFF,0.0,esp32-simulated
29.79,49.48,853.59,65.85,65.85,2.117911393589017,4.977457994208339,0.3487499999999999,0.0,0.0,0,0,OFF,0.0,esp32-simulated
29.8,49.43,853.6,65.51,65.51,2.1212257113408968,4.982151862047715,0.3500000000000001,0.0,0.0,0,0,OFF,0.0,esp32-simulated
29.92,49.16,853.64,65.32,65.32,2.1472955472826785,5.026980757364813,0.3650000000000002,0.0,0.0,0,0,OFF,0.0,esp32-simulated
30.11,48.77,853.58,65.36,65.36,2.187474690529444,5.097490439326108,0.38874999999999993,0.0,0.0,0,0,OFF,0.0,esp32-simulated
29.86,49.18,853.54,64.99,64.99,2.1390705178763265,5.008628199770086,0.35749999999999993,0.0,0.0,0,0,OFF,0.0,esp32-simulated
29.97,48.95,853.58,64.7,64.7,2.1623602470057444,5.04931658179827,0.37124999999999986,0.0,0.0,0,0,OFF,0.0,esp32-simulated
29.99,49.4,853.63,64.33,64.33,2.145759760958826,5.0389278736833845,0.3737499999999998,0.0,0.0,0,0,OFF,0.0,esp32-simulated
29.82,49.66,853.62,64.33,64.33,2.1140052051092577,4.979785744939394,0.35250000000000004,0.0,0.0,0,0,OFF,0.0,esp32-simulated
29.6,49.5,853.53,64.26,64.26,2.0940742333106277,4.921676008917068,0.3250000000000002,0.0,0.0,0,0,OFF,0.0,esp32-simulated
29.59,49.9,853.59,63.87,63.87,2.0762926310955363,4.904837063396657,0.32375,0.0,0.0,0,0,OFF,0.0,esp32-simulated
29.35,49.89,853.53,63.73,63.73,2.04820311290384,4.836734789071451,0.2937500000000002,0.0,0.0,0,1,ON,100.0,esp32-simulated
29.57,49.58,853.62,63.46,63.46,2.087151169841014,4.910244158550584,0.32125000000000004,0.0,0.0,1,1,ON,100.0,esp32-simulated
29.71,49.59,853.71,66.65,66.65,2.1036069487423297,4.950317038291396,0.3387500000000001,0.0,0.0,0,0,OFF,0.0,esp32-simulated
29.85,49.8,853.71,66.52,66.52,2.111761103734185,4.98352093940569,0.3562500000000002,0.0,0.0,0,0,OFF,0.0,esp32-simulated
30.09,49.75,853.77,66.52,66.52,2.1431714561682877,5.055662888321988,0.38625,0.0,0.0,0,0,OFF,0.0,esp32-simulated
30.19,50.09,853.87,66.56,66.56,2.140902201512024,5.072677110098874,0.39875000000000016,0.0,0.0,0,0,OFF,0.0,esp32-simulated
29.99,50.03,853.82,66.43,66.43,2.1190437797453074,5.016094531100289,0.3737499999999998,0.0,0.0,0,0,OFF,0.0,esp32-simulated
29.89,50.46,853.75,66.27,66.27,2.088788403456068,4.971484808273707,0.36125000000000007,0.0,0.0,0,0,OFF,0.0,esp32-simulated
29.62,50.04,853.81,65.9,65.9,2.0740670149844793,4.908553628041583,0.3275000000000001,0.0,0.0,0,0,OFF,0.0,esp32-simulated
29.5,49.81,853.86,65.99,65.99,2.069276217082415,4.882184869907751,0.3125,0.0,0.0,0,0,OFF,0.0,esp32-simulated
29.57,49.71,853.78,65.72,65.72,2.081769780470143,4.905717303762287,0.32125000000000004,0.0,0.0,0,0,OFF,0.0,esp32-simulated
29.55,49.9,853.74,65.33,65.33,2.0715191038372227,4.893371101142972,0.3187500000000001,0.0,0.0,0,0,OFF,0.0,esp32-simulated
29.48,49.88,853.78,65.1,65.1,2.064012025152449,4.8740528395989395,0.31000000000000005,0.0,0.0,0,0,OFF,0.0,esp32-simulated
29.44,49.51,853.71,64.98,64.98,2.074464881920445,4.875373840713179,0.30500000000000016,0.0,0.0,0,0,OFF,0.0,esp32-simulated
29.73,50.0,853.7,64.71,64.71,2.088897605967708,4.941618658079064,0.34125000000000005,0.0,0.0,0,0,OFF,0.0,esp32-simulated
29.95,50.01,853.7,64.59,64.59,2.1150327020529818,5.005129598071368,0.3687499999999999,0.0,0.0,0,0,OFF,0.0,esp32-simulated
30.17,49.84,853.68,64.32,64.32,2.149162498818608,5.075990877359969,0.3962500000000002,0.0,0.0,0,0,OFF,0.0,esp32-simulated
29.96,50.33,853.69,64.35,64.35,2.102699906607848,4.996484897695658,0.3700000000000001,0.0,0.0,0,0,OFF,0.0,esp32-simulated
30.26,50.07,853.76,64.38,64.38,2.150362135239381,5.094129668762666,0.4075000000000002,0.0,0.0,0,0,OFF,0.0,esp32-simulated
30.51,50.03,853.7,64.38,64.38,2.18307686607762,5.170246104811718,0.4387500000000002,0.0,0.0,0,1,ON,100.0,esp32-simulated
30.54,50.4,853.62,64.0,64.0,2.170629656558202,5.165140726482369,0.4424999999999999,0.0,0.0,0,1,ON,100.0,esp32-simulated
30.66,49.93,853.66,64.04,64.04,2.2062640665989943,5.219351295288998,0.4575,0.0,0.0,0,1,ON,100.0,esp32-simulated
30.78,50.39,853.71,63.86,63.86,2.201011479522972,5.237881949484389,0.47250000000000014,0.0,0.0,1,1,ON,100.0,esp32-simulated
30.48,50.71,853.8,67.02,67.02,2.1496806715258288,5.135424493550775,0.43500000000000005,0.0,0.0,0,0,OFF,0.0,esp32-simulated
30.7,50.82,853.83,66.79,66.79,2.1719997985898214,5.196996382578145,0.4624999999999999,0.0,0.0,0,0,OFF,0.0,esp32-simulated
30.5,51.07,853.76,66.69,66.69,2.1364204715213684,5.127686099255105,0.4375,0.0,0.0,0,0,OFF,0.0,esp32-simulated
30.73,50.57,853.74,66.77,66.77,2.1867804846068464,5.215736736342642,0.46625000000000005,0.0,0.0,0,0,OFF,0.0,esp32-simulated
30.46,50.71,853.82,66.46,66.46,2.14722470760672,5.129476487171388,0.4325000000000001,0.0,0.0,0,0,OFF,0.0,esp32-simulated
30.67,50.39,853.92,66.47,66.47,2.1872427923338633,5.204605502743573,0.4587500000000002,0.0,0.0,0,0,OFF,0.0,esp32-simulated
30.43,50.67,853.85,66.14,66.14,2.1452848730407648,5.122077366634741,0.42874999999999996,0.0,0.0,0,0,OFF,0.0,esp32-simulated
30.48,50.47,853.94,65.77,65.77,2.1601477715697768,5.144535664974267,0.43500000000000005,0.0,0.0,0,0,OFF,0.0,esp32-simulated
30.23,50.35,853.97,65.65,65.65,2.1346336644989434,5.07486147445545,0.40375000000000005,0.0,0.0,0,0,OFF,0.0,esp32-simulated
30.51,49.98,853.99,65.59,65.59,2.1852612535761966,5.1721496400617815,0.4387500000000002,0.0,0.0,0,0,OFF,0.0,esp32-simulated
30.72,50.15,854.04,65.61,65.61,2.2041035086087812,5.2290269253784745,0.46499999999999986,0.0,0.0,0,0,OFF,0.0,esp32-simulated
30.71,50.2,854.04,65.47,65.47,2.2006369044177205,5.224054921010629,0.4637500000000001,0.0,0.0,0,0,OFF,0.0,esp32-simulated
30.71,49.7,854.03,65.41,65.41,2.2227316524540424,5.2434518660875415,0.4637500000000001,0.0,0.0,0,0,OFF,0.0,esp32-simulated
30.58,49.74,854.09,65.09,65.09,2.2045440672567174,5.202429673430128,0.4474999999999998,0.0,0.0,0,0,OFF,0.0,esp32-simulated
30.76,49.82,854.0,64.72,64.72,2.2237624492327233,5.2540341603674365,0.4700000000000002,0.0,0.0,0,0,OFF,0.0,esp32-simulated
30.68,50.08,854.06,64.58,64.58,2.2021667038420936,5.21961505146236,0.45999999999999996,0.0,0.0,0,1,ON,100.0,esp32-simulated
30.95,50.42,854.03,64.19,64.19,2.221094593522643,5.288493780080457,0.4937499999999999,0.0,0.0,0,1,ON,100.0,esp32-simulated
31.04,50.6,854.03,64.21,64.21,2.2243995460596184,5.308891807612985,0.5049999999999999,0.0,0.0,0,1,ON,100.0,esp32-simulated
31.04,50.86,854.03,63.91,63.91,2.2126921800277257,5.29848856304652,0.5049999999999999,0.0,0.0,1,1,ON,100.0,esp32-simulated
31.28,50.63,853.96,67.39,67.39,2.2535949545595453,5.381736252571523,0.5350000000000001,0.0,0.0,0,0,OFF,0.0,esp32-simulated
31.11,50.59,854.04,67.25,67.25,2.2337289485010436,5.330803582017055,0.5137499999999999,0.0,0.0,0,0,OFF,0.0,esp32-simulated
30.96,50.56,853.98,67.1,67.1,2.2160845488514083,5.285994130552562,0.4950000000000001,0.0,0.0,0,0,OFF,0.0,esp32-simulated
30.79,50.71,853.91,66.73,66.73,2.1880615960951446,5.228408856957363,0.4737499999999999,0.0,0.0,0,0,OFF,0.0,esp32-simulated
31.06,50.81,853.97,66.35,66.35,2.217466070718501,5.306610923271968,0.5074999999999998,0.0,0.0,0,0,OFF,0.0,esp32-simulated
31.05,50.99,853.9,65.99,65.99,2.2080948081222282,5.296340278977664,0.5062500000000001,0.0,0.0,0,0,OFF,0.0,esp32-simulated
30.9,50.82,854.0,65.68,65.68,2.196909287087334,5.257419295643163,0.4874999999999998,0.0,0.0,0,0,OFF,0.0,esp32-simulated
31.06,50.34,853.96,65.39,65.39,2.23865348794228,5.325451982164171,0.5074999999999998,0.0,0.0,0,0,OFF,0.0,esp32-simulated
31.24,50.02,853.88,65.41,65.41,2.276260214493121,5.394198881470387,0.5299999999999998,0.0,0.0,0,0,OFF,0.0,esp32-simulated
31.49,49.88,853.88,65.48,65.48,2.3152673073409176,5.478582351516427,0.5612499999999998,0.0,0.0,0,0,OFF,0.0,esp32-simulated
31.4,50.15,853.95,65.49,65.49,2.291064782348801,5.438968200708339,0.5499999999999998,0.0,0.0,0,0,OFF,0.0,esp32-simulated
31.23,50.31,853.98,65.41,65.41,2.261766863339272,5.37926717975185,0.52875,0.0,0.0,0,0,OFF,0.0,esp32-simulated
31.47,50.68,854.05,65.35,65.35,2.275728315971686,5.4389313879956145,0.5587499999999999,0.0,0.0,0,0,OFF,0.0,esp32-simulated
31.37,51.12,854.07,65.28,65.28,2.2426617907169795,5.389523073432053,0.5462500000000001,0.0,0.0,0,0,OFF,0.0,esp32-simulated
31.26,51.54,854.08,65.11,65.11,2.2095439356762867,5.338363672669177,0.5325000000000002,0.0,0.0,0,0,OFF,0.0,esp32-simulated
31.0,51.6,854.06,65.16,65.16,2.174414649541394,5.256772908478914,0.5,0.0,0.0,0,0,OFF,0.0,esp32-simulated
31.01,51.93,854.14,64.81,64.81,2.1608188747423087,5.246630047670967,0.5012500000000002,0.0,0.0,0,0,OFF,0.0,esp32-simulated
30.75,52.04,854.11,64.52,64.52,2.1241696996641104,5.164536878702102,0.46875,0.0,0.0,0,0,OFF,0.0,esp32-simulated
30.9,52.27,854.1,64.34,64.34,2.132136646455438,5.20015645300534,0.4874999999999998,0.0,0.0,0,1,ON,100.0,esp32-simulated
31.18,52.67,854.05,63.94,63.94,2.148231057519495,5.268072191651394,0.5225,0.0,0.0,0,1,ON,100.0,esp32-simulated
30.96,52.81,854.05,63.73,63.73,2.1152311864946998,5.196637320889735,0.4950000000000001,0.0,0.0,1,1,ON,100.0,esp32-simulated
30.84,52.95,854.08,67.31,67.31,2.0945865024334824,5.155581321947674,0.48,0.0,0.0,0,0,OFF,0.0,esp32-simulated
30.75,52.5,854.16,66.99,66.99,2.103796095372086,5.146624520684209,0.46875,0.0,0.0,0,0,OFF,0.0,esp32-simulated
31.04,52.99,854.08,66.82,66.82,2.116781835227989,5.213261982559702,0.5049999999999999,0.0,0.0,0,0,OFF,0.0,esp32-simulated
30.98,52.89,854.1,66.68,66.68,2.1140515580127683,5.199401829486216,0.49750000000000005,0.0,0.0,0,0,OFF,0.0,esp32-simulated
30.86,53.32,854.04,66.52,66.52,2.080484908740231,5.14692501315386,0.48249999999999993,0.0,0.0,0,0,OFF,0.0,esp32-simulated
31.12,53.18,854.0,66.31,66.31,2.1178444753637495,5.229473143403455,0.5150000000000001,0.0,0.0,0,0,OFF,0.0,esp32-simulated
31.17,52.93,854.07,66.03,66.03,2.1352157236223706,5.2545314004532155,0.5212500000000002,0.0,0.0,0,0,OFF,0.0,esp32-simulated
31.2,52.7,853.99,65.79,65.79,2.149311804483277,5.272879275139714,0.5249999999999999,0.0,0.0,0,0,OFF,0.0,esp32-simulated
31.09,52.23,854.0,65.85,65.85,2.1571320530004607,5.25872157746512,0.51125,0.0,0.0,0,0,OFF,0.0,esp32-simulated
31.38,52.41,854.01,65.9,65.9,2.1847152984844214,5.33934500111822,0.5474999999999999,0.0,0.0,0,0,OFF,0.0,esp32-simulated
31.62,52.28,854.08,65.59,65.59,2.220708124785501,5.41854413584056,0.5775000000000001,0.0,0.0,0,0,OFF,0.0,esp32-simulated
31.55,52.2,854.11,65.52,65.52,2.2156223061962947,5.400272718971387,0.5687500000000001,0.0,0.0,0,0,OFF,0.0,esp32-simulated
31.25,52.0,854.07,65.24,65.24,2.187326882192837,5.316527716600226,0.53125,0.0,0.0,0,0,OFF,0.0,esp32-simulated
31.05,52.33,853.98,64.99,64.99,2.14772249547412,5.242673407014278,0.5062500000000001,0.0,0.0,0,0,OFF,0.0,esp32-simulated
31.24,52.57,854.06,64.91,64.91,2.1601244892638802,5.29024399455334,0.5299999999999998,0.0,0.0,0,0,OFF,0.0,esp32-simulated
31.43,52.3,854.0,64.75,64.75,2.195988396686427,5.359190359589368,0.55375,0.0,0.0,0,1,ON,100.0,esp32-simulated
31.14,52.25,854.09,64.81,64.81,2.1623702036487322,5.273002638781128,0.5175000000000001,0.0,0.0,0,0,OFF,0.0,esp32-simulated
31.43,51.8,854.07,64.69,64.69,2.219007142982931,5.379937430557552,0.55375,0.0,0.0,0,1,ON,100.0,esp32-simulated
31.63,51.34,854.0,64.44,64.44,2.2657357191631506,5.461375718187146,0.5787499999999999,0.0,0.0,1,1,ON,100.0,esp32-simulated
31.92,50.86,854.08,67.9,67.9,2.325954703672802,5.573784695467919,0.6150000000000002,0.0,0.0,0,0,OFF,0.0,esp32-simulated
31.94,50.46,854.0,67.96,67.96,2.347541015816968,5.5975897682863645,0.6175000000000002,0.0,0.0,0,0,OFF,0.0,esp32-simulated
32.02,50.43,853.92,68.03,68.03,2.3596072390666807,5.624718329801315,0.6275000000000004,0.0,0.0,0,0,OFF,0.0,esp32-simulated
31.93,50.27,853.88,67.67,67.67,2.3552125782852,5.602628275014099,0.61625,0.0,0.0,0,0,OFF,0.0,esp32-simulated
31.67,50.58,853.92,67.51,67.51,2.3063441130746196,5.506169610618837,0.5837500000000002,0.0,0.0,0,0,OFF,0.0,esp32-simulated
31.67,50.73,853.94,67.3,67.3,2.2993438780086306,5.499805295634765,0.5837500000000002,0.0,0.0,0,0,OFF,0.0,esp32-simulated
31.67,50.32,854.01,67.32,67.32,2.318477853855668,5.517201089924563,0.5837500000000002,0.0,0.0,0,0,OFF,0.0,esp32-simulated
31.63,50.28,854.01,67.07,67.07,2.315092066518534,5.506183796462,0.5787499999999999,0.0,0.0,0,0,OFF,0.0,esp32-simulated
31.62,50.57,853.95,66.82,66.82,2.30028505046411,5.490761882039556,0.5775000000000001,0.0,0.0,0,0,OFF,0.0,esp32-simulated
31.54,50.94,854.01,66.74,66.74,2.2727367230792352,5.4500058502119275,0.5674999999999999,0.0,0.0,0,0,OFF,0.0,esp32-simulated
31.69,50.47,853.99,66.47,66.47,2.3140977063733428,5.517189022947652,0.5862500000000002,0.0,0.0,0,0,OFF,0.0,esp32-simulated
31.67,50.4,854.03,66.45,66.45,2.3147443951538067,5.513806788599724,0.5837500000000002,0.0,0.0,0,0,OFF,0.0,esp32-simulated
31.74,50.07,853.95,66.24,66.24,2.3394006592418126,5.55018057702036,0.5924999999999998,0.0,0.0,0,0,OFF,0.0,esp32-simulated
32.01,49.9,854.03,66.12,66.12,2.3834889280329707,5.644689589183586,0.6262499999999998,0.0,0.0,0,0,OFF,0.0,esp32-simulated
31.82,50.06,854.07,66.2,66.2,2.350488411271383,5.576279758915486,0.6025,0.0,0.0,0,0,OFF,0.0,esp32-simulated
32.02,49.99,854.09,65.88,65.88,2.380551906913954,5.644000724322334,0.6275000000000004,0.0,0.0,0,0,OFF,0.0,esp32-simulated
31.87,49.95,854.0,65.64,65.64,2.362338612088404,5.597133904253777,0.6087500000000001,0.0,0.0,0,1,ON,100.0,esp32-simulated
31.99,50.36,854.0,65.43,65.43,2.3589370694970664,5.618081014096756,0.6237499999999998,0.0,0.0,1,1,ON,100.0,esp32-simulated
31.76,49.96,853.92,68.78,68.78,2.347210753362888,5.561293955902974,0.5950000000000002,0.0,0.0,0,0,OFF,0.0,esp32-simulated
31.87,50.04,853.92,68.84,68.84,2.3580906505481853,5.5932440003937876,0.6087500000000001,0.0,0.0,0,0,OFF,0.0,esp32-simulated
31.75,50.12,853.86,68.53,68.53,2.338381505380876,5.55124610644406,0.59375,0.0,0.0,0,0,OFF,0.0,esp32-simulated
31.76,50.42,853.86,68.49,68.49,2.3256336760937653,5.541613404539936,0.5950000000000002,0.0,0.0,0,0,OFF,0.0,esp32-simulated
31.73,50.7,853.81,68.39,68.39,2.308575392586642,5.5201004476879625,0.59125,0.0,0.0,0,0,OFF,0.0,esp32-simulated
31.63,50.43,853.8,68.14,68.14,2.308107677741829,5.499843030668389,0.5787499999999999,0.0,0.0,0,0,OFF,0.0,esp32-simulated
31.77,50.81,853.72,68.01,68.01,2.308646569453386,5.528104510751229,0.59625,0.0,0.0,0,0,OFF,0.0,esp32-simulated
31.96,50.34,853.8,67.72,67.72,2.35588949072863,5.609262917312288,0.6200000000000001,0.0,0.0,0,0,OFF,0.0,esp32-simulated
31.86,49.98,853.75,67.78,67.78,2.3595875309496326,5.592610736464038,0.6074999999999999,0.0,0.0,0,0,OFF,0.0,esp32-simulated
31.98,50.41,853.78,67.53,67.53,2.3552295845210742,5.612666297859779,0.6225,0.0,0.0,0,0,OFF,0.0,esp32-simulated
31.98,50.77,853.74,67.29,67.29,2.3381317290980532,5.596947878827386,0.6225,0.0,0.0,0,0,OFF,0.0,esp32-simulated
32.24,50.66,853.77,67.12,67.12,2.3780110879965153,5.686007915384938,0.6550000000000002,0.0,0.0,0,0,OFF,0.0,esp32-simulated
32.48,50.62,853.86,67.2,67.2,2.412348613604681,5.766637377345652,0.6849999999999996,0.0,0.0,0,0,OFF,0.0,esp32-simulated
32.71,51.01,853.92,66.9,66.9,2.4244661006470403,5.824922494249449,0.7137500000000001,0.0,0.0,0,0,OFF,0.0,esp32-simulated
32.44,51.4,853.94,66.63,66.63,2.36890113607523,5.7179004471401855,0.6799999999999997,0.0,0.0,0,0,OFF,0.0,esp32-simulated
32.47,51.58,853.96,66.43,66.43,2.3641183636856935,5.719485607287698,0.6837499999999999,0.0,0.0,0,0,OFF,0.0,esp32-simulated
32.49,51.89,853.95,66.51,66.51,2.3516293608862413,5.711831857752842,0.6862500000000002,0.0,0.0,0,0,OFF,0.0,esp32-simulated
32.46,51.87,853.88,66.23,66.23,2.3486360516465856,5.7029893247271515,0.6825000000000001,0.0,0.0,1,0,OFF,0.0,esp32-simulated
32.76,52.12,853.85,69.43,69.43,2.37620127310447,5.789530856612361,0.7199999999999998,0.0,0.0,0,0,OFF,0.0,esp32-simulated
32.48,51.73,853.91,69.17,69.17,2.3581220651822186,5.7158929517078265,0.6849999999999996,0.0,0.0,0,0,OFF,0.0,esp32-simulated
32.26,51.65,853.84,69.18,69.18,2.33292689111605,5.6481825346058185,0.6574999999999998,0.0,0.0,0,0,OFF,0.0,esp32-simulated
32.39,51.6,853.84,69.17,69.17,2.352516754677069,5.692522423852444,0.6737500000000001,0.0,0.0,0,0,OFF,0.0,esp32-simulated
32.41,51.79,853.88,69.08,69.08,2.3459236352212027,5.6903942215095125,0.6762499999999996,0.0,0.0,0,0,OFF,0.0,esp32-simulated
32.27,51.87,853.83,68.93,68.93,2.3236218167295837,5.6415432303083755,0.6587500000000004,0.0,0.0,0,0,OFF,0.0,esp32-simulated
32.48,51.47,853.93,68.98,68.98,2.37082377922712,5.727779033388759,0.6849999999999996,0.0,0.0,0,0,OFF,0.0,esp32-simulated
32.71,50.99,854.0,68.74,68.74,2.425455880643222,5.825856241665038,0.7137500000000001,0.0,0.0,0,0,OFF,0.0,esp32-simulated
32.6,50.57,854.08,68.78,68.78,2.4311558628367256,5.808742586336312,0.7000000000000002,0.0,0.0,0,0,OFF,0.0,esp32-simulated
32.83,50.74,854.17,68.44,68.44,2.4543206372776574,5.877744483748621,0.7287499999999998,0.0,0.0,0,0,OFF,0.0,esp32-simulated
32.74,50.4,854.25,68.06,68.06,2.458796865909147,5.863475653893767,0.7175000000000002,0.0,0.0,0,0,OFF,0.0,esp32-simulated
32.95,50.62,854.27,68.01,68.01,2.4769291935692506,5.923941802910227,0.7437500000000004,0.0,0.0,0,0,OFF,0.0,esp32-simulated
32.85,51.07,854.31,68.07,68.07,2.4406184519142102,5.868867090976363,0.7312500000000002,0.0,0.0,0,0,OFF,0.0,esp32-simulated
32.88,51.22,854.27,67.86,67.86,2.4372383860396476,5.871816292944346,0.7350000000000003,0.0,0.0,0,0,OFF,0.0,esp32-simulated
32.72,51.25,854.23,67.75,67.75,2.413945240246143,5.817037467971133,0.7149999999999999,0.0,0.0,0,0,OFF,0.0,esp32-simulated
33.0,51.74,854.14,67.58,67.58,2.4275493261598666,5.88721645711995,0.75,0.0,0.0,0,0,OFF,0.0,esp32-simulated
33.2,51.75,854.1,67.22,67.22,2.4544066407122385,5.954051295362371,0.7750000000000004,0.0,0.0,0,0,OFF,0.0,esp32-simulated
33.43,51.33,854.15,67.02,67.02,2.5078431783107025,6.045687034586898,0.80375,0.0,0.0,0,0,OFF,0.0,esp32-simulated
33.29,51.37,854.18,66.93,66.93,2.4862335664021327,6.003275477631024,0.7862499999999999,0.0,0.0,0,0,OFF,0.0,esp32-simulated
33.27,51.05,854.27,66.84,66.84,2.4997936140892882,6.012166981403943,0.7837500000000004,0.0,0.0,0,0,OFF,0.0,esp32-simulated
33.08,50.91,854.35,66.7,66.7,2.480401718904307,5.954139460145781,0.7599999999999998,0.0,0.0,0,0,OFF,0.0,esp32-simulated
33.14,50.96,854.42,66.39,66.39,2.486221862195315,5.972138212425076,0.7675000000000001,0.0,0.0,1,1,ON,100.0,esp32-simulated
33.03,50.5,854.33,69.52,69.52,2.494116135050547,5.956874746545252,0.7537500000000001,0.0,0.0,0,0,OFF,0.0,esp32-simulated
33.14,50.46,854.31,69.5,69.5,2.5115707800398837,5.985332891045835,0.7675000000000001,0.0,0.0,0,0,OFF,0.0,esp32-simulated
33.13,50.88,854.24,69.52,69.52,2.488882637089602,5.97261210290915,0.7662500000000003,0.0,0.0,0,0,OFF,0.0,esp32-simulated
33.42,50.49,854.3,69.26,69.26,2.5497001940401494,6.043602805906895,0.8025000000000002,0.0,0.0,0,0,OFF,0.0,esp32-simulated
33.13,50.91,854.4,69.29,69.29,2.487362554045777,5.971156895797062,0.7662500000000003,0.0,0.0,0,0,OFF,0.0,esp32-simulated
33.35,50.75,854.43,69.05,69.05,2.526399653409459,6.029019304147468,0.7937500000000002,0.0,0.0,0,0,OFF,0.0,esp32-simulated
33.18,50.49,854.37,68.81,68.81,2.5156812018116868,5.993646695524296,0.7725,0.0,0.0,0,0,OFF,0.0,esp32-simulated
33.18,50.3,854.3,68.89,68.89,2.525335401535868,5.993646695524296,0.7725,0.0,0.0,0,0,OFF,0.0,esp32-simulated
33.3,50.08,854.28,68.58,68.58,2.553614317056684,6.018609054228184,0.7874999999999996,0.0,0.0,0,0,OFF,0.0,esp32-simulated
33.22,49.59,854.37,68.6,68.6,2.5671565084499206,6.001963991672617,0.7774999999999999,0.0,0.0,0,0,OFF,0.0,esp32-simulated
33.3,49.96,854.29,68.43,68.43,2.5597528130111473,6.018609054228184,0.7874999999999996,0.0,0.0,0,0,OFF,0.0,esp32-simulated
33.28,49.82,854.31,68.32,68.32,2.564042520722557,6.014446480177938,0.7850000000000001,0.0,0.0,0,0,OFF,0.0,esp32-simulated
33.55,49.4,854.23,68.09,68.09,2.6248362200234427,6.0707147591934385,0.8187499999999996,0.0,0.0,0,0,OFF,0.0,esp32-simulated
33.4,49.87,854.18,67.95,67.95,2.578743607094086,6.03943500191864,0.7999999999999998,0.0,0.0,0,0,OFF,0.0,esp32-simulated
33.46,50.2,854.11,67.58,67.58,2.570376725590644,6.051941027148225,0.8075000000000001,0.0,0.0,0,0,OFF,0.0,esp32-simulated
33.59,49.76,854.21,67.57,67.57,2.611990774710943,6.079064297044564,0.8237500000000004,0.0,0.0,0,0,OFF,0.0,esp32-simulated
33.52,50.03,854.11,67.43,67.43,2.5878143618705804,6.06445488995105,0.8150000000000004,0.0,0.0,0,0,OFF,0.0,esp32-simulated
33.65,50.17,854.11,67.47,67.47,2.599368369380109,6.091595127549593,0.8312499999999998,0.0,0.0,0,0,OFF,0.0,esp32-simulated
33.71,50.49,854.03,67.09,67.09,2.591338571965067,6.104133782981534,0.8387500000000001,0.0,0.0,0,0,OFF,0.0,esp32-simulated
33.74,50.69,854.06,66.93,66.93,2.5851940014594033,6.110406043798735,0.8425000000000002,0.0,0.0,0,1,ON,100.0,esp32-simulated
33.45,50.81,853.97,66.54,66.54,2.5374732646451537,6.049856145226073,0.8062500000000004,0.0,0.0,1,1,ON,100.0,esp32-simulated
33.57,50.81,853.96,69.74,69.74,2.5545458917451187,6.0748890931052095,0.82125,0.0,0.0,0,0,OFF,0.0,esp32-simulated
33.74,50.74,853.96,69.7,69.7,2.582572632567232,6.110406043798735,0.8425000000000002,0.0,0.0,0,0,OFF,0.0,esp32-simulated
33.82,51.08,853.88,69.49,69.49,2.576215619625573,6.127141627781074,0.8525,0.0,0.0,0,0,OFF,0.0,esp32-simulated
33.65,51.32,853.9,69.53,69.53,2.539378932799994,6.091595127549593,0.8312499999999998,0.0,0.0,0,0,OFF,0.0,esp32-simulated
33.48,51.44,853.86,69.52,69.52,2.509178924640612,6.056111444105103,0.8099999999999996,0.0,0.0,0,0,OFF,0.0,esp32-simulated
33.2,51.71,853.82,69.22,69.22,2.456441381968787,5.956003932337321,0.7750000000000004,0.0,0.0,0,0,OFF,0.0,esp32-simulated
33.37,52.16,853.81,69.18,69.18,2.456817515431275,5.991500463223478,0.7962499999999997,0.0,0.0,0,0,OFF,0.0,esp32-simulated
33.09,51.77,853.72,68.89,68.89,2.4383143980067725,5.915974649343739,0.7612500000000004,0.0,0.0,0,0,OFF,0.0,esp32-simulated
33.3,52.27,853.8,68.89,68.89,2.441586765887731,5.962358427073808,0.7874999999999996,0.0,0.0,0,0,OFF,0.0,esp32-simulated
33.02,52.3,853.76,68.6,68.6,2.4020735123066084,5.8670232786499685,0.7525000000000004,0.0,0.0,0,0,OFF,0.0,esp32-simulated
33.07,52.7,853.73,68.5,68.5,2.388617801363152,5.864385745653159,0.75875,0.0,0.0,0,0,OFF,0.0,esp32-simulated
32.86,52.9,853.67,68.15,68.15,2.350657991370742,5.785604518322615,0.7324999999999999,0.0,0.0,0,0,OFF,0.0,esp32-simulated
32.61,52.75,853.74,67.97,67.97,2.3252428699564245,5.711219360245263,0.7012499999999999,0.0,0.0,0,0,OFF,0.0,esp32-simulated
32.41,52.86,853.69,67.6,67.6,2.2938568795753476,5.641791190502355,0.6762499999999996,0.0,0.0,0,0,OFF,0.0,esp32-simulated
32.67,52.51,853.7,67.32,67.32,2.344953288988822,5.741843530315298,0.7087500000000002,0.0,0.0,0,0,OFF,0.0,esp32-simulated
32.58,52.23,853.76,66.99,66.99,2.3468684490901826,5.725502748563339,0.6974999999999998,0.0,0.0,0,0,OFF,0.0,esp32-simulated
32.81,52.03,853.76,67.02,67.02,2.3873646283499506,5.810245438774066,0.7262500000000003,0.0,0.0,0,0,OFF,0.0,esp32-simulated
32.74,51.86,853.66,66.67,66.67,2.3864209904206923,5.795125183904013,0.7175000000000002,0.0,0.0,0,0,OFF,0.0,esp32-simulated
33.03,51.41,853.73,66.39,66.39,2.448264707113254,5.913132572750707,0.7537500000000001,0.0,0.0,1,1,ON,100.0,esp32-simulated
33.31,51.7,853.69,69.96,69.96,2.4721277670613815,5.993841053431504,0.7887500000000003,0.0,0.0,0,0,OFF,0.0,esp32-simulated
33.43,51.39,853.72,69.75,69.75,2.5047515286148188,6.045687034586898,0.80375,0.0,0.0,0,0,OFF,0.0,esp32-simulated
33.48,51.46,853.81,69.56,69.56,2.508145490157646,6.056111444105103,0.8099999999999996,0.0,0.0,0,0,OFF,0.0,esp32-simulated
33.75,51.91,853.83,69.34,69.34,2.522639429541655,6.11249723181494,0.84375,0.0,0.0,0,0,OFF,0.0,esp32-simulated
33.89,51.56,853.88,69.37,69.37,2.560910366085902,6.1417966589721145,0.8612500000000001,0.0,0.0,0,0,OFF,0.0,esp32-simulated
33.95,52.06,853.9,69.23,69.23,2.542962706699032,6.154366574258602,0.8687500000000004,0.0,0.0,0,0,OFF,0.0,esp32-simulated
34.12,52.37,853.99,69.05,69.05,2.5505406996450852,6.190023706612051,0.8899999999999997,0.0,0.0,0,0,OFF,0.0,esp32-simulated
34.38,52.18,854.02,68.98,68.98,2.597985642740304,6.244679133362682,0.9225000000000003,0.0,0.0,0,0,OFF,0.0,esp32-simulated
34.42,52.29,853.97,68.95,68.95,2.597771732981418,6.253100629609337,0.9275000000000002,0.0,0.0,0,0,OFF,0.0,esp32-simulated
34.41,52.79,854.01,68.72,68.72,2.5691206415511583,6.250994931586977,0.9262499999999996,0.0,0.0,0,0,OFF,0.0,esp32-simulated
34.36,52.87,853.95,68.69,68.69,2.557657049711261,6.240469681265217,0.9199999999999999,0.0,0.0,0,0,OFF,0.0,esp32-simulated
34.39,53.15,853.85,68.42,68.42,2.5467006292072147,6.246784183445343,0.9237500000000001,0.0,0.0,0,0,OFF,0.0,esp32-simulated
34.09,52.9,853.87,68.38,68.38,2.51795354876688,6.183726722557465,0.8862500000000004,0.0,0.0,0,0,OFF,0.0,esp32-simulated
33.8,52.56,853.96,68.03,68.03,2.4954917722756997,6.11853984003577,0.8499999999999996,0.0,0.0,0,0,OFF,0.0,esp32-simulated
33.86,52.63,853.95,67.65,67.65,2.5001584218215314,6.135514629451868,0.8574999999999999,0.0,0.0,0,0,OFF,0.0,esp32-simulated
33.63,52.74,853.94,67.47,67.47,2.4625539472249955,6.05094535441153,0.8287500000000003,0.0,0.0,0,0,OFF,0.0,esp32-simulated
33.87,53.18,853.85,67.55,67.55,2.472507423789232,6.1106102355763285,0.8587499999999997,0.0,0.0,0,0,OFF,0.0,esp32-simulated
33.59,52.79,853.76,67.18,67.18,2.454460280137413,6.034770075426314,0.8237500000000004,0.0,0.0,0,0,OFF,0.0,esp32-simulated
33.53,52.99,853.82,66.88,66.88,2.435884432003242,6.004307736907712,0.8162500000000001,0.0,0.0,0,0,OFF,0.0,esp32-simulated
33.26,52.52,853.84,66.77,66.77,2.423366179436181,5.936590204664945,0.7824999999999998,0.0,0.0,0,0,OFF,0.0,esp32-simulated
33.18,52.47,853.91,66.45,66.45,2.415074278370218,5.912204332194478,0.7725,0.0,0.0,1,1,ON,100.0,esp32-simulated
33.16,52.84,853.85,69.69,69.69,2.393590658613853,5.887515337921462,0.7699999999999996,0.0,0.0,0,0,OFF,0.0,esp32-simulated
32.91,53.34,853.88,69.78,69.78,2.3352443208751166,5.781075900463913,0.7387499999999996,0.0,0.0,0,0,OFF,0.0,esp32-simulated
32.77,53.3,853.92,69.45,69.45,2.3189425528852117,5.73742869056484,0.7212500000000004,0.0,0.0,0,0,OFF,0.0,esp32-simulated
32.5,52.84,853.87,69.14,69.14,2.3064913435068948,5.671577439178897,0.6875,0.0,0.0,0,0,OFF,0.0,esp32-simulated
32.71,52.82,853.82,68.93,68.93,2.3348910109925978,5.740418353138707,0.7137500000000001,0.0,0.0,0,0,OFF,0.0,esp32-simulated
32.6,52.81,853.91,68.6,68.6,2.3209841223399774,5.705208668888619,0.7000000000000002,0.0,0.0,0,0,OFF,0.0,esp32-simulated
32.77,53.06,853.81,68.27,68.27,2.330860030673058,5.7486951803006265,0.7212500000000004,0.0,0.0,0,0,OFF,0.0,esp32-simulated
32.85,52.91,853.75,67.93,67.93,2.3488396260094047,5.781858380104413,0.7312500000000002,0.0,0.0,0,0,OFF,0.0,esp32-simulated
33.07,52.79,853.71,67.79,67.79,2.384072862629057,5.860043844138917,0.75875,0.0,0.0,0,0,OFF,0.0,esp32-simulated
32.92,52.77,853.74,67.58,67.58,2.365098822102929,5.811466488682839,0.7400000000000002,0.0,0.0,0,0,OFF,0.0,esp32-simulated
33.18,52.31,853.68,67.52,67.52,2.4232041307695282,5.920000726269395,0.7725,0.0,0.0,0,0,OFF,0.0,esp32-simulated
32.95,52.45,853.67,67.53,67.53,2.385135341316684,5.836614418624129,0.7437500000000004,0.0,0.0,0,0,OFF,0.0,esp32-simulated
33.24,52.4,853.71,67.22,67.22,2.426772022014114,5.935753338783823,0.7800000000000002,0.0,0.0,0,0,OFF,0.0,esp32-simulated
33.1,52.56,853.79,67.25,67.25,2.3997199014816193,5.8811223533277,0.7625000000000002,0.0,0.0,0,0,OFF,0.0,esp32-simulated
33.08,53.0,853.75,67.01,67.01,2.374798956783508,5.853219230373757,0.7599999999999998,0.0,0.0,0,0,OFF,0.0,esp32-simulated
33.15,52.56,853.7,66.64,66.64,2.406453319030625,5.897794626271635,0.7687499999999998,0.0,0.0,0,0,OFF,0.0,esp32-simulated
33.14,53.01,853.72,66.69,66.69,2.3822912990325826,5.872608769531825,0.7675000000000001,0.0,0.0,0,0,OFF,0.0,esp32-simulated
32.93,52.64,853.74,66.48,66.48,2.372940113674974,5.820949604537026,0.74125,0.0,0.0,1,0,OFF,0.0,esp32-simulated
32.65,52.21,853.78,69.94,69.94,2.357114195665651,5.749259402377914,0.7062499999999998,0.0,0.0,0,0,OFF,0.0,esp32-simulated
32.74,51.75,853.71,69.78,69.78,2.3918739673410556,5.800274876848447,0.7175000000000002,0.0,0.0,0,0,OFF,0.0,esp32-simulated
32.61,51.71,853.8,69.38,69.38,2.3764228188401213,5.7593326490763035,0.7012499999999999,0.0,0.0,0,0,OFF,0.0,esp32-simulated
32.75,51.61,853.78,69.27,69.27,2.4001625746940127,5.810138808829715,0.71875,0.0,0.0,0,0,OFF,0.0,esp32-simulated
33.01,51.72,853.69,69.14,69.14,2.429917903457473,5.891525513641638,0.7512499999999998,0.0,0.0,0,0,OFF,0.0,esp32-simulated
33.03,51.91,853.67,69.23,69.23,2.4230716148400164,5.889098411325135,0.7537500000000001,0.0,0.0,0,0,OFF,0.0,esp32-simulated
33.26,52.0,853.67,68.97,68.97,2.4499068368352295,5.962112910132411,0.7824999999999998,0.0,0.0,0,0,OFF,0.0,esp32-simulated
33.4,52.23,853.57,68.66,68.66,2.457342551583572,5.998214699989245,0.7999999999999998,0.0,0.0,0,0,OFF,0.0,esp32-simulated
33.64,52.6,853.65,68.76,68.76,2.4712281363811637,6.061473081994275,0.8300000000000001,0.0,0.0,0,0,OFF,0.0,esp32-simulated
33.35,52.68,853.64,68.8,68.8,2.427395565468743,5.958981938170563,0.7937500000000002,0.0,0.0,0,0,OFF,0.0,esp32-simulated
33.14,53.16,853.66,68.5,68.5,2.3746866236792123,5.865326127368904,0.7675000000000001,0.0,0.0,0,0,OFF,0.0,esp32-simulated
33.24,52.8,853.67,68.43,68.43,2.4063789798123145,5.916156036518841,0.7800000000000002,0.0,0.0,0,0,OFF,0.0,esp32-simulated
33.47,53.3,853.66,68.23,68.23,2.411721109441514,5.968515293199248,0.8087499999999999,0.0,0.0,0,0,OFF,0.0,esp32-simulated
33.42,53.32,853.61,68.2,68.2,2.40395889835981,5.9507333224900885,0.8025000000000002,0.0,0.0,0,0,OFF,0.0,esp32-simulated
33.18,53.53,853.61,68.22,68.22,2.361214006224785,5.860553221448156,0.7725,0.0,0.0,0,0,OFF,0.0,esp32-simulated
32.99,53.6,853.58,67.87,67.87,2.332679723845006,5.794786241642705,0.7487500000000002,0.0,0.0,0,0,OFF,0.0,esp32-simulated
33.11,53.7,853.5,67.94,67.94,2.343366826242847,5.829255768601503,0.7637499999999999,0.0,0.0,0,0,OFF,0.0,esp32-simulated
33.36,53.28,853.56,67.76,67.76,2.39795824485933,5.9326341304559245,0.7949999999999999,0.0,0.0,0,0,OFF,0.0,esp32-simulated
33.45,52.89,853.65,67.79,67.79,2.43017616380226,5.9822682789054085,0.8062500000000004,0.0,0.0,0,0,OFF,0.0,esp32-simulated
33.68,52.62,853.67,67.45,67.45,2.475706887290184,6.074161703839731,0.835,0.0,0.0,0,0,OFF,0.0,esp32-simulated
33.79,52.43,853.74,67.29,67.29,2.500935188831646,6.120864155440159,0.8487499999999999,0.0,0.0,0,0,OFF,0.0,esp32-simulated
33.8,52.09,853.77,66.99,66.99,2.5202152362927652,6.122956429144338,0.8499999999999996,0.0,0.0,0,1,ON,100.0,esp32-simulated
33.87,52.34,853.86,67.07,67.07,2.516866805164348,6.137608422344835,0.8587499999999997,0.0,0.0,0,1,ON,100.0,esp32-simulated
33.77,52.07,853.81,66.94,66.94,2.517052702037362,6.116680259352363,0.8462500000000004,0.0,0.0,0,1,ON,100.0,esp32-simulated
33.79,51.97,853.85,66.56,66.56,2.5251191322174473,6.120864155440159,0.8487499999999999,0.0,0.0,1,1,ON,100.0,esp32-simulated
34.01,51.83,853.8,69.73,69.73,2.563714640776307,6.166944294559145,0.8762499999999998,0.0,0.0,0,0,OFF,0.0,esp32-simulated
34.03,51.37,853.79,69.82,69.82,2.591080202896594,6.171138601753234,0.8787500000000001,0.0,0.0,0,0,OFF,0.0,esp32-simulated
34.21,51.74,853.77,69.44,69.44,2.597243345131704,6.208926347433656,0.9012500000000001,0.0,0.0,0,0,OFF,0.0,esp32-simulated
34.28,51.39,853.7,69.26,69.26,2.626277208495234,6.223640516466611,0.9100000000000001,0.0,0.0,0,0,OFF,0.0,esp32-simulated
34.51,51.28,853.62,69.23,69.23,2.6660463875712987,6.272061627063103,0.9387499999999998,0.0,0.0,0,0,OFF,0.0,esp32-simulated
34.65,51.53,853.65,69.01,69.01,2.673033229604609,6.301591247456248,0.9562499999999998,0.0,0.0,0,0,OFF,0.0,esp32-simulated
34.63,51.46,853.58,68.87,68.87,2.673928332882875,6.2973701428132385,0.9537500000000003,0.0,0.0,0,0,OFF,0.0,esp32-simulated
34.78,51.68,853.59,68.61,68.61,2.684017194128062,6.32904943460369,0.9725000000000001,0.0,0.0,0,0,OFF,0.0,esp32-simulated
34.86,51.59,853.59,68.69,68.69,2.700948429357154,6.345964867111453,0.9824999999999999,0.0,0.0,0,0,OFF,0.0,esp32-simulated
35.08,51.15,853.53,68.31,68.31,2.758847960332526,6.392553274793162,1.0,0.0,0.0,0,0,OFF,0.0,esp32-simulated
35.29,50.94,853.51,68.23,68.23,2.803010270030565,6.437120985675412,1.0,0.0,0.0,0,0,OFF,0.0,esp32-simulated
35.0,51.18,853.49,68.18,68.18,2.7449929806338065,6.3755999999999995,1.0,0.0,0.0,0,0,OFF,0.0,esp32-simulated
34.93,51.66,853.41,68.21,68.21,2.707505918375434,6.360777165738692,0.99125,0.0,0.0,0,0,OFF,0.0,esp32-simulated
35.17,51.9,853.32,68.09,68.09,2.7300250442201968,6.411642136119782,1.0,0.0,0.0,0,0,OFF,0.0,esp32-simulated
35.31,51.78,853.35,67.85,67.85,2.7580578428376614,6.441370462485329,1.0,0.0,0.0,1,1,ON,100.0,esp32-simulated
35.12,51.77,853.34,71.34,71.34,2.7298570541823226,6.401035066541911,1.0,0.0,0.0,0,0,OFF,0.0,esp32-simulated
34.88,51.85,853.44,71.22,71.22,2.6894163116590857,6.350195877005119,0.9850000000000003,0.0,0.0,0,0,OFF,0.0,esp32-simulated
34.75,51.69,853.43,71.12,71.12,2.679008234155345,6.322709699130315,0.96875,0.0,0.0,0,0,OFF,0.0,esp32-simulated
34.61,51.3,853.48,70.88,70.88,2.679770084182791,6.293149900408087,0.9512499999999999,0.0,0.0,0,0,OFF,0.0,esp32-simulated
34.8,51.24,853.4,70.78,70.78,2.711457997783225,6.3332770013793,0.9749999999999996,0.0,0.0,0,0,OFF,0.0,esp32-simulated
34.82,51.09,853.4,70.77,70.77,2.722811604416309,6.337505429152918,0.9775,0.0,0.0,0,0,OFF,0.0,esp32-simulated
34.58,50.91,853.3,70.6,70.6,2.6967416706876577,6.286821153815836,0.9474999999999998,0.0,0.0,0,0,OFF,0.0,esp32-simulated
34.54,51.35,853.29,70.62,70.62,2.6666492637440027,6.278385844222073,0.9424999999999999,0.0,0.0,0,0,OFF,0.0,esp32-simulated
34.69,51.37,853.29,70.3,70.3,2.6878070516535306,6.3100360428718645,0.9612499999999997,0.0,0.0,0,0,OFF,0.0,esp32-simulated
34.92,51.4,853.35,70.31,70.31,2.7205635057092814,6.358660477893374,0.9900000000000002,0.0,0.0,0,0,OFF,0.0,esp32-simulated
34.98,51.09,853.37,70.34,70.34,2.747014903960099,6.3713638297956505,0.9974999999999996,0.0,0.0,0,0,OFF,0.0,esp32-simulated
35.25,51.24,853.33,70.01,70.01,2.779729866223634,6.428624604519689,1.0,0.0,0.0,0,0,OFF,0.0,esp32-simulated
35.29,51.57,853.43,69.88,69.88,2.767015641613947,6.437120985675412,1.0,0.0,0.0,0,0,OFF,0.0,esp32-simulated
35.0,51.78,853.46,69.54,69.54,2.7112568932028296,6.3755999999999995,1.0,0.0,0.0,0,0,OFF,0.0,esp32-simulated
35.11,52.01,853.5,69.15,69.15,2.714773238808371,6.3989142965575185,1.0,0.0,0.0,0,0,OFF,0.0,esp32-simulated
35.26,51.92,853.53,69.01,69.01,2.7424766835150294,6.4307483782053625,1.0,0.0,0.0,0,0,OFF,0.0,esp32-simulated
35.18,52.37,853.46,68.76,68.76,2.7048417764917043,6.413764193839628,1.0,0.0,0.0,0,0,OFF,0.0,esp32-simulated
35.3,51.95,853.5,68.51,68.51,2.7468190796124627,6.439245616909445,1.0,0.0,0.0,0,0,OFF,0.0,esp32-simulated
35.56,51.71,853.59,68.26,68.26,2.800368482712052,6.494561210112226,1.0,0.0,0.0,0,1,ON,100.0,esp32-simulated
35.63,51.28,853.54,67.92,67.92,2.8362087915399017,6.509478585271395,1.0,0.0,0.0,1,1,ON,100.0,esp32-simulated
35.88,51.18,853.46,71.37,71.37,2.8813531726249257,6.562840380415541,1.0,0.0,0.0,0,0,OFF,0.0,esp32-simulated
36.0,50.94,853.51,71.42,71.42,2.914653472418378,6.588501411246718,1.0,0.0,0.0,0,0,OFF,0.0,esp32-simulated
35.79,51.09,853.61,71.17,71.17,2.872428535385511,6.5436147621406215,1.0,0.0,0.0,0,0,OFF,0.0,esp32-simulated
35.96,50.79,853.55,71.12,71.12,2.9171547838763696,6.579944323468277,1.0,0.0,0.0,0,0,OFF,0.0,esp32-simulated
36.0,50.42,853.59,70.92,70.92,2.9455466604668405,6.588501411246718,1.0,0.0,0.0,0,0,OFF,0.0,esp32-simulated
36.0,50.06,853.55,70.97,70.97,2.9669342521926985,6.588501411246718,1.0,0.0,0.0,0,0,OFF,0.0,esp32-simulated
35.71,49.94,853.49,70.84,70.84,2.9270669059343106,6.526539838435752,1.0,0.0,0.0,0,0,OFF,0.0,esp32-simulated
35.87,50.13,853.51,70.55,70.55,2.9417081565800345,6.560703347180906,1.0,0.0,0.0,0,0,OFF,0.0,esp32-simulated
35.86,50.43,853.58,70.22,70.22,2.9224064360341275,6.55856652726096,1.0,0.0,0.0,0,0,OFF,0.0,esp32-simulated
35.74,50.92,853.61,70.02,70.02,2.874502240333213,6.532941333303255,1.0,0.0,0.0,0,0,OFF,0.0,esp32-simulated
35.84,50.94,853.65,69.98,69.98,2.8891636942233876,6.554293527436927,1.0,0.0,0.0,0,0,OFF,0.0,esp32-simulated
35.89,51.0,853.55,69.84,69.84,2.8935652724461307,6.564977626946914,1.0,0.0,0.0,0,0,OFF,0.0,esp32-simulated
35.74,50.76,853.56,69.46,69.46,2.8838730707825473,6.532941333303255,1.0,0.0,0.0,0,0,OFF,0.0,esp32-simulated
35.49,50.29,853.65,69.09,69.09,2.8716263965716564,6.479654314696351,1.0,0.0,0.0,0,0,OFF,0.0,esp32-simulated
35.46,50.65,853.62,69.13,69.13,2.8461233866462727,6.473268854849913,1.0,0.0,0.0,0,0,OFF,0.0,esp32-simulated
35.22,50.98,853.64,69.01,69.01,2.7899301619842465,6.422254570129144,1.0,0.0,0.0,0,0,OFF,0.0,esp32-simulated
35.2,51.07,853.57,68.82,68.82,2.781735964971939,6.418008952938598,1.0,0.0,0.0,0,0,OFF,0.0,esp32-simulated
35.08,50.72,853.51,68.56,68.56,2.783132599492055,6.392553274793162,1.0,0.0,0.0,0,0,OFF,0.0,esp32-simulated
35.35,50.52,853.55,68.57,68.57,2.8363752170294005,6.449871987845597,1.0,0.0,0.0,0,0,OFF,0.0,esp32-simulated
35.59,50.9,853.63,68.24,68.24,2.8520461503247856,6.500953088021356,1.0,0.0,0.0,0,1,ON,100.0,esp32-simulated
35.56,50.9,853.58,68.21,68.21,2.847340909114967,6.494561210112226,1.0,0.0,0.0,0,1,ON,100.0,esp32-simulated
35.53,51.02,853.64,67.95,67.95,2.835695003438805,6.48817125705383,1.0,0.0,0.0,0,1,ON,100.0,esp32-simulated
35.23,51.03,853.69,67.6,67.6,2.7886227782807254,6.424377700463474,1.0,0.0,0.0,1,1,ON,100.0,esp32-simulated
34.96,50.79,853.62,70.92,70.92,2.7608101127930995,6.367128519279504,0.9950000000000001,0.0,0.0,0,0,OFF,0.0,esp32-simulated
35.22,50.66,853.66,70.72,70.72,2.808142680381532,6.422254570129144,1.0,0.0,0.0,0,0,OFF,0.0,esp32-simulated
35.47,50.2,853.75,70.35,70.35,2.873658323407375,6.475397127436761,1.0,0.0,0.0,0,0,OFF,0.0,esp32-simulated
35.39,50.58,853.71,70.22,70.22,2.8391888330476562,6.458376941228668,1.0,0.0,0.0,0,0,OFF,0.0,esp32-simulated
35.3,50.39,853.8,70.06,70.06,2.835997805194054,6.439245616909445,1.0,0.0,0.0,0,0,OFF,0.0,esp32-simulated
35.4,50.18,853.78,69.79,69.79,2.8637467079535,6.460503715067426,1.0,0.0,0.0,0,0,OFF,0.0,esp32-simulated
35.26,50.41,853.83,69.46,69.46,2.8286068788583676,6.4307483782053625,1.0,0.0,0.0,0,0,OFF,0.0,esp32-simulated
35.25,50.5,853.82,69.42,69.42,2.821916086506765,6.428624604519689,1.0,0.0,0.0,0,0,OFF,0.0,esp32-simulated
35.04,50.52,853.76,69.35,69.35,2.7882593236129773,6.384074918891977,1.0,0.0,0.0,0,0,OFF,0.0,esp32-simulated
34.95,50.59,853.83,69.06,69.06,2.7704984344932435,6.3650111864499355,0.9937500000000004,0.0,0.0,0,0,OFF,0.0,esp32-simulated
35.12,50.14,853.83,68.67,68.67,2.8221163740727895,6.401035066541911,1.0,0.0,0.0,0,0,OFF,0.0,esp32-simulated
34.82,50.47,853.87,68.36,68.36,2.7573269017939026,6.337505429152918,0.9775,0.0,0.0,0,0,OFF,0.0,esp32-simulated
34.9,50.39,853.95,68.33,68.33,2.7740317872736635,6.3544277473142685,0.9874999999999998,0.0,0.0,0,0,OFF,0.0,esp32-simulated
34.99,50.16,853.86,68.09,68.09,2.8007958256581564,6.373481807445885,0.9987500000000002,0.0,0.0,0,0,OFF,0.0,esp32-simulated
35.16,50.35,853.78,67.93,67.93,2.816443612328853,6.409520292977188,1.0,0.0,0.0,1,1,ON,100.0,esp32-simulated
35.24,50.59,853.72,71.46,71.46,2.815231700015171,6.42650104526636,1.0,0.0,0.0,0,0,OFF,0.0,esp32-simulated
35.06,50.98,853.73,71.15,71.15,2.765391845140654,6.388313667289037,1.0,0.0,0.0,0,0,OFF,0.0,esp32-simulated
34.97,50.49,853.76,70.8,70.8,2.7791769401626367,6.369246067067466,0.9962499999999999,0.0,0.0,0,0,OFF,0.0,esp32-simulated
35.22,50.64,853.78,70.61,70.61,2.8092809627813624,6.422254570129144,1.0,0.0,0.0,0,0,OFF,0.0,esp32-simulated
35.31,50.78,853.8,70.61,70.61,2.815255226554743,6.441370462485329,1.0,0.0,0.0,0,0,OFF,0.0,esp32-simulated
35.12,51.19,853.89,70.6,70.6,2.7626855238365993,6.401035066541911,1.0,0.0,0.0,0,0,OFF,0.0,esp32-simulated
35.03,50.86,853.95,70.6,70.6,2.7675702179680415,6.381955866903979,1.0,0.0,0.0,0,0,OFF,0.0,esp32-simulated
34.8,51.21,853.98,70.42,70.42,2.713126245115741,6.3332770013793,0.9749999999999996,0.0,0.0,0,0,OFF,0.0,esp32-simulated
35.03,51.7,854.0,70.2,70.2,2.720261325353203,6.381955866903979,1.0,0.0,0.0,0,0,OFF,0.0,esp32-simulated
34.74,51.81,853.96,70.12,70.12,2.6708743021929293,6.320596884629419,0.9675000000000002,0.0,0.0,0,0,OFF,0.0,esp32-simulated
34.98,51.76,853.99,70.01,70.01,2.709384562809961,6.3713638297956505,0.9974999999999996,0.0,0.0,0,0,OFF,0.0,esp32-simulated
34.68,52.18,854.05,69.86,69.86,2.641574097591819,6.307924520797376,0.96,0.0,0.0,0,0,OFF,0.0,esp32-simulated
34.79,52.42,854.02,69.48,69.48,2.6443760964137084,6.33116311035764,0.9737499999999999,0.0,0.0,0,0,OFF,0.0,esp32-simulated
35.01,52.09,853.99,69.16,69.16,2.6953158344133206,6.377718407439829,1.0,0.0,0.0,0,0,OFF,0.0,esp32-simulated
35.22,52.03,854.02,69.22,69.22,2.7301703359931513,6.422254570129144,1.0,0.0,0.0,0,0,OFF,0.0,esp32-simulated
35.33,52.42,854.08,68.98,68.98,2.7244544440402474,6.445620796590289,1.0,0.0,0.0,0,0,OFF,0.0,esp32-simulated
35.12,52.65,854.06,68.85,68.85,2.6800483416034213,6.401035066541911,1.0,0.0,0.0,0,0,OFF,0.0,esp32-simulated
35.28,52.9,853.97,68.54,68.54,2.6895431505593486,6.434996568801323,1.0,0.0,0.0,0,0,OFF,0.0,esp32-simulated
35.14,52.72,854.06,68.48,68.48,2.6790432769515067,6.4052772504962725,1.0,0.0,0.0,0,0,OFF,0.0,esp32-simulated
34.92,52.69,854.07,68.16,68.16,2.6483510175947766,6.358660477893374,0.9900000000000002,0.0,0.0,0,0,OFF,0.0,esp32-simulated
35.15,52.26,854.02,68.0,68.0,2.706602371919343,6.407398664429977,1.0,0.0,0.0,0,1,ON,100.0,esp32-simulated
35.1,52.39,853.98,68.02,68.02,2.691789771241641,6.396793741259171,1.0,0.0,0.0,0,0,OFF,0.0,esp32-simulated
35.32,52.67,853.97,68.04,68.04,2.7086453885683617,6.443495522384974,1.0,0.0,0.0,0,1,ON,100.0,esp32-simulated
35.41,52.65,853.87,68.04,68.04,2.7232667790078895,6.462630703067236,1.0,0.0,0.0,0,1,ON,100.0,esp32-simulated
35.54,52.66,853.89,67.98,67.98,2.742256583663082,6.4903010275042785,1.0,0.0,0.0,0,1,ON,100.0,esp32-simulated
35.65,52.56,853.97,67.76,67.76,2.764734461391725,6.513742616445513,1.0,0.0,0.0,1,1,ON,100.0,esp32-simulated
35.83,52.73,854.02,71.02,71.02,2.782221069193003,6.552157347568746,1.0,0.0,0.0,0,0,OFF,0.0,esp32-simulated
35.84,53.02,853.93,70.97,70.97,2.766671633807883,6.554293527436927,1.0,0.0,0.0,0,0,OFF,0.0,esp32-simulated
35.86,53.51,853.85,70.57,70.57,2.740824595747964,6.55856652726096,1.0,0.0,0.0,0,0,OFF,0.0,esp32-simulated
35.98,53.83,853.75,70.51,70.51,2.7399501142211444,6.584222441122664,1.0,0.0,0.0,0,0,OFF,0.0,esp32-simulated
35.69,53.4,853.81,70.55,70.55,2.7217617387893034,6.522273243171684,1.0,0.0,0.0,0,0,OFF,0.0,esp32-simulated
35.92,53.56,853.86,70.6,70.6,2.746912111356856,6.5713906461420475,1.0,0.0,0.0,0,0,OFF,0.0,esp32-simulated
35.77,53.49,853.8,70.64,70.64,2.7284787308705902,6.5393447501048145,1.0,0.0,0.0,0,0,OFF,0.0,esp32-simulated
35.75,53.67,853.77,70.25,70.25,2.714933066440448,6.535075592046186,1.0,0.0,0.0,0,0,OFF,0.0,esp32-simulated
35.46,53.76,853.76,69.91,69.91,2.666762824691462,6.473268854849913,1.0,0.0,0.0,0,0,OFF,0.0,esp32-simulated
35.16,53.98,853.86,69.69,69.69,2.610528399584569,6.409520292977188,1.0,0.0,0.0,0,0,OFF,0.0,esp32-simulated
35.27,54.38,853.91,69.31,69.31,2.6035944483664495,6.432872366305276,1.0,0.0,0.0,0,0,OFF,0.0,esp32-simulated
35.28,54.09,853.83,69.07,69.07,2.6215907864581673,6.434996568801323,1.0,0.0,0.0,0,0,OFF,0.0,esp32-simulated
35.23,53.9,853.83,68.79,68.79,2.6251890969724614,6.424377700463474,1.0,0.0,0.0,0,0,OFF,0.0,esp32-simulated
35.46,53.95,853.8,68.41,68.41,2.655805105472358,6.473268854849913,1.0,0.0,0.0,0,0,OFF,0.0,esp32-simulated
35.29,54.38,853.72,68.5,68.5,2.6064681720096687,6.437120985675412,1.0,0.0,0.0,0,0,OFF,0.0,esp32-simulated
35.25,54.52,853.65,68.31,68.31,2.592742295238943,6.428624604519689,1.0,0.0,0.0,0,0,OFF,0.0,esp32-simulated
35.43,54.44,853.6,68.11,68.11,2.623206728968558,6.466885321477768,1.0,0.0,0.0,0,1,ON,100.0,esp32-simulated
35.58,54.86,853.69,68.11,68.11,2.6205810845316124,6.498822248209385,1.0,0.0,0.0,0,1,ON,100.0,esp32-simulated
35.31,54.38,853.68,67.87,67.87,2.60934464517325,6.441370462485329,1.0,0.0,0.0,1,1,ON,100.0,esp32-simulated
35.27,54.77,853.78,71.02,71.02,2.581336626471164,6.432872366305276,1.0,0.0,0.0,0,0,OFF,0.0,esp32-simulated
35.28,54.59,853.82,71.01,71.01,2.593039372970276,6.434996568801323,1.0,0.0,0.0,0,0,OFF,0.0,esp32-simulated
35.32,54.56,853.73,71.07,71.07,2.60048270561053,6.443495522384974,1.0,0.0,0.0,0,0,OFF,0.0,esp32-simulated
35.19,54.52,853.71,71.17,71.17,2.5841722094117823,6.4158864661186055,1.0,0.0,0.0,0,0,OFF,0.0,esp32-simulated
34.9,54.15,853.7,70.89,70.89,2.563784669350887,6.3544277473142685,0.9874999999999998,0.0,0.0,0,0,OFF,0.0,esp32-simulated
34.69,54.26,853.68,70.85,70.85,2.528075149961597,6.3100360428718645,0.9612499999999997,0.0,0.0,0,0,OFF,0.0,esp32-simulated
34.6,54.64,853.75,70.61,70.61,2.494599803383637,6.285604446034284,0.9500000000000002,0.0,0.0,0,0,OFF,0.0,esp32-simulated
34.45,54.25,853.66,70.63,70.63,2.4952023964572474,6.254614185524983,0.9312500000000004,0.0,0.0,0,0,OFF,0.0,esp32-simulated
34.67,54.08,853.73,70.25,70.25,2.535213235421189,6.3058132141911125,0.9587500000000002,0.0,0.0,0,0,OFF,0.0,esp32-simulated
34.65,54.32,853.77,70.14,70.14,2.5191697530088413,6.301591247456248,0.9562499999999998,0.0,0.0,0,0,OFF,0.0,esp32-simulated
34.52,54.03,853.77,70.06,70.06,2.516957142122819,6.27416948369513,0.9400000000000004,0.0,0.0,0,0,OFF,0.0,esp32-simulated
34.71,54.41,853.81,69.85,69.85,2.5225776654158025,6.314259733352574,0.9637500000000001,0.0,0.0,0,0,OFF,0.0,esp32-simulated
34.64,54.71,853.82,69.6,69.6,2.496278257402313,6.295729380124889,0.9550000000000001,0.0,0.0,0,0,OFF,0.0,esp32-simulated
34.49,54.86,853.77,69.28,69.28,2.4674032577374074,6.235156740530081,0.9362500000000002,0.0,0.0,0,0,OFF,0.0,esp32-simulated
34.72,55.35,853.76,69.11,69.11,2.471934495113261,6.288008355086436,0.9649999999999999,0.0,0.0,0,0,OFF,0.0,esp32-simulated
34.5,55.31,853.72,68.87,68.87,2.444161303898771,6.213937017377002,0.9375,0.0,0.0,0,0,OFF,0.0,esp32-simulated
34.32,54.92,853.66,68.73,68.73,2.440978514103676,6.173201361842689,0.915,0.0,0.0,0,0,OFF,0.0,esp32-simulated
34.17,54.51,853.68,68.59,68.59,2.4427294791651843,6.143705860504746,0.8962500000000002,0.0,0.0,0,0,OFF,0.0,esp32-simulated
34.19,54.82,853.64,68.36,68.36,2.4287825995189105,6.134022752778214,0.8987499999999997,0.0,0.0,0,0,OFF,0.0,esp32-simulated
34.08,54.81,853.6,68.1,68.1,2.414501554410341,6.097065025109193,0.8849999999999998,0.0,0.0,0,0,OFF,0.0,esp32-simulated
34.34,54.84,853.51,67.89,67.89,2.448028270252376,6.184403609191395,0.9175000000000004,0.0,0.0,0,0,OFF,0.0,esp32-simulated
34.11,54.39,853.43,67.58,67.58,2.4410132868911942,6.129523643097396,0.8887499999999999,0.0,0.0,0,0,OFF,0.0,esp32-simulated
34.34,54.58,853.33,67.54,67.54,2.462122321409719,6.1984666784522995,0.9175000000000004,0.0,0.0,0,0,OFF,0.0,esp32-simulated
34.51,54.1,853.39,67.57,67.57,2.511730894694635,6.272061627063103,0.9387499999999998,0.0,0.0,1,0,OFF,0.0,esp32-simulated
34.61,54.07,853.45,70.75,70.75,2.5273478432549403,6.293149900408087,0.9512499999999999,0.0,0.0,0,0,OFF,0.0,esp32-simulated
34.8,53.65,853.4,70.36,70.36,2.5774421287377454,6.3332770013793,0.9749999999999996,0.0,0.0,0,0,OFF,0.0,esp32-simulated
35.02,54.07,853.38,69.99,69.99,2.585353589112635,6.379837029747211,1.0,0.0,0.0,0,0,OFF,0.0,esp32-simulated
35.09,54.46,853.35,69.82,69.82,2.5733337336784756,6.394673400665005,1.0,0.0,0.0,0,0,OFF,0.0,esp32-simulated
35.16,54.57,853.43,69.64,69.64,2.5770600867693823,6.409520292977188,1.0,0.0,0.0,0,0,OFF,0.0,esp32-simulated
34.92,54.95,853.45,69.52,69.52,2.521839216711999,6.358660477893374,0.9900000000000002,0.0,0.0,0,0,OFF,0.0,esp32-simulated
34.62,54.64,853.38,69.32,69.32,2.497366817309524,6.292607662711864,0.9524999999999997,0.0,0.0,0,0,OFF,0.0,esp32-simulated
34.53,54.46,853.47,69.13,69.13,2.4947970409513984,6.271052721671228,0.9412500000000001,0.0,0.0,0,0,OFF,0.0,esp32-simulated
34.32,53.98,853.42,69.22,69.22,2.491877356234498,6.223954049942382,0.915,0.0,0.0,0,0,OFF,0.0,esp32-simulated
34.44,53.94,853.48,68.95,68.95,2.5107160282325465,6.25731267346563,0.9299999999999997,0.0,0.0,0,0,OFF,0.0,esp32-simulated
34.34,53.87,853.42,69.04,69.04,2.5006099226470795,6.23626109338032,0.9175000000000004,0.0,0.0,0,0,OFF,0.0,esp32-simulated
34.44,53.75,853.33,68.85,68.85,2.521072868123215,6.25731267346563,0.9299999999999997,0.0,0.0,0,0,OFF,0.0,esp32-simulated
34.49,53.28,853.31,68.59,68.59,2.5537678378708826,6.267846561153343,0.9362500000000002,0.0,0.0,0,0,OFF,0.0,esp32-simulated
34.32,53.09,853.23,68.37,68.37,2.540068813145595,6.23205336985453,0.915,0.0,0.0,0,0,OFF,0.0,esp32-simulated
34.22,52.89,853.28,68.36,68.36,2.5367627760810305,6.211027722743611,0.9024999999999999,0.0,0.0,0,0,OFF,0.0,esp32-simulated
34.5,53.32,853.22,68.11,68.11,2.552997307361706,6.269953986209747,0.9375,0.0,0.0,0,0,OFF,0.0,esp32-simulated
34.27,53.78,853.18,68.04,68.04,2.4957642760780443,6.217321408905086,0.9087500000000004,0.0,0.0,0,0,OFF,0.0,esp32-simulated
34.52,54.07,853.13,67.96,67.96,2.51476705542095,6.27416948369513,0.9400000000000004,0.0,0.0,0,0,OFF,0.0,esp32-simulated
34.28,54.09,853.09,67.66,67.66,2.48040293441712,6.2041261018481375,0.9100000000000001,0.0,0.0,0,0,OFF,0.0,esp32-simulated
34.49,54.38,853.1,67.54,67.54,2.49364059853745,6.261469000739257,0.9362500000000002,0.0,0.0,1,0,OFF,0.0,esp32-simulated
34.4,54.82,853.04,70.83,70.83,2.457285594514188,6.2061826338809185,0.9249999999999998,0.0,0.0,0,0,OFF,0.0,esp32-simulated
34.26,54.45,852.96,70.47,70.47,2.458219534814014,6.17785924231234,0.9074999999999998,0.0,0.0,0,0,OFF,0.0,esp32-simulated
34.18,54.93,853.01,70.12,70.12,2.4215224148227357,6.1247408130535,0.8975,0.0,0.0,0,0,OFF,0.0,esp32-simulated
34.46,54.53,853.05,69.94,69.94,2.481307772341815,6.242798883085235,0.9325000000000001,0.0,0.0,0,0,OFF,0.0,esp32-simulated
34.48,54.37,853.15,69.91,69.91,2.4928038100721066,6.258525039845769,0.9349999999999996,0.0,0.0,0,0,OFF,0.0,esp32-simulated
34.29,54.46,853.24,69.53,69.53,2.4617801925412506,6.187671931280124,0.9112499999999999,0.0,0.0,0,0,OFF,0.0,esp32-simulated
34.21,54.95,853.24,69.42,69.42,2.4244884520966274,6.133911045143616,0.9012500000000001,0.0,0.0,0,0,OFF,0.0,esp32-simulated
33.95,55.44,853.2,69.03,69.03,2.363671635596764,6.020124217617543,0.8687500000000004,0.0,0.0,0,0,OFF,0.0,esp32-simulated
33.85,55.16,853.25,68.87,68.87,2.365307880314257,6.00124129631055,0.8562500000000002,0.0,0.0,0,0,OFF,0.0,esp32-simulated
33.73,55.29,853.28,68.53,68.53,2.3427207461262065,5.954601275038883,0.8412499999999996,0.0,0.0,0,0,OFF,0.0,esp32-simulated
33.89,55.43,853.37,68.57,68.57,2.3563124487293283,6.0005967033992995,0.8612500000000001,0.0,0.0,0,0,OFF,0.0,esp32-simulated
33.76,55.55,853.41,68.43,68.43,2.3329982630452855,5.951205129302672,0.8449999999999998,0.0,0.0,0,0,OFF,0.0,esp32-simulated
33.88,55.58,853.35,68.14,68.14,2.347073999295862,5.989475210036108,0.8600000000000003,0.0,0.0,0,0,OFF,0.0,esp32-simulated
33.72,55.26,853.3,67.93,67.93,2.342985128963982,5.952821435520079,0.8399999999999999,0.0,0.0,0,0,OFF,0.0,esp32-simulated
34.02,54.77,853.29,67.71,67.71,2.408581845371807,6.078807359799829,0.8775000000000004,0.0,0.0,0,0,OFF,0.0,esp32-simulated
33.77,55.07,853.35,67.39,67.39,2.3595071542361508,5.979184288750127,0.8462500000000004,0.0,0.0,0,0,OFF,0.0,esp32-simulated
33.93,54.91,853.36,67.44,67.44,2.3891221909761393,6.041068853377598,0.86625,0.0,0.0,0,0,OFF,0.0,esp32-simulated
34.1,55.01,853.43,67.17,67.17,2.406492104085657,6.093277736387883,0.8875000000000002,0.0,0.0,0,0,OFF,0.0,esp32-simulated
34.14,54.67,853.35,67.14,67.14,2.4300798990414925,6.124926669354242,0.8925000000000001,0.0,0.0,0,1,ON,100.0,esp32-simulated
34.15,54.36,853.4,66.98,66.98,2.448059796983474,6.144828518173851,0.8937499999999998,0.0,0.0,1,1,ON,100.0,esp32-simulated
34.02,54.74,853.37,70.29,70.29,2.4101794013161175,6.080384221985929,0.8775000000000004,0.0,0.0,0,0,OFF,0.0,esp32-simulated
33.91,54.79,853.41,70.22,70.22,2.3928128261266948,6.04058242812426,0.8637499999999996,0.0,0.0,0,0,OFF,0.0,esp32-simulated
33.77,54.31,853.34,69.89,69.89,2.3994186930124575,6.018244468166674,0.8462500000000004,0.0,0.0,0,0,OFF,0.0,esp32-simulated
33.73,53.98,853.24,69.83,69.83,2.4113623067932908,6.021686759783732,0.8412499999999996,0.0,0.0,0,0,OFF,0.0,esp32-simulated
33.85,54.2,853.18,69.79,69.79,2.4159478349329384,6.050936682519838,0.8562500000000002,0.0,0.0,0,0,OFF,0.0,esp32-simulated
33.72,53.91,853.23,69.87,69.87,2.413683160347562,6.0218931216905665,0.8399999999999999,0.0,0.0,0,0,OFF,0.0,esp32-simulated
33.93,53.63,853.17,69.65,69.65,2.456943801187925,6.107807224807731,0.86625,0.0,0.0,0,0,OFF,0.0,esp32-simulated
34.04,53.76,853.23,69.47,69.47,2.465109184999277,6.138773802261985,0.8799999999999999,0.0,0.0,0,0,OFF,0.0,esp32-simulated
34.15,53.45,853.24,69.3,69.3,2.4968708052055373,6.193220319019291,0.8937499999999998,0.0,0.0,0,0,OFF,0.0,esp32-simulated
34.19,53.76,853.15,69.21,69.21,2.4857659894146624,6.190593348121412,0.8987499999999997,0.0,0.0,0,0,OFF,0.0,esp32-simulated
34.36,53.61,853.12,69.18,69.18,2.51749863221102,6.240469681265217,0.9199999999999999,0.0,0.0,0,0,OFF,0.0,esp32-simulated
34.53,53.16,853.04,69.02,69.02,2.56601434778576,6.276277556087544,0.9412500000000001,0.0,0.0,0,0,OFF,0.0,esp32-simulated
34.43,53.43,852.95,68.71,68.71,2.537107462179869,6.25520654357499,0.92875,0.0,0.0,0,0,OFF,0.0,esp32-simulated
34.68,53.05,853.01,68.4,68.4,2.5935153467573384,6.307924520797376,0.96,0.0,0.0,0,0,OFF,0.0,esp32-simulated
34.68,53.01,852.99,68.27,68.27,2.595724944496854,6.307924520797376,0.96,0.0,0.0,0,0,OFF,0.0,esp32-simulated
34.53,53.26,853.0,68.24,68.24,2.5605360934138863,6.276277556087544,0.9412500000000001,0.0,0.0,0,0,OFF,0.0,esp32-simulated
34.82,52.97,853.02,68.28,68.28,2.6181523155939286,6.337505429152918,0.9775,0.0,0.0,0,0,OFF,0.0,esp32-simulated
34.86,53.15,852.93,67.92,67.92,2.6139110496877236,6.345964867111453,0.9824999999999999,0.0,0.0,1,0,OFF,0.0,esp32-simulated
35.15,52.7,852.94,71.13,71.13,2.6816567279385195,6.407398664429977,1.0,0.0,0.0,0,0,OFF,0.0,esp32-simulated
35.2,52.92,852.86,70.73,70.73,2.676560989799283,6.418008952938598,1.0,0.0,0.0,0,0,OFF,0.0,esp32-simulated
35.29,53.17,852.95,70.37,70.37,2.675600712301902,6.437120985675412,1.0,0.0,0.0,0,0,OFF,0.0,esp32-simulated
35.17,52.7,852.92,70.31,70.31,2.6846192222789043,6.411642136119782,1.0,0.0,0.0,0,0,OFF,0.0,esp32-simulated
35.01,53.01,852.94,70.17,70.17,2.6435585693817982,6.377718407439829,1.0,0.0,0.0,0,0,OFF,0.0,esp32-simulated
35.04,53.29,852.98,69.8,69.8,2.6321663905812884,6.384074918891977,1.0,0.0,0.0,0,0,OFF,0.0,esp32-simulated
35.3,53.69,852.98,69.42,69.42,2.647350501079151,6.439245616909445,1.0,0.0,0.0,0,0,OFF,0.0,esp32-simulated
35.13,53.84,853.0,69.07,69.07,2.614136504880588,6.403156051194207,1.0,0.0,0.0,0,0,OFF,0.0,esp32-simulated
34.88,54.09,853.0,68.8,68.8,2.5643012018332003,6.350195877005119,0.9850000000000003,0.0,0.0,0,0,OFF,0.0,esp32-simulated
34.58,53.86,853.03,68.6,68.6,2.5346844710843053,6.286821153815836,0.9474999999999998,0.0,0.0,0,0,OFF,0.0,esp32-simulated
34.59,53.76,852.98,68.5,68.5,2.5415865887553486,6.288930520386845,0.9487500000000004,0.0,0.0,0,0,OFF,0.0,esp32-simulated
34.53,53.47,853.07,68.35,68.35,2.549031759232951,6.276277556087544,0.9412500000000001,0.0,0.0,0,0,OFF,0.0,esp32-simulated
34.33,53.18,853.0,68.44,68.44,2.5366041035119564,6.234157123563375,0.9162499999999998,0.0,0.0,0,0,OFF,0.0,esp32-simulated
34.48,53.5,853.04,68.22,68.22,2.540332613814441,6.265739351912175,0.9349999999999996,0.0,0.0,0,0,OFF,0.0,esp32-simulated
34.27,53.02,853.13,68.07,68.07,2.5368023732182285,6.221537843573145,0.9087500000000004,0.0,0.0,0,0,OFF,0.0,esp32-simulated
34.43,53.25,853.19,67.7,67.7,2.5469137611532933,6.25520654357499,0.92875,0.0,0.0,1,0,OFF,0.0,esp32-simulated
34.54,53.34,853.2,70.84,70.84,2.5575715240759544,6.278385844222073,0.9424999999999999,0.0,0.0,0,0,OFF,0.0,esp32-simulated
34.29,52.94,853.14,70.48,70.48,2.5439476473647615,6.225743405559816,0.9112499999999999,0.0,0.0,0,0,OFF,0.0,esp32-simulated
34.05,52.57,853.1,70.46,70.46,2.529957287769774,6.175333775582372,0.8812499999999996,0.0,0.0,0,0,OFF,0.0,esp32-simulated
33.91,52.38,853.2,70.45,70.45,2.520365998233868,6.145985763265052,0.8637499999999996,0.0,0.0,0,0,OFF,0.0,esp32-simulated
34.11,52.53,853.15,70.15,70.15,2.5405591038966233,6.187924495409342,0.8887499999999999,0.0,0.0,0,0,OFF,0.0,esp32-simulated
34.2,52.34,853.17,70.03,70.03,2.5635271261145487,6.206825188451823,0.9000000000000004,0.0,0.0,0,0,OFF,0.0,esp32-simulated
34.47,51.96,853.12,70.09,70.09,2.62300829470092,6.263632358504529,0.9337499999999999,0.0,0.0,0,0,OFF,0.0,esp32-simulated
34.19,52.38,853.11,69.91,69.91,2.5599519121091308,6.20472424581646,0.8987499999999997,0.0,0.0,0,0,OFF,0.0,esp32-simulated
34.21,52.4,853.13,69.6,69.6,2.5617236474983236,6.208926347433656,0.9012500000000001,0.0,0.0,0,0,OFF,0.0,esp32-simulated
34.0,52.9,853.08,69.55,69.55,2.505371558844002,6.1648474659962185,0.875,0.0,0.0,0,0,OFF,0.0,esp32-simulated
33.77,52.8,853.17,69.35,69.35,2.4787166187390675,6.095850877270601,0.8462500000000004,0.0,0.0,0,0,OFF,0.0,esp32-simulated
34.01,53.09,853.15,69.07,69.07,2.496654635640784,6.163643386455418,0.8762499999999998,0.0,0.0,0,0,OFF,0.0,esp32-simulated
33.89,53.3,853.09,68.82,68.82,2.4689206047937997,6.1112553268696646,0.8612500000000001,0.0,0.0,0,0,OFF,0.0,esp32-simulated
33.64,53.47,853.13,68.56,68.56,2.4258701515994847,6.01727984590318,0.8300000000000001,0.0,0.0,0,0,OFF,0.0,esp32-simulated
33.9,53.72,853.09,68.48,68.48,2.448079918834041,6.092852490713519,0.8624999999999998,0.0,0.0,0,0,OFF,0.0,esp32-simulated
34.14,53.6,853.06,68.46,68.46,2.4874411496917106,6.1817760078149835,0.8925000000000001,0.0,0.0,0,0,OFF,0.0,esp32-simulated
34.08,54.06,853.01,68.11,68.11,2.4545740519940495,6.1366991498360495,0.8849999999999998,0.0,0.0,0,0,OFF,0.0,esp32-simulated
33.93,53.81,852.97,68.09,68.09,2.4474063872518927,6.098422141325368,0.86625,0.0,0.0,0,0,OFF,0.0,esp32-simulated
33.64,53.9,853.05,67.99,67.99,2.4034518372821023,5.9954372119730985,0.8300000000000001,0.0,0.0,0,0,OFF,0.0,esp32-simulated
33.86,54.23,853.04,68.06,68.06,2.41571144113936,6.0527700396942885,0.8574999999999999,0.0,0.0,0,0,OFF,0.0,esp32-simulated
34.02,54.61,853.0,68.16,68.16,2.417102143741462,6.087217291459027,0.8775000000000004,0.0,0.0,0,0,OFF,0.0,esp32-simulated
34.02,54.89,853.05,68.12,68.12,2.402191621594566,6.072499911055432,0.8775000000000004,0.0,0.0,0,0,OFF,0.0,esp32-simulated
33.9,54.96,853.02,68.09,68.09,2.382487457741686,6.028373620616315,0.8624999999999998,0.0,0.0,0,0,OFF,0.0,esp32-simulated
33.75,54.57,852.99,68.13,68.13,2.383104788606309,5.998173766845922,0.84375,0.0,0.0,0,0,OFF,0.0,esp32-simulated
33.88,54.39,853.02,67.82,67.82,2.4099514882459308,6.051243061529997,0.8600000000000003,0.0,0.0,0,0,OFF,0.0,esp32-simulated
34.01,54.4,853.04,67.8,67.8,2.426933519190359,6.094848787846741,0.8762499999999998,0.0,0.0,0,0,OFF,0.0,esp32-simulated
33.95,54.62,852.96,67.84,67.84,2.4071682859825216,6.062955310613753,0.8687500000000004,0.0,0.0,0,0,OFF,0.0,esp32-simulated
34.22,54.72,852.92,67.62,67.62,2.4382215771799847,6.149634523255213,0.9024999999999999,0.0,0.0,0,0,OFF,0.0,esp32-simulated
34.26,54.93,852.84,67.22,67.22,2.4323151357643824,6.152081524532244,0.9074999999999998,0.0,0.0,0,1,ON,100.0,esp32-simulated
34.16,54.77,852.79,66.89,66.89,2.4274176646398358,6.126439356766461,0.8949999999999996,0.0,0.0,1,1,ON,100.0,esp32-simulated
33.9,54.67,852.75,70.27,70.27,2.3978276300939303,6.0434533563648545,0.8624999999999998,0.0,0.0,0,0,OFF,0.0,esp32-simulated
33.93,54.75,852.65,70.11,70.11,2.3975998922526123,6.049411149806364,0.86625,0.0,0.0,0,0,OFF,0.0,esp32-simulated
34.19,55.12,852.71,70.18,70.18,2.412655225020113,6.118012206926366,0.8987499999999997,0.0,0.0,0,0,OFF,0.0,esp32-simulated
34.46,54.84,852.71,70.12,70.12,2.464391005035328,6.225850919687391,0.9325000000000001,0.0,0.0,0,0,OFF,0.0,esp32-simulated
34.52,55.24,852.79,69.99,69.99,2.450707019391285,6.224685881343838,0.9400000000000004,0.0,0.0,0,0,OFF,0.0,esp32-simulated
34.35,55.68,852.77,69.62,69.62,2.403828299905085,6.142372608131501,0.9187500000000002,0.0,0.0,0,0,OFF,0.0,esp32-simulated
34.09,55.75,852.71,69.26,69.26,2.3655933021854443,6.050745236322813,0.8862500000000004,0.0,0.0,0,0,OFF,0.0,esp32-simulated
33.8,56.05,852.67,69.03,69.03,2.3119069011702575,5.938686693343177,0.8499999999999996,0.0,0.0,0,0,OFF,0.0,esp32-simulated
33.53,56.37,852.61,68.82,68.82,2.2607453258519774,5.834309557721135,0.8162500000000001,0.0,0.0,0,0,OFF,0.0,esp32-simulated
33.4,56.64,852.59,68.88,68.88,2.2304871893796037,5.779002185610433,0.7999999999999998,0.0,0.0,0,0,OFF,0.0,esp32-simulated
33.17,56.77,852.66,68.5,68.5,2.195354333747294,5.69951908501788,0.7712500000000002,0.0,0.0,0,0,OFF,0.0,esp32-simulated
33.04,56.57,852.68,68.45,68.45,2.1894994583904155,5.668243624017408,0.7549999999999999,0.0,0.0,0,0,OFF,0.0,esp32-simulated
33.28,56.36,852.72,68.07,68.07,2.229868784462582,5.754496122021904,0.7850000000000001,0.0,0.0,0,0,OFF,0.0,esp32-simulated
33.53,56.71,852.68,68.15,68.15,2.2431277826296605,5.817209149163906,0.8162500000000001,0.0,0.0,0,0,OFF,0.0,esp32-simulated
33.56,56.48,852.68,68.05,68.05,2.25882811999897,5.838467572398985,0.8200000000000003,0.0,0.0,0,0,OFF,0.0,esp32-simulated
33.79,56.36,852.71,67.69,67.69,2.294320194252954,5.919434051360961,0.8487499999999999,0.0,0.0,0,0,OFF,0.0,esp32-simulated
33.79,56.03,852.78,67.37,67.37,2.311669544942768,5.936424934362152,0.8487499999999999,0.0,0.0,0,0,OFF,0.0,esp32-simulated
33.65,55.55,852.86,67.37,67.37,2.318722135640093,5.914911710706808,0.8312499999999998,0.0,0.0,0,0,OFF,0.0,esp32-simulated
33.83,55.62,852.82,67.1,67.1,2.3384343459183903,5.970790746353102,0.8537499999999998,0.0,0.0,0,0,OFF,0.0,esp32-simulated
33.55,55.25,852.87,67.19,67.19,2.3213719534792303,5.897210772246314,0.8187499999999996,0.0,0.0,0,0,OFF,0.0,esp32-simulated
33.59,55.17,852.8,66.8,66.8,2.3307234560169507,5.914417417867853,0.8237500000000004,0.0,0.0,0,0,OFF,0.0,esp32-simulated
33.86,55.56,852.72,66.58,66.58,2.345514888447305,5.983859323537618,0.8574999999999999,0.0,0.0,1,1,ON,100.0,esp32-simulated
33.76,55.08,852.76,69.88,69.88,2.3576666361303538,5.9753390419041725,0.8449999999999998,0.0,0.0,0,0,OFF,0.0,esp32-simulated
33.67,54.66,852.71,69.69,69.69,2.3677906079713007,5.966826842220022,0.8337500000000002,0.0,0.0,0,0,OFF,0.0,esp32-simulated
33.42,54.5,852.61,69.73,69.73,2.3431904429171238,5.891971657238241,0.8025000000000002,0.0,0.0,0,0,OFF,0.0,esp32-simulated
33.49,54.23,852.53,69.44,69.44,2.366337011080572,5.928635904592496,0.8112500000000002,0.0,0.0,0,0,OFF,0.0,esp32-simulated
33.54,54.03,852.49,69.22,69.22,2.383326674580564,5.955340398545753,0.8174999999999999,0.0,0.0,0,0,OFF,0.0,esp32-simulated
33.42,53.94,852.44,69.05,69.05,2.3720297099068732,5.919858549222169,0.8025000000000002,0.0,0.0,0,0,OFF,0.0,esp32-simulated
33.21,54.35,852.48,68.71,68.71,2.3234493805208687,5.830399012821562,0.7762500000000001,0.0,0.0,0,0,OFF,0.0,esp32-simulated
33.51,54.75,852.57,68.67,68.67,2.3420689458839448,5.909178897315647,0.8137499999999998,0.0,0.0,0,0,OFF,0.0,esp32-simulated
33.31,54.68,852.59,68.62,68.62,2.31960311393834,5.846912452513196,0.7887500000000003,0.0,0.0,0,0,OFF,0.0,esp32-simulated
33.17,54.75,852.53,68.66,68.66,2.2979362387708777,5.797859317178761,0.7712500000000002,0.0,0.0,0,0,OFF,0.0,esp32-simulated
33.42,55.06,852.47,68.44,68.44,2.3143511759273747,5.864084765254313,0.8025000000000002,0.0,0.0,0,0,OFF,0.0,esp32-simulated
33.53,55.32,852.39,68.18,68.18,2.3151524446267784,5.887119642971403,0.8162500000000001,0.0,0.0,0,0,OFF,0.0,esp32-simulated
33.69,54.98,852.46,67.94,67.94,2.3537050109173414,5.95717054430148,0.8362499999999997,0.0,0.0,0,0,OFF,0.0,esp32-simulated
33.69,55.42,852.43,67.82,67.82,2.3307012302686596,5.934719026044489,0.8362499999999997,0.0,0.0,0,0,OFF,0.0,esp32-simulated
33.92,54.99,852.46,67.67,67.67,2.3835550995466877,6.033534618629713,0.8650000000000002,0.0,0.0,0,0,OFF,0.0,esp32-simulated
33.96,55.34,852.52,67.61,67.61,2.370295929706617,6.028699403645309,0.8700000000000001,0.0,0.0,0,0,OFF,0.0,esp32-simulated
33.76,55.45,852.61,67.56,67.56,2.338246853063385,5.956340004324268,0.8449999999999998,0.0,0.0,0,0,OFF,0.0,esp32-simulated
33.98,54.99,852.53,67.34,67.34,2.391534181652005,6.053739190637298,0.8724999999999996,0.0,0.0,0,0,OFF,0.0,esp32-simulated
33.82,55.44,852.59,67.26,67.26,2.346610139217407,5.9767670035761835,0.8525,0.0,0.0,0,0,OFF,0.0,esp32-simulated
33.63,55.49,852.53,67.35,67.35,2.3192610281630244,5.911379946966594,0.8287500000000003,0.0,0.0,0,0,OFF,0.0,esp32-simulated
33.4,55.76,852.62,67.42,67.42,2.275755379569965,5.822745272379901,0.7999999999999998,0.0,0.0,0,0,OFF,0.0,esp32-simulated
33.13,55.49,852.7,67.43,67.43,2.2552965426884803,5.748995276684923,0.7662500000000003,0.0,0.0,0,0,OFF,0.0,esp32-simulated
32.88,55.85,852.7,67.24,67.24,2.205905591300747,5.652276719957295,0.7350000000000003,0.0,0.0,0,0,OFF,0.0,esp32-simulated
32.99,56.22,852.66,67.13,67.13,2.20096375667962,5.669304396635722,0.7487500000000002,0.0,0.0,0,0,OFF,0.0,esp32-simulated
32.92,56.03,852.71,67.22,67.22,2.201850417274313,5.656323839055768,0.7400000000000002,0.0,0.0,0,0,OFF,0.0,esp32-simulated
32.66,55.88,852.78,67.3,67.3,2.177325317554592,5.581966171038519,0.7074999999999996,0.0,0.0,0,0,OFF,0.0,esp32-simulated
32.89,55.95,852.81,66.92,66.92,2.2021451262998046,5.6506816373185496,0.7362500000000001,0.0,0.0,0,0,OFF,0.0,esp32-simulated
33.08,56.02,852.75,66.94,66.94,2.222205491900823,5.707391912712746,0.7599999999999998,0.0,0.0,0,0,OFF,0.0,esp32-simulated
32.99,56.46,852.76,66.85,66.85,2.1888981719011116,5.6578098764824105,0.7487500000000002,0.0,0.0,0,0,OFF,0.0,esp32-simulated
29.3,55.9,855.23,59.6,59.6,1.797361299740594,4.618641671209857,0.2875000000000001,0.006666666666666643,0.006328935499567635,1,1,ON,100.0,esp32-simulated
33.16,56.31,852.79,66.56,66.56,2.217471922706514,5.718737530842801,0.7699999999999996,0.0,0.0,0,0,OFF,0.0,esp32-simulated
33.24,56.21,852.74,66.31,66.31,2.2325282950419756,5.749089034709877,0.7800000000000002,0.0,0.0,1,0,OFF,0.0,esp32-simulated
33.52,56.27,852.71,69.51,69.51,2.2646612376345905,5.83610268063554,0.8150000000000004,0.0,0.0,0,0,OFF,0.0,esp32-simulated
33.35,55.85,852.63,69.35,69.35,2.26478263346249,5.802118497183407,0.7937500000000002,0.0,0.0,0,0,OFF,0.0,esp32-simulated
33.49,55.42,852.57,69.25,69.25,2.304813282804717,5.869000246227067,0.8112500000000002,0.0,0.0,0,0,OFF,0.0,esp32-simulated
33.63,55.07,852.62,69.08,69.08,2.34114576489249,5.932695391012731,0.8287500000000003,0.0,0.0,0,0,OFF,0.0,esp32-simulated
33.59,55.46,852.71,68.98,68.98,2.315646279968659,5.899752598249384,0.8237500000000004,0.0,0.0,0,0,OFF,0.0,esp32-simulated
33.69,55.0,852.62,68.65,68.65,2.3526593845242187,5.956150020744343,0.8362499999999997,0.0,0.0,0,0,OFF,0.0,esp32-simulated
33.53,54.82,852.58,68.28,68.28,2.341060596424303,5.912267302614389,0.8162500000000001,0.0,0.0,0,0,OFF,0.0,esp32-simulated
33.57,54.44,852.57,68.24,68.24,2.3660319338871236,5.944674510120648,0.82125,0.0,0.0,0,0,OFF,0.0,esp32-simulated
33.75,54.39,852.47,68.28,68.28,2.3925469823538132,6.007408228148943,0.84375,0.0,0.0,0,0,OFF,0.0,esp32-simulated
33.68,54.44,852.51,68.06,68.06,2.380607973510781,5.9813776729476125,0.835,0.0,0.0,0,0,OFF,0.0,esp32-simulated
33.58,54.01,852.58,67.82,67.82,2.3896971508546883,5.96972733326482,0.8224999999999998,0.0,0.0,0,0,OFF,0.0,esp32-simulated
33.4,54.46,852.66,67.68,67.68,2.34262884235118,5.887365741471161,0.7999999999999998,0.0,0.0,0,0,OFF,0.0,esp32-simulated
33.25,54.87,852.65,67.62,67.62,2.302133591971141,5.817992767351707,0.78125,0.0,0.0,0,0,OFF,0.0,esp32-simulated
33.28,55.21,852.68,67.5,67.5,2.288630221266706,5.811042924702986,0.7850000000000001,0.0,0.0,0,0,OFF,0.0,esp32-simulated
33.18,55.61,852.72,67.31,67.31,2.2555259250337465,5.759200098474241,0.7725,0.0,0.0,0,0,OFF,0.0,esp32-simulated
33.2,55.18,852.7,67.2,67.2,2.279927577963161,5.786612674760369,0.7750000000000004,0.0,0.0,0,0,OFF,0.0,esp32-simulated
33.39,55.67,852.75,66.85,66.85,2.279110062714763,5.823976998167248,0.7987500000000001,0.0,0.0,0,0,OFF,0.0,esp32-simulated
33.13,55.44,852.71,66.49,66.49,2.257830014428189,5.751420621871737,0.7662500000000003,0.0,0.0,1,0,OFF,0.0,esp32-simulated
33.25,55.31,852.64,69.78,69.78,2.279688682144699,5.79641619091801,0.78125,0.0,0.0,0,0,OFF,0.0,esp32-simulated
33.35,55.51,852.54,69.6,69.6,2.2822237681256214,5.818942967194648,0.7937500000000002,0.0,0.0,0,0,OFF,0.0,esp32-simulated
33.46,55.95,852.53,69.52,69.52,2.2735962803668244,5.832711913620709,0.8075000000000001,0.0,0.0,0,0,OFF,0.0,esp32-simulated
33.59,55.6,852.49,69.17,69.17,2.30836764325569,5.8926730301577095,0.8237500000000004,0.0,0.0,0,0,OFF,0.0,esp32-simulated
33.81,55.86,852.5,69.0,69.0,2.3231965232084804,5.951780128800886,0.8512500000000003,0.0,0.0,0,0,OFF,0.0,esp32-simulated
33.85,55.4,852.56,69.07,69.07,2.3526478916595868,5.988817449758227,0.8562500000000002,0.0,0.0,0,0,OFF,0.0,esp32-simulated
33.64,55.12,852.52,68.74,68.74,2.3398463873583677,5.933465087799378,0.8300000000000001,0.0,0.0,0,0,OFF,0.0,esp32-simulated
33.38,54.95,852.57,68.83,68.83,2.314831866322839,5.856461777277273,0.7975000000000003,0.0,0.0,0,0,OFF,0.0,esp32-simulated
33.23,55.02,852.61,68.88,68.88,2.2919138970409754,5.8041465668942305,0.7787499999999996,0.0,0.0,0,0,OFF,0.0,esp32-simulated
33.08,55.26,852.62,68.7,68.7,2.2606064963083865,5.744090178084392,0.7599999999999998,0.0,0.0,0,0,OFF,0.0,esp32-simulated
32.96,55.55,852.61,68.37,68.37,2.230888966215754,5.691857973102837,0.7450000000000001,0.0,0.0,0,0,OFF,0.0,esp32-simulated
32.9,55.23,852.54,68.47,68.47,2.239396063093596,5.688032130989928,0.7374999999999998,0.0,0.0,0,0,OFF,0.0,esp32-simulated
33.08,54.82,852.5,68.21,68.21,2.28283865675487,5.7653365422469225,0.7599999999999998,0.0,0.0,0,0,OFF,0.0,esp32-simulated
33.03,55.09,852.54,67.93,67.93,2.2628435479822233,5.736241144658484,0.7537500000000001,0.0,0.0,0,0,OFF,0.0,esp32-simulated
33.18,54.95,852.5,67.92,67.92,2.289061566180903,5.791360224033271,0.7725,0.0,0.0,0,0,OFF,0.0,esp32-simulated
32.92,55.25,852.54,67.58,67.58,2.2409098515584605,5.693443859518688,0.7400000000000002,0.0,0.0,0,0,OFF,0.0,esp32-simulated
32.87,55.47,852.52,67.29,67.29,2.2236430858291056,5.667129371247527,0.7337499999999997,0.0,0.0,0,0,OFF,0.0,esp32-simulated
32.69,55.29,852.57,66.9,66.9,2.2101668342978638,5.6188100089972215,0.7112499999999997,0.0,0.0,0,0,OFF,0.0,esp32-simulated
32.41,55.35,852.53,66.59,66.59,2.1726921865303197,5.528686940775417,0.6762499999999996,0.0,0.0,0,0,OFF,0.0,esp32-simulated
32.68,55.36,852.61,66.46,66.46,2.2054661783317844,5.612407969652638,0.71,0.0,0.0,0,0,OFF,0.0,esp32-simulated
32.89,55.41,852.55,66.52,66.52,2.229140775975217,5.67631001476424,0.7362500000000001,0.0,0.0,1,0,OFF,0.0,esp32-simulated
33.07,55.82,852.62,69.91,69.91,2.2310599252478656,5.713866493159431,0.75875,0.0,0.0,0,0,OFF,0.0,esp32-simulated
33.04,56.11,852.62,69.97,69.97,2.21269010427712,5.690375157424397,0.7549999999999999,0.0,0.0,0,0,OFF,0.0,esp32-simulated
33.18,55.98,852.66,69.69,69.69,2.2367256413603407,5.741170937175997,0.7725,0.0,0.0,0,0,OFF,0.0,esp32-simulated
33.34,55.55,852.67,69.71,69.71,2.278896500045423,5.813724526337708,0.7925000000000004,0.0,0.0,0,0,OFF,0.0,esp32-simulated
33.1,55.57,852.62,69.38,69.38,2.247461113466028,5.7355136791060755,0.7625000000000002,0.0,0.0,0,0,OFF,0.0,esp32-simulated
32.94,55.65,852.71,69.4,69.4,2.2233735172873716,5.680741566445114,0.7424999999999997,0.0,0.0,0,0,OFF,0.0,esp32-simulated
32.92,55.16,852.78,69.34,69.34,2.2454167093604775,5.69772693880287,0.7400000000000002,0.0,0.0,0,0,OFF,0.0,esp32-simulated
33.17,55.07,852.83,69.21,69.21,2.2816856399552607,5.782280666539415,0.7712500000000002,0.0,0.0,0,0,OFF,0.0,esp32-simulated
33.33,54.95,852.8,69.23,69.23,2.30836579995121,5.8401236411624415,0.7912499999999998,0.0,0.0,0,0,OFF,0.0,esp32-simulated
33.55,54.51,852.78,68.97,68.97,2.359758886341233,5.934496551427999,0.8187499999999996,0.0,0.0,0,0,OFF,0.0,esp32-simulated
33.62,54.57,852.71,68.64,68.64,2.3658777106874913,5.9547402185695955,0.8274999999999997,0.0,0.0,0,0,OFF,0.0,esp32-simulated
33.84,54.34,852.76,68.72,68.72,2.407220621199918,6.040309970643453,0.8550000000000004,0.0,0.0,0,0,OFF,0.0,esp32-simulated
33.63,54.43,852.75,68.66,68.66,2.3744939351469116,5.96517606765446,0.8287500000000003,0.0,0.0,0,0,OFF,0.0,esp32-simulated
33.5,54.85,852.85,68.61,68.61,2.3355875507620607,5.900860983435018,0.8125,0.0,0.0,0,0,OFF,0.0,esp32-simulated
33.68,54.5,852.85,68.48,68.48,2.377472844485086,5.9783188587423775,0.835,0.0,0.0,0,0,OFF,0.0,esp32-simulated
33.79,54.38,852.88,68.21,68.21,2.3984162983918367,6.021379349368105,0.8487499999999999,0.0,0.0,0,0,OFF,0.0,esp32-simulated
33.88,54.37,852.87,68.15,68.15,2.4110082527661008,6.052281176681155,0.8600000000000003,0.0,0.0,0,0,OFF,0.0,esp32-simulated
34.08,54.82,852.88,67.86,67.86,2.4139672544425586,6.096536570112836,0.8849999999999998,0.0,0.0,0,0,OFF,0.0,esp32-simulated
33.82,55.24,852.92,67.92,67.92,2.35714250070402,5.987092326856738,0.8525,0.0,0.0,0,0,OFF,0.0,esp32-simulated
33.83,54.87,852.95,67.61,67.61,2.377952727158562,6.009545534795199,0.8537499999999998,0.0,0.0,0,0,OFF,0.0,esp32-simulated
33.66,55.12,852.92,67.6,67.6,2.342460182617529,5.940084692759058,0.8324999999999996,0.0,0.0,0,0,OFF,0.0,esp32-simulated
33.62,55.16,853.0,67.53,67.53,2.335152026133108,5.924824075995434,0.8274999999999997,0.0,0.0,0,0,OFF,0.0,esp32-simulated
33.66,54.91,853.09,67.21,67.21,2.3534208920281734,5.9507712693209704,0.8324999999999996,0.0,0.0,0,0,OFF,0.0,esp32-simulated
33.89,54.63,853.02,66.94,66.94,2.3986065918521344,6.042158627707417,0.8612500000000001,0.0,0.0,0,1,ON,100.0,esp32-simulated
34.06,54.74,852.92,67.04,67.04,2.415551640823173,6.09396385225013,0.8825000000000003,0.0,0.0,0,1,ON,100.0,esp32-simulated
34.31,55.1,852.91,67.01,67.01,2.429881757647129,6.160056531122427,0.9137500000000003,0.0,0.0,1,1,ON,100.0,esp32-simulated
34.05,54.8,852.94,70.25,70.25,2.411007155960232,6.087404093088946,0.8812499999999996,0.0,0.0,0,0,OFF,0.0,esp32-simulated
33.91,54.67,853.0,70.26,70.26,2.399164021418338,6.046827925059005,0.8637499999999996,0.0,0.0,0,0,OFF,0.0,esp32-simulated
34.02,54.2,852.9,70.34,70.34,2.4389354083137027,6.108767741335718,0.8775000000000004,0.0,0.0,0,0,OFF,0.0,esp32-simulated
33.84,54.04,852.88,70.44,70.44,2.423036788224884,6.055825827107867,0.8550000000000004,0.0,0.0,0,0,OFF,0.0,esp32-simulated
33.89,53.66,852.9,70.49,70.49,2.4498882403885367,6.092552460931011,0.8612500000000001,0.0,0.0,0,0,OFF,0.0,esp32-simulated
34.08,53.99,852.9,70.38,70.38,2.4583141517685285,6.1403983348105555,0.8849999999999998,0.0,0.0,0,0,OFF,0.0,esp32-simulated
33.93,53.94,852.88,70.04,70.04,2.440518254964758,6.091644025476995,0.86625,0.0,0.0,0,0,OFF,0.0,esp32-simulated
33.87,54.29,852.82,70.09,70.09,2.413889669829257,6.05304658431174,0.8587499999999997,0.0,0.0,0,0,OFF,0.0,esp32-simulated
34.15,54.38,852.91,69.89,69.89,2.446987027572,6.143764962111314,0.8937499999999998,0.0,0.0,0,0,OFF,0.0,esp32-simulated
34.44,54.33,852.9,69.79,69.79,2.4894572516148585,6.246757589772269,0.9299999999999997,0.0,0.0,0,0,OFF,0.0,esp32-simulated
34.64,54.24,852.98,69.78,69.78,2.52218355174939,6.299480587364136,0.9550000000000001,0.0,0.0,0,0,OFF,0.0,esp32-simulated
34.75,54.25,852.9,69.63,69.63,2.5370446431920315,6.322709699130315,0.96875,0.0,0.0,0,0,OFF,0.0,esp32-simulated
34.74,53.97,852.89,69.28,69.28,2.551158832329125,6.320596884629419,0.9675000000000002,0.0,0.0,0,0,OFF,0.0,esp32-simulated
34.63,54.34,852.96,69.01,69.01,2.5152774552829023,6.2973701428132385,0.9537500000000003,0.0,0.0,0,0,OFF,0.0,esp32-simulated
34.49,53.99,852.92,68.81,68.81,2.5149584379374854,6.267846561153343,0.9362500000000002,0.0,0.0,0,0,OFF,0.0,esp32-simulated
34.38,54.06,853.0,68.61,68.61,2.495848189617097,6.240530857576476,0.9225000000000003,0.0,0.0,0,0,OFF,0.0,esp32-simulated
34.16,54.25,852.97,68.65,68.65,2.4553251858782335,6.154116574941846,0.8949999999999996,0.0,0.0,0,0,OFF,0.0,esp32-simulated
34.1,54.06,852.96,68.7,68.7,2.4573071185084485,6.143570986313623,0.8875000000000002,0.0,0.0,0,0,OFF,0.0,esp32-simulated
34.38,53.83,852.97,68.68,68.68,2.5083437290949364,6.244679133362682,0.9225000000000003,0.0,0.0,0,0,OFF,0.0,esp32-simulated
34.26,53.5,852.89,68.54,68.54,2.509488657933077,6.219435386897743,0.9074999999999998,0.0,0.0,0,0,OFF,0.0,esp32-simulated
34.29,53.07,852.95,68.53,68.53,2.536920167675909,6.225743405559816,0.9112499999999999,0.0,0.0,0,0,OFF,0.0,esp32-simulated
34.05,52.59,852.96,68.17,68.17,2.5288904704441277,6.175333775582372,0.8812499999999996,0.0,0.0,0,0,OFF,0.0,esp32-simulated
34.03,53.03,852.94,67.94,67.94,2.5026328836120295,6.171138601753234,0.8787500000000001,0.0,0.0,0,0,OFF,0.0,esp32-simulated
34.24,52.97,852.93,67.96,67.96,2.535271839181224,6.2152311222745045,0.9050000000000002,0.0,0.0,0,0,OFF,0.0,esp32-simulated
34.44,53.3,852.93,67.58,67.58,2.5456022257590085,6.25731267346563,0.9299999999999997,0.0,0.0,1,0,OFF,0.0,esp32-simulated
34.66,52.81,852.88,71.05,71.05,2.603885973807906,6.3037021230713215,0.9574999999999996,0.0,0.0,0,0,OFF,0.0,esp32-simulated
34.49,52.37,852.91,71.11,71.11,2.603509463137632,6.267846561153343,0.9362500000000002,0.0,0.0,0,0,OFF,0.0,esp32-simulated
34.68,52.07,852.87,70.72,70.72,2.647650491375489,6.307924520797376,0.96,0.0,0.0,0,0,OFF,0.0,esp32-simulated
34.53,52.22,852.86,70.59,70.59,2.617509938881375,6.276277556087544,0.9412500000000001,0.0,0.0,0,0,OFF,0.0,esp32-simulated
34.58,52.33,852.79,70.55,70.55,2.6187344763023153,6.286821153815836,0.9474999999999998,0.0,0.0,0,0,OFF,0.0,esp32-simulated
34.79,52.0,852.89,70.35,70.35,2.6677186344652797,6.33116311035764,0.9737499999999999,0.0,0.0,0,0,OFF,0.0,esp32-simulated
34.85,51.51,852.8,70.28,70.28,2.703915405495801,6.343849684865921,0.9812500000000002,0.0,0.0,0,0,OFF,0.0,esp32-simulated
34.99,51.91,852.88,70.32,70.32,2.702453275599934,6.373481807445885,0.9987500000000002,0.0,0.0,0,0,OFF,0.0,esp32-simulated
35.22,51.49,852.83,70.09,70.09,2.7609039607885713,6.422254570129144,1.0,0.0,0.0,0,0,OFF,0.0,esp32-simulated
35.0,51.36,852.9,69.84,69.84,2.734872154404514,6.3755999999999995,1.0,0.0,0.0,0,0,OFF,0.0,esp32-simulated
35.1,51.51,852.83,69.5,69.5,2.741543499422541,6.396793741259171,1.0,0.0,0.0,0,0,OFF,0.0,esp32-simulated
35.11,51.74,852.92,69.3,69.3,2.730047020314482,6.3989142965575185,1.0,0.0,0.0,0,0,OFF,0.0,esp32-simulated
35.28,52.08,853.01,69.02,69.02,2.7363674686794903,6.434996568801323,1.0,0.0,0.0,0,0,OFF,0.0,esp32-simulated
35.24,51.74,853.03,68.64,68.64,2.749708193538396,6.42650104526636,1.0,0.0,0.0,0,0,OFF,0.0,esp32-simulated
35.35,51.88,853.07,68.65,68.65,2.758415025130452,6.449871987845597,1.0,0.0,0.0,0,0,OFF,0.0,esp32-simulated
35.07,51.73,853.15,68.64,68.64,2.72458645143351,6.390433363661792,1.0,0.0,0.0,0,0,OFF,0.0,esp32-simulated
34.9,51.33,853.12,68.69,68.69,2.7214700077929694,6.3544277473142685,0.9874999999999998,0.0,0.0,0,0,OFF,0.0,esp32-simulated
34.92,50.89,853.08,68.45,68.45,2.749112628917342,6.358660477893374,0.9900000000000002,0.0,0.0,0,0,OFF,0.0,esp32-simulated
34.73,50.47,853.13,68.12,68.12,2.743622437218671,6.318484285487342,0.9662499999999996,0.0,0.0,0,0,OFF,0.0,esp32-simulated
34.45,50.59,853.15,67.92,67.92,2.694818588173827,6.259419019262966,0.9312500000000004,0.0,0.0,1,0,OFF,0.0,esp32-simulated
34.46,50.94,853.21,71.05,71.05,2.677214851794358,6.261525580948697,0.9325000000000001,0.0,0.0,0,0,OFF,0.0,esp32-simulated
34.58,50.92,853.14,70.83,70.83,2.6961923242483246,6.286821153815836,0.9474999999999998,0.0,0.0,0,0,OFF,0.0,esp32-simulated
34.78,50.58,853.18,70.87,70.87,2.745118578928163,6.32904943460369,0.9725000000000001,0.0,0.0,0,0,OFF,0.0,esp32-simulated
34.67,50.31,853.17,70.48,70.48,2.7433524753501497,6.3058132141911125,0.9587500000000002,0.0,0.0,0,0,OFF,0.0,esp32-simulated
34.46,50.5,853.14,70.31,70.31,2.701225747326146,6.261525580948697,0.9325000000000001,0.0,0.0,0,0,OFF,0.0,esp32-simulated
34.62,50.0,853.21,70.35,70.35,2.7528293841595284,6.295259913821804,0.9524999999999997,0.0,0.0,0,0,OFF,0.0,esp32-simulated
34.48,50.37,853.28,70.34,70.34,2.711327045669048,6.265739351912175,0.9349999999999996,0.0,0.0,0,0,OFF,0.0,esp32-simulated
34.54,50.79,853.36,70.28,70.28,2.6973445070676747,6.278385844222073,0.9424999999999999,0.0,0.0,0,0,OFF,0.0,esp32-simulated
34.31,50.87,853.32,70.28,70.28,2.658799348623685,6.229949832272104,0.9137500000000003,0.0,0.0,0,0,OFF,0.0,esp32-simulated
34.5,50.96,853.35,70.21,70.21,2.6820691506644825,6.269953986209747,0.9375,0.0,0.0,0,0,OFF,0.0,esp32-simulated
34.41,50.72,853.31,70.23,70.23,2.6817679562728465,6.250994931586977,0.9262499999999996,0.0,0.0,0,0,OFF,0.0,esp32-simulated
34.64,51.12,853.38,69.9,69.9,2.694150612095939,6.299480587364136,0.9550000000000001,0.0,0.0,0,0,OFF,0.0,esp32-simulated
34.46,50.7,853.34,69.9,69.9,2.690311703902606,6.261525580948697,0.9325000000000001,0.0,0.0,0,0,OFF,0.0,esp32-simulated
34.27,50.95,853.36,69.57,69.57,2.648577190428993,6.221537843573145,0.9087500000000004,0.0,0.0,0,0,OFF,0.0,esp32-simulated
34.32,50.47,853.3,69.4,69.4,2.681935798659163,6.23205336985453,0.915,0.0,0.0,0,0,OFF,0.0,esp32-simulated
34.4,50.01,853.32,69.16,69.16,2.718895681048346,6.248889449526211,0.9249999999999998,0.0,0.0,0,0,OFF,0.0,esp32-simulated
34.38,50.37,853.36,69.23,69.23,2.696320105587648,6.244679133362682,0.9225000000000003,0.0,0.0,0,0,OFF,0.0,esp32-simulated
34.63,50.86,853.43,69.14,69.14,2.706980599049537,6.2973701428132385,0.9537500000000003,0.0,0.0,0,0,OFF,0.0,esp32-simulated
34.5,50.39,853.44,69.12,69.12,2.713243282309645,6.269953986209747,0.9375,0.0,0.0,0,0,OFF,0.0,esp32-simulated
34.34,50.73,853.39,68.97,68.97,2.6708226943165316,6.23626109338032,0.9175000000000004,0.0,0.0,0,0,OFF,0.0,esp32-simulated
34.16,50.58,853.45,69.02,69.02,2.6522878838492305,6.198422716172751,0.8949999999999996,0.0,0.0,0,0,OFF,0.0,esp32-simulated
33.91,50.52,853.52,68.88,68.88,2.618809525254343,6.145985763265052,0.8637499999999996,0.0,0.0,0,0,OFF,0.0,esp32-simulated
34.21,50.88,853.52,68.52,68.52,2.6435265875024716,6.208926347433656,0.9012500000000001,0.0,0.0,0,0,OFF,0.0,esp32-simulated
34.33,50.85,853.56,68.35,68.35,2.66283835300326,6.234157123563375,0.9162499999999998,0.0,0.0,0,0,OFF,0.0,esp32-simulated
34.18,50.83,853.55,68.13,68.13,2.641807347167382,6.202623519545927,0.8975,0.0,0.0,0,0,OFF,0.0,esp32-simulated
34.34,50.79,853.59,67.88,67.88,2.667570220972529,6.23626109338032,0.9175000000000004,0.0,0.0,1,0,OFF,0.0,esp32-simulated
34.38,50.3,853.68,71.35,71.35,2.7001230958635114,6.244679133362682,0.9225000000000003,0.0,0.0,0,0,OFF,0.0,esp32-simulated
34.29,50.56,853.75,71.18,71.18,2.672604583206838,6.225743405559816,0.9112499999999999,0.0,0.0,0,0,OFF,0.0,esp32-simulated
34.59,50.74,853.82,71.2,71.2,2.7075812145780374,6.288930520386845,0.9487500000000004,0.0,0.0,0,0,OFF,0.0,esp32-simulated
34.63,51.1,853.77,71.18,71.18,2.693759692582872,6.2973701428132385,0.9537500000000003,0.0,0.0,0,0,OFF,0.0,esp32-simulated
34.57,50.66,853.78,70.97,70.97,2.708972962726532,6.2847120028955885,0.94625,0.0,0.0,0,0,OFF,0.0,esp32-simulated
34.76,50.24,853.7,70.74,70.74,2.7609456192740653,6.324822728971808,0.9699999999999998,0.0,0.0,0,0,OFF,0.0,esp32-simulated
34.95,50.39,853.66,70.67,70.67,2.7817127572396236,6.3650111864499355,0.9937500000000004,0.0,0.0,0,0,OFF,0.0,esp32-simulated
34.88,50.44,853.67,70.72,70.72,2.7681718048977006,6.350195877005119,0.9850000000000003,0.0,0.0,0,0,OFF,0.0,esp32-simulated
35.06,50.89,853.76,70.53,70.53,2.770469063950581,6.388313667289037,1.0,0.0,0.0,0,0,OFF,0.0,esp32-simulated
35.11,51.16,853.71,70.54,70.54,2.762857365772054,6.3989142965575185,1.0,0.0,0.0,0,0,OFF,0.0,esp32-simulated
35.4,51.32,853.64,70.62,70.62,2.7982173774222483,6.460503715067426,1.0,0.0,0.0,0,0,OFF,0.0,esp32-simulated
35.35,50.87,853.67,70.7,70.7,2.8163119323495245,6.449871987845597,1.0,0.0,0.0,0,0,OFF,0.0,esp32-simulated
35.22,51.35,853.75,70.32,70.32,2.7688719375873836,6.422254570129144,1.0,0.0,0.0,0,0,OFF,0.0,esp32-simulated
35.16,51.83,853.84,70.21,70.21,2.7324892005212664,6.409520292977188,1.0,0.0,0.0,0,0,OFF,0.0,esp32-simulated
35.1,51.47,853.84,70.01,70.01,2.7438050325216734,6.396793741259171,1.0,0.0,0.0,0,0,OFF,0.0,esp32-simulated
35.31,51.75,853.87,69.97,69.97,2.7597737643491747,6.441370462485329,1.0,0.0,0.0,0,0,OFF,0.0,esp32-simulated
35.51,51.82,853.91,69.79,69.79,2.786309053807893,6.483912357950153,1.0,0.0,0.0,0,0,OFF,0.0,esp32-simulated
35.25,51.86,853.93,69.39,69.39,2.7443846546350645,6.428624604519689,1.0,0.0,0.0,0,0,OFF,0.0,esp32-simulated
35.48,51.96,853.89,69.06,69.06,2.7736265615926308,6.477525614058257,1.0,0.0,0.0,0,0,OFF,0.0,esp32-simulated
35.32,52.1,853.84,68.82,68.82,2.7412658802540575,6.443495522384974,1.0,0.0,0.0,0,0,OFF,0.0,esp32-simulated
35.49,52.51,853.75,68.9,68.9,2.743382369205149,6.479654314696351,1.0,0.0,0.0,0,0,OFF,0.0,esp32-simulated
35.35,52.56,853.73,68.63,68.63,2.719434929180977,6.449871987845597,1.0,0.0,0.0,0,0,OFF,0.0,esp32-simulated
35.13,52.08,853.79,68.53,68.53,2.71380895394016,6.403156051194207,1.0,0.0,0.0,0,0,OFF,0.0,esp32-simulated
35.26,51.59,853.77,68.22,68.22,2.761299838788739,6.4307483782053625,1.0,0.0,0.0,0,0,OFF,0.0,esp32-simulated
35.38,51.34,853.8,68.0,68.0,2.7939863597344066,6.456250381569036,1.0,0.0,0.0,0,1,ON,100.0,esp32-simulated
35.56,50.91,853.78,67.91,67.91,2.8467610026161654,6.494561210112226,1.0,0.0,0.0,1,1,ON,100.0,esp32-simulated
35.78,51.17,853.69,71.35,71.35,2.8661547449306592,6.541479649384556,1.0,0.0,0.0,0,0,OFF,0.0,esp32-simulated
36.0,51.22,853.59,71.1,71.1,2.8980186788538216,6.588501411246718,1.0,0.0,0.0,0,0,OFF,0.0,esp32-simulated
35.81,50.84,853.56,71.06,71.06,2.8902852754886093,6.547885628009841,1.0,0.0,0.0,0,0,OFF,0.0,esp32-simulated
35.87,50.85,853.54,70.7,70.7,2.8992371344677905,6.560703347180906,1.0,0.0,0.0,0,0,OFF,0.0,esp32-simulated
36.0,50.51,853.49,70.58,70.58,2.9401997625353755,6.588501411246718,1.0,0.0,0.0,0,0,OFF,0.0,esp32-simulated
35.76,50.93,853.51,70.54,70.54,2.877077738936258,6.537210064319366,1.0,0.0,0.0,0,0,OFF,0.0,esp32-simulated
35.58,50.61,853.46,70.37,70.37,2.8673127994022227,6.498822248209385,1.0,0.0,0.0,0,0,OFF,0.0,esp32-simulated
35.46,50.57,853.53,70.16,70.16,2.8507371631595793,6.473268854849913,1.0,0.0,0.0,0,0,OFF,0.0,esp32-simulated
35.19,50.86,853.55,69.97,69.97,2.7921332975042876,6.4158864661186055,1.0,0.0,0.0,0,0,OFF,0.0,esp32-simulated
35.38,51.28,853.65,69.95,69.95,2.7974314723851275,6.456250381569036,1.0,0.0,0.0,0,0,OFF,0.0,esp32-simulated
35.59,51.44,853.57,70.03,70.03,2.8206794513191773,6.500953088021356,1.0,0.0,0.0,0,0,OFF,0.0,esp32-simulated
35.47,51.55,853.51,70.05,70.05,2.7957579471704284,6.475397127436761,1.0,0.0,0.0,0,0,OFF,0.0,esp32-simulated
35.23,51.49,853.49,70.1,70.1,2.7624278328445575,6.424377700463474,1.0,0.0,0.0,0,0,OFF,0.0,esp32-simulated
34.97,51.21,853.57,69.97,69.97,2.7387607132000613,6.369246067067466,0.9962499999999999,0.0,0.0,0,0,OFF,0.0,esp32-simulated
34.88,50.75,853.54,70.04,70.04,2.7508567673771545,6.350195877005119,0.9850000000000003,0.0,0.0,0,0,OFF,0.0,esp32-simulated
34.75,50.79,853.58,69.76,69.76,2.7289173091033847,6.322709699130315,0.96875,0.0,0.0,0,0,OFF,0.0,esp32-simulated
34.59,50.57,853.48,69.64,69.64,2.7169252829190498,6.288930520386845,0.9487500000000004,0.0,0.0,0,0,OFF,0.0,esp32-simulated
34.41,50.15,853.53,69.73,69.73,2.7127867820657756,6.250994931586977,0.9262499999999996,0.0,0.0,0,0,OFF,0.0,esp32-simulated
34.31,50.0,853.43,69.78,69.78,2.7058816900302105,6.229949832272104,0.9137500000000003,0.0,0.0,0,0,OFF,0.0,esp32-simulated
34.39,50.17,853.52,69.39,69.39,2.708689271150384,6.246784183445343,0.9237500000000001,0.0,0.0,0,0,OFF,0.0,esp32-simulated
34.66,49.71,853.49,69.21,69.21,2.7749401488196566,6.3037021230713215,0.9574999999999996,0.0,0.0,0,0,OFF,0.0,esp32-simulated
34.76,49.23,853.52,68.95,68.95,2.816985713234412,6.324822728971808,0.9699999999999998,0.0,0.0,0,0,OFF,0.0,esp32-simulated
34.74,48.8,853.56,68.69,68.69,2.8377000264012864,6.320596884629419,0.9675000000000002,0.0,0.0,0,0,OFF,0.0,esp32-simulated
34.63,48.47,853.64,68.47,68.47,2.838638792613403,6.2973701428132385,0.9537500000000003,0.0,0.0,0,0,OFF,0.0,esp32-simulated
34.4,48.71,853.72,68.26,68.26,2.789601109841361,6.248889449526211,0.9249999999999998,0.0,0.0,0,0,OFF,0.0,esp32-simulated
34.45,48.61,853.68,68.11,68.11,2.8028076754959113,6.259419019262966,0.9312500000000004,0.0,0.0,0,0,OFF,0.0,esp32-simulated
34.4,48.47,853.61,67.97,67.97,2.80265441977238,6.248889449526211,0.9249999999999998,0.0,0.0,0,0,OFF,0.0,esp32-simulated
34.25,48.47,853.57,68.06,68.06,2.7794001098662746,6.217333146458751,0.90625,0.0,0.0,0,0,OFF,0.0,esp32-simulated
34.06,48.86,853.5,67.88,67.88,2.729370545994191,6.177431687439117,0.8825000000000003,0.0,0.0,0,0,OFF,0.0,esp32-simulated
34.01,49.17,853.42,67.8,67.8,2.705285762729078,6.166944294559145,0.8762499999999998,0.0,0.0,0,0,OFF,0.0,esp32-simulated
33.98,49.12,853.43,67.74,67.74,2.703427219783471,6.1606544590305745,0.8724999999999996,0.0,0.0,0,0,OFF,0.0,esp32-simulated
34.23,49.57,853.46,67.51,67.51,2.7170468683939726,6.213129314363344,0.9037499999999996,0.0,0.0,1,0,OFF,0.0,esp32-simulated
34.04,49.62,853.53,70.81,70.81,2.6858174900576026,6.173236080347617,0.8799999999999999,0.0,0.0,0,0,OFF,0.0,esp32-simulated
34.15,49.33,853.48,70.76,70.76,2.7178613039691637,6.196322639106828,0.8937499999999998,0.0,0.0,0,0,OFF,0.0,esp32-simulated
34.14,49.54,853.44,70.82,70.82,2.705092250289735,6.194222778479162,0.8925000000000001,0.0,0.0,0,0,OFF,0.0,esp32-simulated
33.88,49.29,853.49,70.54,70.54,2.679426440889085,6.13970243219106,0.8600000000000003,0.0,0.0,0,0,OFF,0.0,esp32-simulated
33.63,49.49,853.43,70.57,70.57,2.631900124298234,6.087417314414577,0.8287500000000003,0.0,0.0,0,0,OFF,0.0,esp32-simulated
33.88,49.23,853.34,70.28,70.28,2.682596734449593,6.13970243219106,0.8600000000000003,0.0,0.0,0,0,OFF,0.0,esp32-simulated
33.78,49.43,853.38,70.1,70.1,2.657174312867771,6.118772098836685,0.8475000000000001,0.0,0.0,0,0,OFF,0.0,esp32-simulated
33.99,49.38,853.47,69.86,69.86,2.6911106654808568,6.162750854147231,0.8737500000000002,0.0,0.0,0,0,OFF,0.0,esp32-simulated
34.14,49.69,853.41,69.71,69.71,2.697050953469612,6.194222778479162,0.8925000000000001,0.0,0.0,0,0,OFF,0.0,esp32-simulated
34.41,49.57,853.31,69.62,69.62,2.744349797784895,6.250994931586977,0.9262499999999996,0.0,0.0,0,0,OFF,0.0,esp32-simulated
34.16,49.42,853.34,69.31,69.31,2.7145431235348862,6.198422716172751,0.8949999999999996,0.0,0.0,0,0,OFF,0.0,esp32-simulated
34.13,49.18,853.36,69.3,69.3,2.722876381966168,6.1921231343081145,0.8912500000000003,0.0,0.0,0,0,OFF,0.0,esp32-simulated
21.9,76.6,865.0,19.71,19.71,0.6149189695598871,2.648267494693835,0.0,0.6715,0.438979522014866,1,1,ON,100.0,esp32-irrigation
34.01,49.25,853.29,68.92,68.92,2.7010279846252354,6.166944294559145,0.8762499999999998,0.0,0.0,0,0,OFF,0.0,esp32-simulated
33.81,49.5,853.25,68.81,68.81,2.657938931174179,6.125048919930791,0.8512500000000003,0.0,0.0,0,0,OFF,0.0,esp32-simulated
34.01,49.8,853.33,68.49,68.49,2.6717557601613167,6.166944294559145,0.8762499999999998,0.0,0.0,0,0,OFF,0.0,esp32-simulated
21.9,76.69,865.0,19.7,19.7,0.612553896600041,2.6468325663742447,0.0,0.6716666666666666,0.4386913418040902,1,1,ON,100.0,esp32-irrigation
28.9,55.3,854.25,59.9,59.9,1.7802164630505906,4.533994955398157,0.23749999999999982,0.0016666666666666904,0.0015750901929377685,1,1,ON,100.0,esp32-simulated
34.01,49.37,853.24,68.47,68.47,2.694641317469471,6.166944294559145,0.8762499999999998,0.0,0.0,0,0,OFF,0.0,esp32-simulated
34.01,49.12,853.27,68.34,68.34,2.70794687404398,6.166944294559145,0.8762499999999998,0.0,0.0,0,0,OFF,0.0,esp32-simulated
33.81,49.11,853.31,68.15,68.15,2.6784655882664152,6.125048919930791,0.8512500000000003,0.0,0.0,0,0,OFF,0.0,esp32-simulated
21.9,76.67,865.0,19.96,19.96,0.6130794683688956,2.6471514393341535,0.0,0.6673333333333333,0.4359487579728774,1,1,ON,100.0,esp32-irrigation
33.62,49.32,853.33,68.08,68.08,2.639284225790051,6.085328733931857,0.8274999999999997,0.0,0.0,0,0,OFF,0.0,esp32-simulated
33.72,49.02,853.33,67.84,67.84,2.66976714069253,6.106224319363578,0.8399999999999999,0.0,0.0,0,0,OFF,0.0,esp32-simulated
33.6,49.33,853.35,67.72,67.72,2.635818162069844,6.081152225228374,0.8250000000000002,0.0,0.0,0,0,OFF,0.0,esp32-simulated
21.9,76.68,865.0,19.65,19.65,0.6128166824844683,2.646992002854199,0.0,0.6725,0.4392798047427013,1,1,ON,100.0,esp32-irrigation
33.71,49.4,853.38,67.72,67.72,2.648388845514692,6.104133782981534,0.8387500000000001,0.0,0.0,0,0,OFF,0.0,esp32-simulated
33.69,49.37,853.42,67.43,67.43,2.6470032141880266,6.099953361980793,0.8362499999999997,0.0,0.0,0,0,OFF,0.0,esp32-simulated
33.67,48.88,853.37,67.4,67.4,2.669639520941616,6.095773810120911,0.8337500000000002,0.0,0.0,0,0,OFF,0.0,esp32-simulated
21.9,76.7,865.0,19.91,19.91,0.6122911107156138,2.6466731298942903,0.0,0.6681666666666667,0.43636146095245404,1,1,ON,100.0,esp32-irrigation
33.55,48.89,853.36,67.43,67.43,2.651292079158066,6.0707147591934385,0.8187499999999996,0.0,0.0,0,0,OFF,0.0,esp32-simulated
33.33,48.87,853.45,67.12,67.12,2.6199055127970117,6.0248545503078095,0.7912499999999998,0.0,0.0,0,0,OFF,0.0,esp32-simulated
33.35,48.59,853.54,66.85,66.85,2.6372021559752343,6.029019304147468,0.7937500000000002,0.0,0.0,0,0,OFF,0.0,esp32-simulated
21.85,76.7,865.0,20.1,20.1,0.6104261504618501,2.639191767010433,0.0,0.6649999999999999,0.4339833475142825,1,1,ON,100.0,esp32-irrigation
33.09,48.1,853.59,66.76,66.76,2.623854805236398,5.974945547418825,0.7612500000000004,0.0,0.0,0,0,OFF,0.0,esp32-simulated
33.37,48.31,853.56,66.75,66.75,2.6545338079565757,6.033184929643412,0.7962499999999997,0.0,0.0,0,1,ON,100.0,esp32-simulated
33.56,48.37,853.61,66.79,66.79,2.679763231515322,6.072801817386634,0.8200000000000003,0.0,0.0,0,1,ON,100.0,esp32-simulated
33.83,48.74,853.7,66.41,66.41,2.7009496298282265,6.1292345526767535,0.8537499999999998,0.0,0.0,1,1,ON,100.0,esp32-simulated
21.8,76.7,865.0,19.78,19.78,0.608566154140795,2.6317229920948066,0.0,0.6703333333333333,0.43715221133142823,1,1,ON,100.0,esp32-irrigation
33.58,48.94,853.79,69.72,69.72,2.6531406071459096,6.07697658633068,0.8224999999999998,0.0,0.0,0,0,OFF,0.0,esp32-simulated
33.47,49.35,853.76,69.53,69.53,2.615710368163012,6.054026126780735,0.8087499999999999,0.0,0.0,0,0,OFF,0.0,esp32-simulated
33.37,49.35,853.81,69.17,69.17,2.601124731534157,6.033184929643412,0.7962499999999997,0.0,0.0,0,0,OFF,0.0,esp32-simulated
21.8,76.72,865.0,20.58,20.58,0.6080437797595584,2.6314075799567402,0.0,0.657,0.4283711908255075,1,1,ON,100.0,esp32-irrigation
33.37,48.98,853.88,69.15,69.15,2.620126037569056,6.033184929643412,0.7962499999999997,0.0,0.0,0,0,OFF,0.0,esp32-simulated
33.26,48.94,853.85,68.89,68.89,2.606088397683475,6.0102847783030136,0.7824999999999998,0.0,0.0,0,0,OFF,0.0,esp32-simulated
33.3,48.71,853.93,68.91,68.91,2.6236954792034717,6.018609054228184,0.7874999999999996,0.0,0.0,0,0,OFF,0.0,esp32-simulated
33.29,49.11,853.86,68.93,68.93,2.6017772197039792,6.016527658190418,0.7862499999999999,0.0,0.0,0,0,OFF,0.0,esp32-simulated
21.77,76.83,865.0,19.97,19.97,0.6040633142410667,2.625204286413315,0.0,0.6671666666666667,0.4343360602877913,1,1,ON,100.0,esp32-irrigation
33.17,48.8,853.81,68.6,68.6,2.6000958104987615,5.991567917014223,0.7712500000000002,0.0,0.0,0,0,OFF,0.0,esp32-simulated
33.1,48.89,853.81,68.38,68.38,2.5853643373677397,5.977022579425521,0.7625000000000002,0.0,0.0,0,0,OFF,0.0,esp32-simulated
32.99,49.22,853.9,68.14,68.14,2.5528766460527894,5.954187242226363,0.7487500000000002,0.0,0.0,0,0,OFF,0.0,esp32-simulated
21.7,76.99,865.0,20.1,20.1,0.5973326956700904,2.6122993352350714,0.0,0.6649999999999999,0.43180656065515244,1,1,ON,100.0,esp32-irrigation
32.76,49.5,853.94,68.23,68.23,2.5062273243896356,5.906526122915094,0.7199999999999998,0.0,0.0,0,0,OFF,0.0,esp32-simulated
32.99,49.58,853.98,67.93,67.93,2.534778268885026,5.954187242226363,0.7487500000000002,0.0,0.0,0,0,OFF,0.0,esp32-simulated
21.7,77.13,865.0,19.91,19.91,0.5936983376781818,2.610115460286709,0.0,0.6681666666666667,0.4332556931563263,1,1,ON,100.0,esp32-irrigation
33.17,49.31,853.92,67.78,67.78,2.5741964186363706,5.991567917014223,0.7712500000000002,0.0,0.0,0,0,OFF,0.0,esp32-simulated
33.32,49.54,853.97,67.56,67.56,2.584128251572758,6.02277250030542,0.79,0.0,0.0,0,0,OFF,0.0,esp32-simulated
33.38,49.9,853.91,67.59,67.59,2.5743191232580296,6.035268069216173,0.7975000000000003,0.0,0.0,0,0,OFF,0.0,esp32-simulated
33.46,50.03,853.99,67.68,67.68,2.5791511039711743,6.051941027148225,0.8075000000000001,0.0,0.0,0,0,OFF,0.0,esp32-simulated
21.7,77.2,865.0,19.99,19.99,0.5918811586822276,2.609023522812528,0.0,0.6668333333333334,0.4320881881619831,1,1,ON,100.0,esp32-irrigation
33.47,49.69,853.9,67.66,67.66,2.598151799057871,6.054026126780735,0.8087499999999999,0.0,0.0,0,0,OFF,0.0,esp32-simulated
33.65,49.68,853.92,67.72,67.72,2.624929085835984,6.091595127549593,0.8312499999999998,0.0,0.0,0,0,OFF,0.0,esp32-simulated
33.51,49.63,853.97,67.36,67.36,2.607072106169598,6.062368702044293,0.8137499999999998,0.0,0.0,0,0,OFF,0.0,esp32-simulated
21.72,77.17,865.0,19.71,19.71,0.5933844822580022,2.6124514105645633,0.0,0.6715,0.4353644199590621,1,1,ON,100.0,esp32-irrigation
33.39,49.56,853.96,67.05,67.05,2.5932396021505215,6.0373514266474215,0.7987500000000001,0.0,0.0,0,0,OFF,0.0,esp32-simulated
33.37,49.92,854.03,67.14,67.14,2.5718524492641768,6.033184929643412,0.7962499999999997,0.0,0.0,0,0,OFF,0.0,esp32-simulated
33.17,50.33,854.03,66.8,66.8,2.5223976349115915,5.991567917014223,0.7712500000000002,0.0,0.0,0,0,OFF,0.0,esp32-simulated
21.7,77.2,865.0,20.04,20.04,0.5918811586822276,2.609023522812528,0.0,0.666,0.4315482129205909,1,1,ON,100.0,esp32-irrigation
32.88,50.5,853.93,66.5,66.5,2.4732123843575757,5.905956356130236,0.7350000000000003,0.0,0.0,1,0,OFF,0.0,esp32-simulated
33.13,50.93,853.98,69.67,69.67,2.4863491653498935,5.970186757722336,0.7662500000000003,0.0,0.0,0,0,OFF,0.0,esp32-simulated
33.29,51.0,853.96,69.6,69.6,2.505150005217036,6.016527658190418,0.7862499999999999,0.0,0.0,0,0,OFF,0.0,esp32-simulated
21.7,77.22,865.0,19.84,19.84,0.5913619646833835,2.608711540677048,0.0,0.6693333333333332,0.4336212354236861,1,1,ON,100.0,esp32-irrigation
33.19,51.08,853.9,69.35,69.35,2.487095125271422,5.983345838029238,0.7737499999999997,0.0,0.0,0,0,OFF,0.0,esp32-simulated
33.32,50.63,853.92,69.26,69.26,2.528307803807909,6.02277250030542,0.79,0.0,0.0,0,0,OFF,0.0,esp32-simulated
33.07,51.07,853.94,69.25,69.25,2.470931691769535,5.9430224064110995,0.75875,0.0,0.0,0,0,OFF,0.0,esp32-simulated
21.7,77.3,865.0,19.89,19.89,0.5892851886880073,2.6074636121351267,0.0,0.6685,0.4327342871594832,1,1,ON,100.0,esp32-irrigation
32.87,51.21,853.95,69.25,69.25,2.4363697767258494,5.868940838840742,0.7337499999999997,0.0,0.0,0,0,OFF,0.0,esp32-simulated
32.62,51.52,853.85,68.97,68.97,2.38711541839673,5.771413760262836,0.7024999999999997,0.0,0.0,0,0,OFF,0.0,esp32-simulated
21.7,77.45,865.0,20.0,20.0,0.5853912336966767,2.6051237461190246,0.0,0.6666666666666666,0.4308985389494461,1,1,ON,100.0,esp32-irrigation
21.7,77.5,865.0,20.82,20.82,0.5840932486995667,2.604343790780324,0.0,0.653,0.4218532228502043,1,1,ON,100.0,esp32-irrigation
21.78,77.43,865.0,19.97,19.97,0.5887801444538242,2.6172515851759255,0.0,0.6671666666666667,0.43178695492702746,1,1,ON,100.0,esp32-irrigation
21.8,77.4,865.0,20.2,20.2,0.5902830507975093,2.6206835672624775,0.0,0.6633333333333333,0.42955527259058696,1,1,ON,100.0,esp32-irrigation
21.8,77.4,865.0,19.87,19.87,0.5902830507975093,2.6206835672624775,0.0,0.6688333333333333,0.4331169117854335,1,1,ON,100.0,esp32-irrigation
21.8,77.36,865.0,20.16,20.16,0.5913277995599829,2.6213143915386103,0.0,0.664,0.43016041472695715,1,1,ON,100.0,esp32-irrigation
21.8,77.4,865.0,19.76,19.76,0.5902830507975093,2.6206835672624775,0.0,0.6706666666666666,0.43430412485038233,1,1,ON,100.0,esp32-irrigation
21.79,77.39,865.0,20.56,20.56,0.5901838320891543,2.6193609072663633,0.0,0.6573333333333333,0.42565354307331765,1,1,ON,100.0,esp32-irrigation
21.7,77.5,865.0,19.9,19.9,0.5840932486995667,2.604343790780324,0.0,0.6683333333333333,0.43175891363688595,1,1,ON,100.0,esp32-irrigation
21.7,77.5,865.0,19.87,19.87,0.5840932486995667,2.604343790780324,0.0,0.6688333333333333,0.4320819252929734,1,1,ON,100.0,esp32-irrigation
21.69,77.5,865.0,19.96,19.96,0.583736504563943,2.602870203973058,0.0,0.6673333333333333,0.4310533735114178,1,1,ON,100.0,esp32-irrigation
21.7,77.57,865.0,20.06,20.06,0.5822760697036127,2.6032518533061433,0.0,0.6656666666666666,0.42973377593317624,1,1,ON,100.0,esp32-irrigation
21.7,77.6,865.0,19.9,19.9,0.5814972787053466,2.6027838801029226,0.0,0.6683333333333333,0.43132517031701834,1,1,ON,100.0,esp32-irrigation
21.7,77.6,865.0,20.01,20.01,0.5814972787053466,2.6027838801029226,0.0,0.6664999999999999,0.4301419840642783,1,1,ON,100.0,esp32-irrigation
21.7,77.6,865.0,19.81,19.81,0.5814972787053466,2.6027838801029226,0.0,0.6698333333333333,0.4322932317965328,1,1,ON,100.0,esp32-irrigation
21.63,77.59,865.0,20.34,20.34,0.579273634220087,2.592645707360148,0.0,0.6609999999999999,0.4262249680548693,1,1,ON,100.0,esp32-irrigation
21.6,77.62,865.0,19.91,19.91,0.5774381800868443,2.5877783179726497,0.0,0.6681666666666667,0.43053956933200666,1,1,ON,100.0,esp32-irrigation
21.6,77.72,865.0,20.61,20.61,0.5748580273608084,2.58623540435872,0.0,0.6565,0.4225985737405927,1,1,ON,100.0,esp32-irrigation
21.6,77.79,865.0,20.32,20.32,0.5730519204525831,2.5851553648289696,0.0,0.6613333333333333,0.4254112508481604,1,1,ON,100.0,esp32-irrigation
21.6,77.89,865.0,21.15,21.15,0.5704717677265472,2.58361245121504,0.0,0.6475000000000001,0.41609511740073485,1,1,ON,100.0,esp32-irrigation
21.6,78.05,865.0,20.03,20.03,0.5663435233648898,2.5811437894327534,0.0,0.6661666666666667,0.4274031276203944,1,1,ON,100.0,esp32-irrigation
21.69,78.32,865.0,20.04,20.04,0.5624625519531685,2.5900929302940967,0.0,0.666,0.4266500149002026,1,1,ON,100.0,esp32-irrigation
21.7,78.5,865.0,20.01,20.01,0.5581335487573637,2.58874468400631,0.0,0.6664999999999999,0.4262490025616957,1,1,ON,100.0,esp32-irrigation
21.72,78.39,865.0,20.71,20.71,0.5616749304246793,2.5933788039938763,0.0,0.6548333333333333,0.4193675334016069,1,1,ON,100.0,esp32-irrigation
21.8,78.06,865.0,19.99,19.99,0.573044696216697,2.6102749667062817,0.0,0.6668333333333334,0.4289479928984586,1,1,ON,100.0,esp32-irrigation
21.8,77.78,865.0,20.45,20.45,0.5803579375540113,2.614690736639213,0.0,0.6591666666666666,0.4252214851260881,1,1,ON,100.0,esp32-irrigation
21.8,77.62,865.0,19.92,19.92,0.5845369326039053,2.6172140337437453,0.0,0.6679999999999999,0.4316176677448521,1,1,ON,100.0,esp32-irrigation
21.8,77.61,865.0,20.08,20.08,0.5847981197945236,2.617371739812779,0.0,0.6653333333333333,0.4299380872591558,1,1,ON,100.0,esp32-irrigation
21.8,77.51,865.0,19.6,19.6,0.5874099917007073,2.6189488005031114,0.0,0.6733333333333333,0.4355473486029524,1,1,ON,100.0,esp32-irrigation
21.8,77.5,865.0,20.25,20.25,0.5876711788913256,2.6191065065721446,0.0,0.6625,0.4285830390038758,1,1,ON,100.0,esp32-irrigation
