Soil Moisture,Temperature,Air Humidity,Atmospheric Pressure (Kathmandu),Pump Data
683.8029058,29.18490786,71.78969946,855.34,0
408.5715671,33.70720471,77.97739053,853.21,1
659.0920744,24.76031105,60.77628206,856.25,1
842.929764,32.73851507,59.32354345,857.48,0
414.1993203,25.69274449,66.62491413,853.93,1
487.5212262,33.80680929,47.77469251,852.96,1
820.8567329,32.65949511,40.31759197,857.63,0
726.5048072,38.08393948,50.91595054,854.95,0
939.9159784,35.43074707,60.82272131,852.17,0
628.397718,34.23292319,42.99440241,854.85,1
780.3895476,32.45140078,72.28222536,852.55,0
768.7010788,22.61185697,62.21459137,853.72,0
468.513799,27.01024863,61.77921565,854.96,1
801.6475766,24.74705146,64.86232578,849.85,0
651.9454739,24.01856157,56.57166562,850.41,1
685.823752,32.96375881,64.836761,852.24,0
552.4985002,27.99827866,62.05800089,851.71,1
527.5880503,27.89698264,49.92390283,855.04,1
762.5760332,34.836731639999996,45.72879474,851.15,0
440.6303956,22.46622021,40.23528975,851.37,1
748.5945452,32.37186722,50.51121641,857.38,0
541.4624976,23.01426608,67.31921149,854.27,1
466.5218472,23.28497444,71.65649789,854.97,1
903.2674218,25.51245583,74.57481526,850.98,0
673.6411749,31.48275853,41.97814358,852.46,1
400.7745337,37.03853837,58.10408442,853.43,1
783.7697805,36.83077335,81.20181201,850.3,0
424.8419871,38.64757166,71.10451413,853.9,1
754.14794,22.2119609,54.84962341,853.43,0
805.9594626,29.33212651,72.40464911,853.35,0
395.4654845,31.99541439,77.41809636,852.26,0
673.7875478,19.02299534,78.80498538,859.95,1
731.7512713,26.22425309,76.7051323,854.42,0
462.1622986,34.90846594,44.35794312,850.77,0
927.8079638,35.28726983,39.99390152,855.42,0
898.8926732,23.86116554,61.51615757,851.68,0
913.113218,32.82766255,74.60337098,854.18,0
351.3558991,22.38197726,56.59230979,850.01,1
766.2113,19.62990205,46.27759015,851.92,0
891.4067107,18.44366419,58.18156467,855.88,0
895.4460155,32.51240158,53.58096683,855.54,0
527.994279,29.05412642,59.45842859,854.54,1
518.4131014,26.74577988,75.11348102,854.1,1
917.9210541,20.66510899,46.77438853,854.37,0
425.8389695,38.80450797,68.49685483,849.25,1
497.2621171,32.10361139,75.83862846,851.95,1
625.6791284,36.16177182,55.75736243,852.11,1
703.7294322,36.62782649,68.50373606,855.85,0
960.3877125,23.41158867,49.91586603,855.65,0
930.6613623,20.10687481,61.10139107,850.78,0
831.3398657,21.24283558,72.72860039,855.86,0
800.0186865,35.32251749,49.85763478,852.4,0
875.1762884,38.97932302,63.38915578,851.23,0
492.0113428,30.69033234,70.88355159,855.45,1
808.5531799,33.22723857,45.26971073,856.19,0
496.3696602,38.23214297,44.07958961,855.34,1
733.6169237,27.65112189,63.77504282,852.18,0
550.2446921,33.09027604,57.73107061,852.86,1
733.0429809,36.04671237,51.66838899,854.1,0
672.593627,36.29225945,44.70741231,855.68,1
437.3606396,34.1753631,47.10764913,852.3,1
867.9160113,23.65485943,81.2259392,854.3,0
840.3122048,28.50899242,43.69588123,851.41,0
591.3993548,37.67302885,39.70788536,850.09,1
392.9717059,29.88475236,62.70444708,856.05,1
377.766874,29.46343116,62.03854994,857.45,1
359.6880054,18.42114697,49.00948583,855.21,1
392.5907137,28.58465415,59.34578281,856.68,1
408.8220381,33.42320894,72.49057658,854.49,1
617.4736703,33.82878329,67.41403773,851.93,1
954.6214434,24.90582822,75.6340079,855.51,0
718.3680838,18.87048114,69.53474979,859.18,0
693.6435959,26.38227776,80.96259893,854.34,0
394.9716022,27.96928989,68.06970814,858.16,1
615.1722709,19.93847873,39.13195054,848.66,1
871.3250242,26.67489864,78.64099226,856.45,0
747.0803534,33.51201906,75.71614774,853.8,0
418.4003452,34.9854744,63.34809685,852.65,1
369.2419288,32.5903976,73.84502511,853.92,1
733.9186898,35.94243818,78.05485409,848.32,0
769.3017604,19.7773322,56.57729304,854.68,0
924.1754133,32.19162455,59.64859301,854.63,0
401.4952493,35.7290513,69.34994159,857.01,1
693.6749208,22.62732984,50.96885041,853.59,0
398.488903,31.61827775,62.14365628,851.78,1
610.9725248,29.86596628,75.2706511,852.76,1
506.4048566,24.19754699,44.83529542,856.98,1
731.7547666,24.91222857,44.54538979,855.43,0
863.5063924,23.94828469,76.42347719,853.4,0
895.81224,25.23651133,51.31257887,855.85,0
439.7016469,31.09212269,38.62614319,854.11,1
880.9507041,27.33736531,61.05962015,856.74,0
713.5380891,26.74934787,56.04137589,852.63,0
589.737332,21.36677755,49.64147192,854.22,1
955.4146134,21.94951202,47.90370377,853.99,0
321.7377305,25.07360753,69.09578913,850.93,1
399.3534438,30.49472928,77.68885424,854.68,1
375.3130154,34.95107323,65.18342573,854.06,1
732.7081562,29.39140922,43.74302238,854.09,0
742.6354412,18.23216026,67.52258734,854.83,0
535.369764,27.55169062,65.16688,850.76,1
657.8871424,29.76739106,75.23687082,852.98,1
551.1378456,26.31360596,61.53205765,853.59,1
694.4871207,19.73742076,69.88302827,853.23,0
926.32183,26.65230538,65.06504994,854.0,0
677.0286429,26.10497323,64.14603057,855.48,1
940.80097,18.62938351,46.78770285,860.08,0
914.1188799,20.33003553,46.23138007,855.6,0
681.4306828,24.10797043,74.61265567,855.35,1
766.5916511,25.37298077,63.96610751,854.37,0
332.1993221,32.12412901,56.49534371,848.95,1
801.5378441,29.23046572,47.59271312,854.03,0
824.2833725,26.56890261,39.08373386,854.56,0
859.5793154,28.70185715,78.06252851,860.31,0
573.5841064,19.50081239,48.16378875,854.78,1
761.2762369,19.49655406,55.29787959,856.01,0
738.718584,29.63822079,41.08245597,853.96,0
984.6096034,32.67367917,60.30390769,850.76,0
322.6057696,25.81300635,42.08328337,857.36,1
342.4431069,29.66185289,50.80355729,855.92,1
459.3026495,37.98171538,39.37290809,855.02,1
708.9269297,34.11495609,47.51864582,851.23,0
716.3284146,37.21007959,55.09380817,856.64,0
859.5118221,32.23315033,63.06073455,850.23,0
471.7307481,26.40488684,65.21626683,855.9,1
356.8913104,22.59447703,77.89861807,860.36,1
816.8858486,29.11025263,77.05742236,851.63,0
580.6395043,24.0014384,40.66397833,853.3,1
343.5821256,23.62404301,81.25390177,855.01,1
612.9542349,34.93016874,70.08273855,852.15,1
550.3096529,36.05535467,64.95732428,849.4,1
530.7001898,30.65249738,44.64276776,854.09,1
631.0901257,30.66098124,45.14644997,851.26,1
328.6156868,32.29177821,80.58091972,854.91,1
844.2972605,36.05820798,56.06359896,850.97,0
653.7122726,31.18441036,58.3617159,857.73,1
760.850853,32.47033071,59.3086458,851.75,0
369.5251553,35.23507181,47.15566418,852.57,1
501.6309849,25.18080081,68.34245666,856.61,1
568.1737744,34.44437465,64.22987538,850.39,1
651.7931828,24.54964016,72.93700533,855.22,1
942.9932157,26.82470594,55.628312,857.65,0
518.5735772,29.73780117,42.36024859,850.01,1
381.472308,33.48468031,46.21275521,854.04,1
664.9144841,22.02671892,59.30492665,855.61,1
972.5860807,28.88158855,77.49552925,856.09,0
625.3781277,36.28921986,70.51736779,850.15,1
723.5181698,37.73960514,77.32795275,849.77,0
557.156998,37.58065491,44.17612445,854.4,1
756.9882074,26.57489179,42.06367334,855.15,0
836.9893805,30.97364476,78.23391407,854.51,0
582.0687349,20.56784751,48.02534097,856.0,1
911.7286463,27.41784152,52.71555125,852.61,0
706.9059611,32.10803269,65.76854534,854.33,0
932.2902582,19.62073242,71.92000363,855.98,0
641.3743433,28.19932981,52.72026473,852.43,1
755.149757,19.55502617,70.2242948,859.92,0
610.1538495,31.98781797,75.48149285,854.95,1
510.6256273,33.48002515,42.29105088,850.6,1
340.6481736,19.12130224,41.90681788,856.95,1
463.3468855,36.3426164,48.32681051,850.8,1
763.4836129,38.62305068,42.58714579,854.93,0
447.9522593,21.24906597,55.25218109,857.95,1
419.1618849,31.75767614,60.7695804,851.74,1
466.8534619,28.3090488,77.69331312,856.61,1
430.3409202,19.03325563,72.64587849,856.35,1
411.0258824,28.69651794,52.68139078,856.21,1
376.8159253,34.3335776,79.16806373,858.22,1
474.9414563,26.06121777,65.19703963,853.86,1
931.2166581,37.31260682,64.1780947,851.24,0
502.0771967,27.30277475,72.48243227,852.1,1
876.6986199,33.84527375,48.88833906,851.5,0
730.7983229,21.96236733,70.66994998,854.77,0
743.533748,27.95102439,66.91957896,855.1,0
784.3275212,20.31032068,61.36242226,855.85,0
572.6359758,29.47721139,61.07487417,856.13,1
699.4168861,37.0110057,71.61838209,853.19,0
519.7448901,24.88372851,66.14902746,858.25,1
941.9526775,24.85574395,60.22665006,853.96,0
851.8605542,23.87928663,79.09572054,861.53,0
602.4404926,38.43845355,69.31925453,854.55,1
676.8233332,38.98375275,48.98221872,850.78,1
691.1002766,21.59014837,59.86100468,852.33,0
649.1586643,28.89722677,72.63972044,855.34,1
721.8148154,35.24369834,54.50933381,852.81,0
533.7241018,29.2695669,60.31395542,855.87,1
977.4477583,20.15028243,50.87311044,856.37,0
335.7729138,37.76078676,42.93327343,852.89,1
510.7812676,21.44926502,61.91337371,852.91,1
975.7451713,25.93914854,45.85930493,850.7,0
479.5791021,32.73590714,48.09233533,852.56,1
459.3091915,28.64688311,38.79075255,856.3,1
622.4469442,21.17060744,57.89514171,855.59,1
487.8721177,36.90276604,64.55613427,850.06,1
888.6196191,34.09282126,67.59127863,853.94,0
397.4314266,28.14159872,70.59726873,855.19,1
667.8889555,34.43222847,58.10239248,851.26,1
709.3983578,23.73334374,66.27881754,855.14,0
882.3715166,38.62075263,38.85305738,853.11,0
981.7841172,20.77267631,54.9587865,852.25,0
511.9809734,23.81252476,43.53032638,855.64,1
660.3365648,31.48302944,59.44479937,855.22,1
750.1707403,32.01421487,56.57617393,856.47,0
940.1995842,38.29929024,57.72419082,855.64,0
369.8980818,26.72492867,76.46813156,850.95,1
899.4106889,34.59359525,63.29160206,851.1,0
690.2098359,37.01726989,40.303152,854.45,0
583.4102308,32.50128001,66.13008074,854.98,1
340.2268032,36.95236905,61.7302681,854.45,1
971.6879052,37.40455316,70.60308703,862.74,0
658.8075073,18.39314952,73.33170117,856.82,1
768.9803799,38.32882286,41.2526544,855.84,0
450.553998,36.83133191,71.52150595,855.57,1
845.6365296,32.74163727,70.13592877,855.3,0
971.02305,29.69820284,39.69339358,853.25,0
646.2945361,22.06537271,79.81485839,856.85,1
941.3723198,32.4772021,70.34219447,851.77,0
931.7347173,23.70042927,51.19909658,854.16,0
853.1525517,35.75297115,61.43612074,852.1,0
815.8048516,26.50090955,69.8118863,854.62,0
314.5110162,33.59498799,71.55487495,859.36,1
326.9246013,23.20531605,69.84782071,850.15,1
317.0477946,20.57919098,45.57045455,856.85,1
538.8714092,30.87930817,53.51187938,849.86,1
603.1985948,27.57094964,44.28187623,853.11,1
601.8775081,33.46038092,81.26740715,856.31,1
936.2918345,31.56900143,74.51425823,853.97,0
776.1083581,25.21726357,43.86851446,851.88,0
487.3414107,25.28693515,54.68116237,852.78,1
387.8460711,20.02291105,46.04152574,856.9,1
961.0185752,20.1466308,80.1029758,853.36,0
968.3064212,21.62493783,58.41349063,855.55,0
953.3472039,19.96646722,76.25676716,855.32,0
525.8158836,19.90370961,77.89804196,853.58,1
875.2291588,30.78703296,48.30740647,859.27,0
700.0782097,21.14581903,44.554376,856.65,0
775.4065809,24.04732436,73.41661446,849.65,0
498.0949469,32.77765962,54.68038381,854.13,1
502.6509058,21.83575819,38.76723376,853.33,1
583.453298,30.37214672,38.69525471,856.09,1
916.5955197,29.82178446,74.59444184,852.04,0
584.6279417,25.02030431,53.68977186,854.31,1
732.1867243,30.69075287,49.88830091,855.18,0
744.7648632,25.888154,77.83079457,856.66,0
328.3617978,31.29363922,58.7362663,850.84,1
907.9553649,20.19811065,42.37221302,854.34,0
596.6268785,21.95947665,53.09095552,853.78,1
647.815273,20.52524238,39.82211644,853.5,1
525.6421453,35.13893199,53.73724157,857.8,1
913.4611539,23.61996582,58.31014591,855.78,0
549.4444564,27.98793106,75.64187376,851.09,1
925.4460291,21.09114645,57.3407776,857.36,0
809.6380006,30.17273369,70.19543203,859.28,0
700.2228324,19.65435171,53.83813867,857.82,0
444.7419024,32.32824783,52.84641391,849.92,1
591.7704172,25.32425607,72.96533491,853.35,1
375.5391579,20.89732904,41.66124511,858.26,1
499.9039972,32.82058782,67.90740174,851.89,1
350.7498246,24.7932803,47.29524282,855.73,1
516.0959755,22.90275255,62.95637252,856.79,1
711.2870605,33.00537469,75.49172108,851.32,0
750.2619903,29.7862007,73.90159317,853.88,0
850.7213582,28.36371128,65.17645312,846.09,0
775.4189213,28.76767419,55.52940988,851.59,0
829.2390953,25.18794099,42.38415751,853.95,0
859.3998765,25.59238842,43.45129763,851.41,0
540.8247005,20.34959659,72.13734976,859.24,1
713.5948282,23.97497287,46.0204047,851.15,0
477.5211014,21.05278888,67.10195475,853.97,1
664.62704,26.31763165,42.5794163,854.77,1
658.7575893,22.86411147,58.67516189,858.46,1
560.1368757,29.51032647,79.75665544,850.47,1
854.2611814,37.3878475,53.65013921,856.02,0
970.3550923,37.7600683,50.23740098,853.09,0
795.678058,25.28291315,75.69513723,852.11,0
400.6241727,21.05360584,61.23333244,856.23,1
478.1030409,29.56103915,43.79085936,854.55,1
688.2043706,25.7703769,73.92037316,853.01,0
347.9880239,34.12205639,60.50837005,853.68,1
515.549803,22.51021124,63.80556755,853.94,1
433.6503126,34.03259122,54.10872441,853.8,1
707.6423586,38.08855045,64.59754627,854.68,0
418.5890937,28.092736,52.22665191,858.19,1
964.6941636,35.49308122,42.98836862,850.25,0
346.0072383,38.74010263,40.42691826,858.28,1
536.6965723,18.04562376,69.49223436,850.55,1
626.4433253,18.7885571,75.30520844,854.97,1
802.9147537,22.59559292,40.63851895,856.36,0
394.8078072,33.05202452,63.483429,854.34,1
706.6801657,21.03142206,81.0624899,853.52,0
474.0306089,37.05338508,68.59722314,852.63,1
566.2980198,37.29350844,70.03476391,851.89,1
654.4342225,25.96981321,67.4054608,853.01,1
556.7583466,21.77420939,77.16772892,857.11,1
745.3244493,19.10501023,63.80477998,856.2,0
777.7898994,23.62544552,63.05003005,853.03,0
899.0348564,22.76031482,48.2711668,857.12,0
699.3081603,21.90009999,72.92386873,855.74,0
323.8603118,37.03614625,42.74534302,855.19,1
951.0137354,35.20084125,45.67611975,854.95,0
810.5694342,32.28461613,56.27765434,851.65,0
576.6421448,28.93410596,41.43890154,852.73,1
952.4619199,37.47040537,51.12904756,854.97,0
603.3552253,37.7429928,39.53782934,854.6,1
691.5138807,36.15828165,69.67124858,853.21,0
314.8306485,27.97933696,62.35873129,854.54,1
874.0548841,21.06581973,53.92178816,858.27,0
801.0478617,35.70978452,72.84550331,851.84,0
455.2842278,32.33313773,68.55599403,855.09,1
438.4273184,27.15720864,69.27381179,853.84,1
545.9472475,24.64555541,76.09591583,854.1,1
591.8485728,37.3562437,79.46932094,855.86,1
385.1969923,38.6600172,73.60851221,855.02,1
682.278218,28.92008812,52.11539667,856.16,0
786.1124603,19.34344335,80.55336687,858.54,0
732.2515907,23.23969115,52.90227943,854.86,0
954.4160163,22.75061775,64.1561389,856.57,0
400.3056792,30.94334925,76.71180447,853.11,1
550.5436597,26.78647556,46.03085039,855.2,1
950.3219321,24.94407796,52.00382716,854.28,0
900.5903422,21.77951708,62.41328463,855.23,0
595.1944838,33.88432762,78.86009641,855.02,1
767.541771,38.00055277,58.95708995,850.99,0
617.4804099,21.22292547,49.53367285,860.28,1
743.8156669,34.85652452,53.26276815,850.9,0
678.2163406,28.01313321,58.22029426,851.2,1
922.4233099,23.58289149,39.22574001,857.67,0
548.7078119,25.90978881,43.39140052,856.47,1
643.680569,24.81508818,51.85650627,856.18,1
783.105208,19.58978838,66.36868278,856.82,0
612.2345221,34.97003219,41.4853933,853.37,1
680.6630939,31.08826754,73.96810956,851.63,1
438.8704127,34.56218172,55.89046785,853.64,1
846.5366967,18.45160356,58.90983537,853.69,0
315.0687518,35.00805429,67.80622545,855.84,1
352.1838214,24.42529874,48.60243681,854.3,1
944.4580077,34.66289723,39.05143443,851.38,0
498.8830547,28.94137254,64.14341877,853.32,1
320.3407851,31.68462827,70.65105297,854.83,1
627.1491434,34.44553299,46.85157527,852.06,1
818.4240494,21.05036779,39.15056198,853.02,0
491.5146171,38.64525079,65.09017888,853.57,1
396.8247143,25.06028839,71.29580483,855.21,1
753.4293625,34.78510786,55.21350843,852.16,0
629.0880023,30.62484714,76.69472676,852.75,1
472.4148053,25.34217794,42.43423806,855.14,1
422.9271637,34.94844096,46.68273708,849.79,1
920.3563143,26.11007528,68.80425056,850.95,0
396.1873216,34.24618538,70.39869471,851.69,1
513.7249077,18.62049571,45.19446313,854.83,1
480.5654407,20.68289473,44.33889236,855.9,1
839.8127319,25.29110443,62.95370189,858.25,0
443.6530976,27.24063361,39.04218351,856.48,1
720.4648464,36.08807704,81.25275284,852.87,0
591.5367559,29.32185133,38.62366615,854.03,1
803.9366874,20.09083503,69.96912367,852.68,0
803.6978356,26.25967073,39.02872896,854.4,0
844.9427376,25.12842393,78.17095604,853.86,0
439.9940878,22.84876622,54.20839443,855.66,1
870.4558609,25.46312651,65.96604603,852.48,0
467.4725687,25.40140352,73.03983178,855.85,1
776.0257868,27.21937541,45.90056323,858.17,0
580.8616965,33.10112369,45.67730177,853.36,1
984.177495,37.28073676,79.15735017,854.13,0
484.747617,24.54923461,73.57998875,856.38,1
612.731316,38.30106906,40.35068229,852.0,1
637.8018802,37.8195853,70.85097646,853.62,1
827.4999962,29.81101635,38.8661281,854.05,0
960.2863964,30.52903301,79.903196,854.18,0
952.5404898,30.11833525,77.59880016,852.05,0
732.4813806,34.81907373,43.09319288,853.48,0
717.6937348,24.13886404,48.92517527,855.95,0
622.636939,28.20253893,67.51298597,857.84,1
472.3562802,27.40750908,77.92590076,856.71,1
516.4788063,22.0667502,46.52886097,860.33,1
489.694382,30.04449357,80.63023241,852.08,1
931.4820084,21.73983164,38.29166808,857.17,0
768.6082338,29.03830794,76.74970929,854.57,0
591.3579467,25.536238,62.90982634,860.01,1
406.0014434,36.17255827,56.40920628,851.24,1
970.1057219,19.84691837,69.92417688,853.12,0
820.9757999,19.57319679,42.86866478,853.75,0
413.8153826,21.6781965,76.95323731,849.69,1
632.233656,23.88780146,45.23588435,853.42,1
745.1945798,31.10317827,43.16950969,851.97,0
768.5427327,29.76043996,71.17944254,854.4,0
340.1917219,28.01483927,78.3721853,855.09,1
954.3504479,23.75044919,73.54626134,859.44,0
910.2128794,30.36600999,43.2572783,856.33,0
982.0529366,37.32422617,72.92041943,851.68,0
502.8338906,21.58123623,55.8568377,852.76,1
917.4931595,23.06153037,42.66778546,856.06,0
335.346961,28.44902869,39.504915,850.89,1
646.240886,21.36529747,53.66568181,859.61,1
953.3265446,24.85938228,39.35000841,857.57,0
467.1645847,28.1304323,71.87059266,853.05,1
617.0574443,28.15343986,55.54104585,849.94,1
843.2137374,27.89910931,46.21754781,857.64,0
626.8416068,20.36099588,53.03179025,854.87,1
436.420616,26.93680757,40.22559701,857.46,1
353.0036516,34.72321388,44.42303498,849.45,1
448.9210151,36.27439013,60.54049124,851.75,1
575.8246037,22.83539244,47.55073016,854.87,1
862.0829708,26.00784015,58.12462164,854.6,0
835.5262897,22.59322997,63.13648497,853.76,0
918.0926036,34.44929749,70.28475545,855.02,0
371.4096402,26.57203514,59.46495826,851.74,1
594.7727141,30.04343366,54.76592841,853.64,1
502.4192963,24.9617897,43.81799127,854.91,1
900.0608184,35.11111829,67.32314988,854.67,0
871.6862324,28.61179163,78.32114465,855.95,0
705.8785979,38.84395622,42.16186924,850.13,0
812.8163182,33.31756932,66.38175876,849.77,0
431.0813607,30.80433448,71.2069125,857.1,1
670.2607412,20.35116486,46.97948873,855.99,1
884.4500056,32.9784717,66.1443331,851.77,0
548.2942007,33.23731968,47.22353265,857.49,1
413.4421956,30.87874237,43.38539929,854.18,1
786.8011496,36.16843671,62.85887501,856.21,0
754.2779219,25.91637957,43.35571559,854.66,0
805.0151715,20.22050148,76.04881326,860.33,0
640.1042214,38.23912474,58.38012305,857.4,1
698.3912156,21.19904137,77.79926767,854.43,0
831.5097276,24.86785461,45.0416189,857.04,0
918.6044897,37.69139443,49.77786395,854.69,0
394.9206133,22.91570594,62.37813802,858.27,1
338.9192405,23.25463649,40.81264793,852.4,1
847.7095883,18.81566942,41.1710621,857.06,0
956.4178092,28.09736731,62.12873366,856.87,0
445.1059596,28.36327999,74.64132024,849.8,1
414.42393,24.92426424,77.96384798,851.65,1
537.7852107,28.05777885,67.38825919,849.13,1
820.4306482,22.34839496,43.57907194,854.24,0
715.3101417,34.40309337,42.53055423,855.27,0
888.8947055,21.86492988,75.00202916,858.73,0
415.5595049,19.40220642,81.00867517,855.46,1
327.568788,35.43919959,65.91462083,857.42,1
499.7401757,24.49442632,72.16404542,851.21,1
898.5554216,28.81186087,78.64252082,849.88,0
795.8522761,20.15140322,39.18421171,855.04,0
537.670384,24.64131032,57.13450433,855.6,1
407.2511016,22.35436314,39.09841951,854.84,1
782.6377895,26.60654188,58.19144948,849.24,0
679.6052505,29.32708738,53.81771787,853.86,1
668.0506646,24.55747789,48.11375794,851.39,1
815.6572895,32.77953595,54.91967854,855.34,0
867.4053279,36.46921183,59.79386426,854.14,0
891.0547276,20.29009658,44.2838586,852.82,0
559.7621657,18.53019064,78.16440849,854.09,1
834.2239138,27.46324246,53.03971003,851.66,0
732.7618468,28.19751304,52.17352557,854.06,0
624.5672426,26.07715885,64.22311969,856.86,1
457.1252841,38.99276957,51.17163807,850.46,1
371.7473063,26.12793092,50.5161481,855.72,1
356.8972374,26.23397111,67.97755607,853.13,1
444.9895453,26.51987971,61.74242461,852.44,1
676.8666745,19.84993106,38.38359734,854.95,1
666.2053415,24.45746477,65.82223707,852.08,1
595.209673,31.5460751,62.43318087,852.43,1
682.4074539,26.55487622,52.27685703,851.42,0
613.1324855,25.15093141,40.53539916,859.49,1
693.2586806,19.24440366,69.94039473,855.38,0
346.7220599,30.14880995,76.9855141,852.23,1
629.4443263,32.90652728,38.82544451,854.19,1
604.4545063,20.00700272,72.031064,854.92,1
960.2631669,29.2605884,58.48992882,853.54,0
625.1267353,36.31753572,57.29779336,854.78,1
622.4788974,28.6403978,77.83656883,856.06,1
482.1926291,38.10159934,64.73351041,851.7,1
473.9364675,36.13200848,77.87473608,851.82,1
501.9243508,22.6017739,48.68205707,854.2,1
580.1724019,24.10637738,64.75963108,848.95,1
467.3680592,29.78512136,54.10094859,850.24,1
699.8725208,33.24415566,71.11914019,857.03,0
825.4780262,24.58548821,77.91166663,858.76,0
541.2447639,22.97600015,64.3056719,854.22,1
517.7784592,20.15627798,60.32897602,856.62,1
404.4113304,31.05469027,75.38852134,854.65,1
548.0308517,22.74895478,81.00904267,862.57,1
916.0314823,33.05502689,65.67555505,856.43,0
944.930323,35.54655948,60.28069941,853.01,0
579.630127,27.05934195,39.86156831,851.96,1
318.4070049,29.41618253,45.22584642,850.05,1
326.3505069,30.02525645,59.47810081,854.51,1
414.6357796,20.04961418,71.52226406,853.3,1
732.4378223,22.15266556,58.39780898,851.39,0
838.6247357,18.81609313,78.49030942,853.73,0
946.4140835,35.24888224,40.01884344,850.67,0
697.1038105,25.87646756,49.61678191,858.71,0
574.8592823,27.61188098,39.46857363,856.49,1
641.8108033,28.00397306,79.81674815,854.22,1
494.839251,28.76178771,45.76211392,857.85,1
405.5148042,23.46437176,50.78125746,854.98,1
524.7637816,26.96046668,66.80331615,852.21,1
454.2769165,21.90644025,64.20777441,858.78,1
344.5576357,26.8937136,42.21870247,855.72,1
645.5056887,25.26013847,58.31039404,851.98,1
567.8731964,24.77847347,70.12354246,854.15,1
562.9062045,25.12174385,43.64597522,852.4,1
946.7498406,35.4764371,76.10637261,849.89,0
512.6146204,27.95296405,60.91751272,856.56,1
423.5743346,19.76831492,74.37512727,860.0,1
717.9804936,21.03731179,45.94132695,851.58,0
503.8111697,32.66366387,55.98388839,855.09,1
630.9723678,36.51254933,67.7612299,851.59,1
837.1342555,21.65722545,59.26445598,853.78,0
914.6207622,23.41660756,49.7526696,853.31,0
772.223124,33.15171533,62.62039607,851.46,0
781.9736213,23.08208429,63.76951298,854.95,0
657.0425591,22.64607889,75.48222748,852.81,1
801.0760446,31.87608619,55.49852492,854.45,0
920.9471006,23.0519635,64.49727489,854.71,0
629.9144482,27.55410419,75.98350497,853.7,1
726.4616954,32.74453903,72.18578631,851.4,0
856.8759288,37.77859552,41.40815689,851.62,0
723.4846117,37.5303185,63.79991839,854.98,0
640.0376859,33.84121767,52.62807631,854.79,1
727.3764752,30.22145048,57.10509277,851.53,0
683.9032897,28.67201329,77.8440927,854.41,0
464.0177106,20.86421022,44.97898717,856.97,1
347.1089122,23.4970212,49.37469553,850.61,1
476.8238527,28.12585734,46.79624196,855.58,1
476.3099234,19.02432627,66.46415534,853.66,1
956.5886084,36.18497602,48.18850146,854.68,0
652.9174016,31.62558139,66.26971235,851.9,1
625.2829594,37.42083024,60.64973856,848.6,1
826.4000674,30.08986712,70.18569499,849.92,0
567.1477765,22.46918252,77.19585126,855.02,1
775.5239668,28.41635239,69.11804008,854.84,0
959.0000596,26.22079778,45.34636263,852.19,0
382.4424039,35.75140227,68.88446655,854.91,1
776.8831149,19.69214955,58.49462092,851.08,0
652.0644108,18.73960288,60.4239302,855.19,1
800.4200495,25.21024574,68.06460263,851.55,0
872.5388816,19.72869198,78.96414539,853.6,0
480.0748866,21.01989215,53.51615,855.2,1
857.9497034,36.95020006,47.53961581,851.01,0
667.0091975,28.19888511,43.49551198,853.25,1
444.9091712,33.78016805,66.04181872,856.06,1
559.6378999,27.54149467,62.90485645,852.85,1
974.0068394,35.50887541,43.99354238,855.43,0
883.9055337,35.96848966,57.78761402,850.46,0
755.5170315,25.46710245,80.78954298,855.87,0
411.7343309,29.68374997,65.29827498,857.64,1
486.8212671,22.55504333,64.98600184,848.71,1
342.8508553,28.33013051,40.69928737,852.21,1
931.7229442,24.37850784,54.5680037,856.12,0
420.7140873,35.71578529,54.87595667,852.81,1
743.5847407,31.80604766,43.935236,854.71,0
437.2699805,20.22641955,41.83541442,853.66,1
397.6508479,18.57742084,47.38207512,855.59,1
760.0383363,20.1334337,46.49824521,854.79,0
332.9186418,25.04818379,58.3105613,857.51,1
317.2485158,19.72984713,54.3525619,855.87,1
808.0426108,32.73055813,75.73273778,854.52,0
321.9519001,27.94168801,66.18250604,853.22,1
537.2446327,19.57349816,72.09926813,854.03,1
778.9710956,26.94169863,62.05557324,853.29,0
741.1128924,26.86229526,46.28328142,855.36,0
891.2876483,38.29410775,39.31009086,851.95,0
965.3628289,22.39097429,38.10423005,855.64,0
719.7986989,28.05013039,42.60057533,859.42,0
954.9616493,23.46914078,55.03389225,856.96,0
498.2775594,36.82570401,66.94867241,852.37,1
747.9941152,34.72979139,73.59711735,856.44,0
534.1396539,36.76337377,66.00233782,852.17,1
843.832403,21.84857719,72.01291034,849.88,0
640.6292134,27.80596701,71.52907877,851.74,1
746.2443139,23.75255547,70.99852868,850.07,0
508.2848129,32.93323398,41.46368936,852.77,1
474.8386517,36.12916014,55.84923085,853.31,1
590.6910264,34.05696358,54.56956747,857.7,1
583.6209197,30.19661408,73.48937866,854.79,1
521.8640974,31.80548785,56.52548695,853.24,1
652.4186022,25.17815146,70.38481056,856.65,1
984.3243712,18.01840675,43.29315263,849.91,0
942.3638069,32.35752179,59.21822333,854.31,0
907.3036274,35.2900845,40.64796429,855.29,0
790.8170323,24.02391081,73.24790493,851.02,0
975.5447393,31.04963498,59.61775864,856.73,0
680.6427015,21.4734207,64.14521188,855.87,1
771.2760712,24.49479856,61.12188411,853.62,0
473.8705539,25.76096353,68.90622878,856.09,1
498.3994025,29.60297671,58.21297714,859.72,1
673.0862128,33.33856507,52.20580811,854.05,1
395.6381592,25.71093142,56.47390364,855.14,1
685.4373887,30.75669221,69.09468698,852.76,0
425.6412849,30.63761089,59.41953716,851.8,1
916.6585693,30.10319277,58.59310201,856.06,0
410.4161286,35.73131517,44.77704542,851.17,1
407.0573779,27.17543191,47.20828179,854.52,1
671.5833809,25.43978047,45.11999818,853.35,1
832.0385016,27.7042163,67.82522732,855.47,0
638.5471007,20.32325713,68.29130011,856.0,1
730.5140918,25.23349972,54.74496931,857.17,0
420.7514415,25.52777925,59.87356,853.26,1
541.7405904,30.20413301,45.53785951,853.3,1
974.3445003,31.23650744,57.6786761,851.4,0
501.2320154,36.45235764,72.7084295,852.11,1
574.3519172,36.64127902,60.70541468,854.15,1
726.8058242,18.36303376,46.80062237,857.29,0
911.3978929,36.91711905,45.00168312,850.86,0
968.5409504,28.54326434,70.7859597,856.35,0
760.894452,35.47763637,46.69355782,856.73,0
562.6595618,36.77791161,78.27305058,854.22,1
672.1083575,35.95690549,70.93853978,857.98,1
837.4040795,37.5611885,53.81314163,851.16,0
406.6898188,32.37639824,68.60120116,850.6,1
840.1336676,26.25972293,39.93499329,850.0,0
734.4740377,25.88820244,56.74030984,858.23,0
629.4435306,20.33726038,71.98448006,856.8,1
851.6921987,38.70308114,56.81103692,852.82,0
911.4341077,38.90902362,64.13079839,853.63,0
575.5471893,35.35432129,43.91535155,850.54,1
507.7236934,29.88694145,55.26455524,860.13,1
917.9840782,34.91465199,38.37572156,853.73,0
577.9736509,32.95860003,75.35370469,853.92,1
702.2161232,36.94115672,69.30608399,854.98,0
700.5239089,33.46930097,67.41736224,854.79,0
762.648205,21.59501479,50.85266349,855.57,0
885.6475861,38.89675329,45.33180417,850.96,0
971.7346925,38.14785909,52.255365,854.2,0
498.7048698,32.0414131,54.49200984,858.46,1
975.6234451,28.21391606,74.46994242,857.58,0
916.5796661,28.64825535,53.17756899,858.15,0
783.9051622,23.99036927,38.19091139,853.44,0
413.7146546,18.72143396,54.42975652,852.88,1
554.1383891,28.60660591,47.58883136,853.85,1
867.9401117,33.38183815,70.97653144,853.73,0
390.3967397,26.66862357,75.20192806,857.14,1
927.9091175,25.68603928,69.55235487,850.29,0
515.0843874,25.70500064,55.41683378,858.34,1
957.9237901,33.96287335,43.35551267,853.13,0
619.337888,27.97185624,63.51520955,853.18,1
372.8504234,22.19584144,41.10080655,852.41,1
836.7289689,23.32198087,57.68391449,850.66,0
604.9764408,32.1532988,72.30983131,855.8,1
380.8852258,19.89251078,44.95408168,855.4,1
692.3914251,23.78902838,67.16824608,851.52,0
696.1225582,27.40100389,64.91408706,851.07,0
812.7698039,34.45009124,48.90047128,852.63,0
489.9562961,23.87392715,74.19660163,858.91,1
904.0105666,36.43738829,45.94353961,852.58,0
492.3112121,26.03326337,77.86482996,850.72,1
453.6654316,26.83977622,50.02656456,853.76,1
809.1117591,20.40917963,73.70908102,854.47,0
687.6139345,35.77896897,38.90138032,846.56,0
850.4715333,21.02343507,51.86790091,854.94,0
332.057034,19.06198849,60.80330689,854.74,1
861.7625223,38.66050659,39.23412749,854.7,0
855.4026727,30.18661901,77.54397708,858.6,0
721.1758449,22.69905376,43.93425267,857.69,0
435.0541775,28.47292829,76.2137333,853.51,1
442.865314,23.1078656,71.50559101,852.06,1
709.4169493,36.38845995,58.35962974,859.67,0
840.3268702,24.33102213,40.73048798,854.83,0
534.6177819,24.72002091,60.50140282,854.67,1
702.321477,31.59703142,68.78009305,853.75,0
446.7461953,32.99289867,75.86806903,854.14,1
460.8372706,26.54421327,72.30082104,854.05,1
743.0968015,34.58036835,43.04910898,852.02,0
599.6748243,33.9658341,59.90989295,852.16,1
425.8689854,20.12530997,60.39301835,855.1,1
779.3837278,32.98528146,56.38715733,852.28,0
715.6634456,27.78895655,42.29285071,852.48,0
802.9490589,26.98276246,78.18892941,854.63,0
376.1633394,33.59937806,50.20342435,852.93,1
577.4513375,27.99637431,63.57329888,858.0,1
399.3862141,30.78551938,42.72451509,847.28,1
787.0575418,23.14027166,71.20822945,857.55,0
947.6328325,27.64621972,42.72817209,857.4,0
651.1959941,33.14001294,54.5052747,848.44,1
742.9896138,22.90714959,72.072791,853.99,0
489.6547301,23.41035349,38.53929711,853.86,1
367.8108207,25.82448203,50.675926,850.98,1
319.2512018,28.94368769,77.3372467,852.18,1
874.0564308,34.91222027,74.56392577,850.63,0
623.3584348,23.93169981,56.2109954,859.11,1
699.2353919,35.712238,62.88543114,855.65,0
984.82801,31.23235489,75.18022473,857.03,0
903.6334164,28.44604515,40.18544002,855.99,0
757.1386934,25.83183256,59.81048603,851.68,0
860.3480459,27.01805963,62.14647639,853.05,0
770.3903504,28.07773935,71.19040029,855.45,0
484.193576,22.48429453,39.14201991,851.85,1
678.6498186,20.0189767,60.86032399,856.98,1
724.2664083,34.44388461,55.36779609,852.87,0
671.7595742,24.35454604,60.26419122,853.74,1
360.0948893,33.86919461,38.99546814,855.31,1
461.3095335,18.794435,41.99485572,856.46,1
629.3884295,36.45469506,49.92157565,852.32,1
566.8116834,20.27056037,55.73200607,858.07,1
721.969067,18.18041223,70.05120973,852.72,0
437.9751566,26.23165573,69.50815744,855.99,1
699.9463154,27.39232035,58.22151072,855.8,0
833.3418831,18.70188587,50.44729727,854.58,0
795.5955559,18.05214092,47.4936568,856.25,0
686.8016318,26.50351313,49.94184892,851.29,0
648.4295505,18.19315095,46.51607435,857.73,1
897.9951889,25.6458634,46.33247757,854.06,0
712.9489055,27.78411163,72.4180631,852.96,0
711.5386211,21.2268205,62.26926798,857.68,0
609.1803281,35.28401903,49.98946395,851.61,1
435.1471051,25.79780967,70.01424246,850.98,1
755.9642393,32.7985974,55.25685843,849.77,0
465.3671989,32.73069409,76.95463813,855.19,1
910.4323692,19.67811221,64.79199413,852.04,0
768.933636,27.04684361,55.2017289,858.74,0
706.5374772,26.26584676,78.6916488,849.24,0
867.3441138,36.07811706,44.20900954,857.51,0
663.4944454,21.8388425,38.99022701,855.51,1
516.9320715,34.21381612,73.77577857,853.25,1
820.9254016,36.48523746,62.93299446,851.86,0
435.135891,33.42914637,76.16170841,854.59,1
510.6888574,18.31721797,62.32108401,855.31,1
505.3483682,30.16844617,48.95169003,856.74,1
969.3546491,20.63152831,60.58010387,855.41,0
767.0516365,23.07666529,57.66709954,855.21,0
503.2820153,36.2049117,53.26167815,852.35,1
694.4691873,18.37924489,44.27375687,855.25,0
379.9232561,34.30773303,50.57219325,854.25,1
748.5227546,24.9215272,46.0858193,850.33,0
337.115929,27.09788078,46.51351304,850.98,1
757.6933222,36.00288262,78.86525363,855.14,0
506.7921398,28.43521759,38.01201815,854.61,1
586.5633448,37.4575479,61.77933201,852.65,1
782.4941879,26.50294561,61.8366087,854.47,0
715.1088449,32.54846524,59.79923203,854.56,0
414.5975971,18.64515394,52.7789324,854.01,1
428.7620405,18.85689838,39.48508657,853.39,1
879.4522214,29.53159772,73.85535503,854.55,0
430.874041,37.32858556,58.6756124,850.67,1
326.9497742,26.97180171,46.68964404,855.38,1
531.6635899,37.17586944,80.53714457,848.88,1
590.0747719,19.62083299,59.08825783,857.82,1
788.4986446,37.17599078,51.02193658,854.32,0
464.1783134,29.02897312,70.12247535,854.76,1
969.2149582,28.16642354,55.06735401,856.68,0
595.2575195,19.41909307,74.87145788,859.43,1
902.9610913,38.47085764,52.5198045,855.52,0
893.6475039,20.58287287,58.13518977,850.53,0
519.8483537,33.06048529,67.53187096,850.43,1
772.5768001,22.66517758,55.61628353,853.32,0
670.5695383,29.18450132,55.82843798,854.16,1
788.963652,25.24171199,47.71536187,855.87,0
773.0264373,24.31132972,47.04387765,852.87,0
800.745598,30.19115425,73.16611957,854.44,0
623.6280745,30.20991754,68.4283879,852.09,1
708.8129409,22.92443277,74.93948423,853.32,0
584.6458122,28.49687312,78.3947496,850.66,1
879.4496598,38.94895601,46.12533294,850.62,0
503.1673515,36.8529194,49.09134547,849.8,1
530.252788,30.8037134,76.32652754,851.46,1
666.5456946,20.18349609,48.25448038,857.81,1
871.5664408,29.18153652,40.7576471,851.72,0
357.1233579,29.46358763,80.93009743,860.65,1
591.6013313,27.9929879,70.84495697,855.47,1
813.4999344,31.26598014,70.23519053,854.31,0
762.0788052,32.11005997,58.09322343,851.6,0
415.234006,21.00923167,44.19856667,856.83,1
551.3029898,23.45606039,71.57778551,853.35,1
853.6724309,36.50454595,62.63280594,853.52,0
705.8360981,35.37805399,62.89538353,859.75,0
491.4209942,20.86374102,80.96447944,854.86,1
782.077727,37.88971527,58.58522277,855.93,0
387.2431466,26.7484045,58.31329798,852.63,1
876.6907768,30.09274062,42.0021602,853.9,0
639.4683006,28.9854808,38.43428436,858.55,1
539.6158807,31.65550976,52.36330075,852.23,1
892.1538802,26.14096895,38.31936499,858.99,0
342.8729662,27.29025202,66.797263,856.09,1
396.3036918,21.58129401,46.75826526,853.6,1
671.3286322,18.71287712,57.54126694,856.94,1
794.7089644,20.05131877,56.8297585,857.63,0
674.9186791,38.15488888,60.21823105,854.58,1
344.4982398,25.94845224,60.29486328,850.56,1
513.8966684,26.84400076,38.43752254,852.56,1
865.1109938,25.98052435,73.63609724,853.86,0
589.039116,32.3030616,80.33104385,853.54,1
407.0810749,37.30552714,76.49268791,854.68,1
323.1527597,38.21162092,50.07303514,853.46,1
798.5256028,27.14525385,60.94045561,851.0,0
811.1821248,30.17623297,70.42048822,854.93,0
700.1678444,36.45073547,72.51398423,854.75,0
594.3900566,33.61340666,68.15827479,854.97,1
693.4917887,23.53830032,65.95445359,857.48,0
720.0234299,19.75202558,53.54305033,857.31,0
597.4279971,19.23267256,73.50879262,856.44,1
425.3398894,31.24550578,75.93661188,853.68,1
425.0433845,35.69010972,68.35547865,849.16,1
574.5621388,29.15402932,55.81934674,855.18,1
900.7409551,24.82694231,44.73354458,855.14,0
499.9197741,36.31276182,73.75800258,853.92,1
738.6523352,38.35999162,65.19923706,849.8,0
892.3493002,23.62108923,63.36879835,852.06,0
343.8721494,28.44158436,46.7915701,856.82,1
833.6903704,25.4774334,63.93430947,854.44,0
422.5618034,33.0977186,42.17321493,855.33,1
374.0224999,35.6946425,71.29051778,853.39,1
440.5951193,38.05274832,63.1508986,853.11,1
842.7628242,19.57886369,80.83453849,857.6,0
761.6534908,29.30883462,54.1016629,852.79,0
323.1759468,38.64445903,53.17040977,853.2,1
468.5261717,38.54811678,65.37268937,851.82,1
707.3200815,27.28525346,69.63839321,853.24,0
806.01156,36.71423043,54.45736854,852.42,0
965.88821,30.75128698,38.97049951,854.47,0
328.6294037,29.85451294,57.50803105,852.82,1
440.3097397,27.93869403,43.00183981,857.39,1
475.6455436,32.09551657,38.35733591,851.51,1
709.5416642,22.78952732,49.34129442,854.4,0
750.9186249,23.2126338,74.356478,853.72,0
862.9338313,19.48222522,51.30534486,858.88,0
981.4868555,21.67048878,43.23987897,855.49,0
812.0749943,29.31050308,48.36467146,856.66,0
521.274195,31.20393761,65.91190474,850.14,1
927.1263778,25.01759801,48.13878335,855.27,0
355.3889229,29.72921444,71.25738398,856.26,1
362.8196189,29.4770315,58.75196714,854.27,1
904.0569505,18.26086759,56.57816887,858.07,0
872.086284,35.68187907,41.11006756,852.02,0
341.6621065,36.72641576,52.25578127,856.72,1
357.3274674,22.17382726,50.12264883,860.69,1
942.7781588,19.98620505,56.93256438,854.29,0
425.9922393,36.87212725,67.44757849,852.06,1
395.900673,22.13355636,59.15217298,858.58,1
966.0803383,34.55651433,45.64965959,857.4,0
667.4131316,32.39962106,48.24355558,852.4,1
814.3565358,26.63453562,55.07723856,853.35,0
340.4556604,18.83400802,67.22120849,854.64,1
400.2106577,21.40493418,50.04087473,851.67,1
662.354097,35.73159044,65.11287701,851.02,1
599.7250641,38.30284017,67.5840328,850.49,1
423.2431232,25.63613139,47.28561083,852.6,1
618.7068134,37.76170433,44.15751245,852.98,1
484.6347643,28.90119217,41.41291755,854.72,1
953.1336148,24.19783629,43.92679013,858.57,0
424.4061013,24.64797762,74.74610067,852.15,1
782.2422489,27.09043107,39.38194843,856.81,0
572.8755349,18.47339685,74.25255052,854.85,1
675.4801916,18.07593127,58.10187373,855.31,1
863.2876259,28.19839263,46.44838944,855.9,0
607.859578,37.42252748,68.93555719,850.3,1
876.6394268,22.27909468,73.54269231,855.88,0
332.0784971,21.01410832,70.65750846,855.49,1
730.9987723,37.94420375,44.70716149,854.28,0
606.4611969,32.64694052,41.4682221,854.41,1
432.6823792,38.07495678,69.15321821,859.17,1
804.5683272,35.24177069,78.80344603,851.78,0
982.1877243,31.08128481,45.84165676,852.54,0
797.350174,24.18572475,45.7949139,853.14,0
931.782114,22.68256366,77.70804396,853.49,0
407.2633133,26.30190233,58.38738149,852.85,1
839.5885439,18.05740359,44.29926645,858.41,0
732.9626254,20.08399936,55.14512296,858.74,0
345.0795971,31.89898456,54.38997534,852.35,1
367.9184041,24.7346162,40.1650604,852.55,1
522.4686311,21.08835487,48.25107659,856.25,1
470.7973446,28.20830458,56.02569065,852.83,1
886.5590165,30.52331085,57.56976465,855.52,0
468.8336887,31.44562955,67.23705294,854.33,1
885.9350033,21.90054682,67.47675705,851.18,0
422.4634254,23.97579295,40.02660668,858.59,1
552.2592641,24.48055654,76.14676172,859.15,1
397.6379739,22.99498504,77.66145071,853.31,1
742.2543921,31.25597591,76.27255568,852.88,0
950.2357817,25.57356278,38.20297558,855.25,0
976.3798191,30.44841487,66.58213769,854.78,0
546.9600203,18.23209406,55.68756602,857.06,1
814.1097198,20.51501014,71.7933516,860.16,0
718.4518042,32.27188661,67.89965606,853.29,0
975.2514899,36.75426279,41.07802965,851.19,0
452.3763078,24.76200913,77.71975153,851.18,1
980.7641314,32.42877892,68.97117622,851.88,0
879.6801175,27.50930489,80.51741124,854.22,0
897.6143085,26.71082076,80.45076871,858.88,0
726.7364701,38.63988486,58.99234199,851.67,0
846.4935848,20.97992539,42.97906318,855.64,0
846.7601467,25.27489966,61.09237726,854.53,0
918.04739,34.01132762,73.7192969,856.49,0
954.1026612000001,37.8441562,50.40741548,859.38,0
645.4177772,33.59275485,55.6593418,852.24,1
762.2144158,31.25957928,41.82728616,852.63,0
557.7440752,30.70600684,71.19470995,856.53,1
360.3301275,24.61716841,71.87563779,856.35,1
527.6233676,30.83042594,79.57117599,858.52,1
673.972722,28.49162975,78.77063915,855.64,1
649.1782883,18.37289862,67.49269141,854.5,1
643.5344802,31.08167795,66.48331559,855.35,1
658.1311962,19.41243624,77.82986375,858.04,1
983.3655943,23.47959571,65.79993766,856.83,0
977.7821994,33.61330121,79.71811717,854.83,0
686.6749468,23.88598901,80.09424299,857.4,0
561.2225033,34.36573162,70.77204819,856.4,1
680.0244345,18.48241237,70.98328367,858.84,1
376.7388043,33.3009106,75.72270838,855.23,1
747.0047477,25.30031995,65.69345957,854.15,0
636.5583543,37.93172032,55.04461156,853.41,1
760.5319971,24.92993202,47.47622721,857.62,0
886.4363529,35.12440433,41.73879456,851.34,0
461.2870641,32.97066224,59.10194741,854.57,1
804.1518423,20.14363104,64.1104686,854.2,0
702.2189435,22.25104907,69.81767232,855.0,0
899.2919095,37.89936423,73.22187079,856.25,0
828.2778995,28.31537409,70.89210411,854.68,0
713.29294,27.70943467,71.0070568,854.39,0
720.738578,19.72571016,66.20948621,851.83,0
778.8797434,23.20149613,67.83004771,856.68,0
728.881115,29.98127917,75.98088505,855.62,0
491.0434715,37.85732807,59.35866294,858.47,1
696.3692955,23.34926443,65.0488235,854.03,0
786.3477819,19.32067266,50.26199772,855.83,0
326.0379663,26.64820143,41.12715694,855.03,1
596.3301604,36.8545772,74.10406404,857.12,1
838.3281249,26.07920803,58.79196184,854.23,0
380.1275034,24.5834023,43.27391214,855.35,1
401.3004366,30.43094156,53.56085507,855.47,1
722.5064336,19.615956,72.70407988,855.71,0
647.2316932,19.07139366,62.47023993,854.2,1
516.6863026,22.91808785,50.69336673,855.34,1
890.6671931,22.28741954,60.06749015,857.61,0
494.7681259,37.33762089,49.592546,850.55,1
426.4310123,24.63175213,42.42653509,854.98,1
483.0640456,27.33770784,48.80320832,852.57,1
781.4022531,19.08214059,80.35809054,858.3,0
874.6790474,31.51902557,77.81874128,850.01,0
329.4853781,29.70420865,43.41450119,852.64,1
413.2763132,27.05235987,54.74178803,855.3,1
876.9448452,21.69915528,41.61840053,858.91,0
485.7559857,25.07858805,59.94619131,854.43,1
599.0167321,30.66842968,39.14049839,852.53,1
446.0232521,28.57007507,62.48264165,858.87,1
773.2885733,20.10784656,58.87827766,851.57,0
919.5322165,28.41088245,80.95799472,848.69,0
372.4940917,23.86526806,71.34237672,855.84,1
865.5559124,35.43072106,54.40643263,852.09,0
396.6267998,26.64441472,72.50663254,851.85,1
617.519886,25.22176579,63.35090637,856.34,1
379.1747318,28.79608871,45.60927759,854.75,1
675.3259838,36.06630913,63.81323217,851.86,1
436.581624,23.93414469,56.64448541,851.53,1
369.4074741,24.99339347,42.07593718,856.78,1
425.6853679,19.72947031,57.53570336,856.86,1
622.2195738,35.41293153,70.11919088,853.1,1
739.9549103,38.47741171,50.12764151,857.6,0
707.1903173,25.0073193,62.77044738,851.92,0
617.6732179,32.51395714,40.65205347,849.88,1
795.4988324,26.02036865,48.89028704,852.75,0
788.1285893,31.37914766,43.07253055,853.72,0
770.9687913,30.98339134,48.74499081,854.49,0
829.2691404,29.33508269,48.76620408,853.48,0
453.4756323,20.14229474,75.3019959,856.06,1
734.0066259,37.22239903,63.88904297,850.0,0
641.4498373,26.92032034,78.38350672,857.98,1
585.9516894,30.52028304,43.60626753,853.73,1
968.0971501,30.89023685,48.61972264,856.69,0
511.5206779,33.57128237,80.72514205,854.43,1
536.5095156,25.92688976,51.97678446,855.63,1
874.3519026,36.67648,56.81978959,854.62,0
410.5405675,32.72893827,56.24458252,854.79,1
634.3039424,36.36742465,53.98272215,854.84,1
796.4657376,34.79982796,73.62375573,856.75,0
675.2985915,29.09178765,59.27203915,854.6,1
498.6045572,29.63645957,50.17803181,855.82,1
790.6187043,32.48200212,62.10873054,853.48,0
464.3781898,27.0130087,56.75215512,857.96,1
608.4282052,20.01091431,44.93320418,853.51,1
723.1974299,25.90610897,50.5239875,858.99,0
569.5335604,29.45825373,55.45278424,853.96,1
756.4100947,27.51024923,52.98211816,850.72,0
753.1586596,20.30076346,69.96168156,855.48,0
732.8145781,26.90342179,50.74993063,852.67,0
535.8542096,24.73719508,42.66242571,856.73,1
836.7289306,26.61158251,76.25474083,852.78,0
896.9207261,23.17140371,49.6750278,853.7,0
430.8908044,27.0837717,77.41663319,849.63,1
822.6040683,27.28413799,78.7987682,853.2,0
833.7799071,35.03191653,77.80299688,847.34,0
352.3194882,25.53966099,56.55549352,850.58,1
376.9424616,27.46201095,76.26126693,856.21,1
318.361253,21.04947849,74.7220189,857.04,1
413.1312798,20.39740386,42.87430127,856.22,1
582.2780793,18.01462164,70.74577566,853.02,1
343.7628907,35.32201167,72.54191904,853.24,1
392.1738541,21.42281732,51.54945455,855.02,1
829.4950396,34.41407157,73.9541795,850.57,0
814.5781532,18.92674114,62.47289158,859.09,0
509.1839476,20.02776363,73.33629501,857.39,1
733.8928674,36.6035372,72.98299987,852.66,0
852.5334564,32.0863196,51.42143814,853.82,0
537.8761427,26.83801608,38.84517637,854.9,1
395.2369078,37.15785355,80.0388574,848.04,1
951.7781585,37.67862155,39.52411741,852.46,0
572.997861,36.45793153,42.74833658,851.52,1
399.3546084,26.13175196,41.719567,851.96,1
715.7459405,38.02073374,52.36803162,852.33,0
551.5824727,36.83052089,51.41369879,857.67,1
879.1089357,22.50825035,60.12546566,856.5,0
425.838215,22.7395264,62.49863545,853.44,1
588.7125841,25.62239033,73.98744086,855.96,1
610.5861511,23.32851761,46.66156159,858.3,1
796.0432115,25.54947287,76.45434332,856.85,0
411.8743762,29.63764247,52.7413569,854.19,1
786.5783593,33.76130548,55.75406889,851.93,0
882.9217666,21.89630868,71.56458512,856.72,0
790.9798944,24.23635609,74.71687459,855.68,0
375.1553343,34.91530467,43.34271301,855.65,1
765.1037923,27.09184577,41.11651556,855.94,0
645.8781167,37.28614811,78.85798788,855.75,1
673.597706,35.68429842,69.9225415,851.98,1
324.2774733,26.0303623,76.34769191,857.77,1
771.2717588,28.42526144,70.67140279,854.68,0
481.6331468,30.43354001,63.25436609,859.14,1
501.4147567,36.22010872,47.84817374,851.53,1
398.3215745,20.59040396,56.36876417,859.47,1
614.762841,34.07936867,48.58571546,854.01,1
849.0642277,27.17001297,65.26879925,852.71,0
772.5628682,38.12827559,39.85123286,851.81,0
741.407051,18.66441051,41.03344518,854.56,0
922.8564141,31.88534617,61.01089803,854.83,0
816.3100641,38.22959979,69.12750837,854.32,0
847.6481564,20.5628409,48.34099105,853.7,0
411.5622828,30.9893712,39.52565563,853.82,1
772.3474513,29.71291898,79.6686685,859.39,0
593.598991,20.56375592,78.00938173,859.45,1
745.3175909,31.81859189,77.1647144,854.87,0
563.56001,22.54377896,66.68332641,854.99,1
426.9562888,26.82838674,43.10713032,854.68,1
618.0606509,34.20291451,66.38795334,855.03,1
958.2835515,30.39157064,69.53378648,851.4,0
805.8688082,33.97034026,77.55448325,852.88,0
325.7249151,28.79590909,71.45590798,849.97,1
334.5724292,19.34614023,60.02793724,856.28,1
900.0641563,35.99459246,70.56225747,854.9,0
879.4407285,24.99259591,62.25855264,853.39,0
405.4281069,36.82697246,48.08521963,857.12,1
898.5863044,38.12908973,74.72516916,849.96,0
792.913998,27.28920859,73.46841066,850.66,0
612.4717737,20.45731896,61.79726659,855.71,1
461.8582507,33.25359349,52.40324725,856.23,1
870.7765486,30.28685547,47.9522452,858.18,0
671.1463815,32.87584154,62.57931811,852.51,1
974.0684397,31.60864288,63.04322198,856.5,0
718.4900424,29.22354942,77.41672612,854.0,0
904.7488909,35.36860511,66.13153802,852.92,0
981.561646,25.50199459,66.90263628,856.75,0
629.3157111,20.9068705,75.9215023,856.72,1
645.6984905,33.76585531,61.33748979,849.61,1
447.2390689,20.18853472,44.47114186,858.87,1
951.406918,26.15659215,50.14478912,857.91,0
842.7673149,26.43369029,38.73615313,852.86,0
756.696246,33.62983275,49.5697098,854.55,0
917.6565692,36.41286296,70.43673902,854.47,0
487.5724601,36.95204075,62.4519253,853.82,1
795.6920931,37.97553562,45.33574798,851.67,0
702.3405512,32.08554682,70.76016441,852.07,0
955.2516986,20.85931508,74.06876302,855.03,0
491.1625869,23.34328605,42.56991565,857.73,1
662.467081,29.50807608,74.27102789,855.42,1
341.0943811,38.49616185,50.69755046,852.05,1
696.6647534,24.60727576,72.34820182,856.58,0
410.1254668,26.2672628,50.23030524,847.33,1
922.5260988,24.3943415,44.88459902,857.54,0
843.0157627,18.2443674,60.78954193,851.06,0
917.3102029,38.53273954,65.6475301,852.07,0
763.0404539,31.56314492,46.43981872,851.01,0
868.0491244,28.07503755,58.78654563,850.99,0
932.6630763,26.96147866,56.94024052,857.27,0
981.0881666,20.84796329,39.41044793,853.93,0
601.5095875,38.52408886,70.88129157,853.84,1
538.49227,33.79457015,56.46745144,853.43,1
544.7806509,35.58114467,57.16116376,854.52,1
543.2792964,34.92310499,42.49412117,853.6,1
775.8401079,18.33556677,60.33309407,852.19,0
466.9110968,26.47355322,54.13469679,856.91,1
533.496481,24.42168362,39.67519274,853.44,1
776.461076,27.83147157,51.53400758,850.37,0
541.5849014,21.10716265,62.73596857,854.0,1
331.4719375,26.54417383,76.44850898,858.17,1
612.7531155,35.13290925,57.54915289,855.51,1
427.8619143,28.40843084,46.67428875,853.32,1
561.7539148,38.0509924,57.52773352,852.16,1
365.9719262,31.25134785,42.94431805,853.05,1
697.0727392,29.57996885,65.54680343,859.24,0
484.9076413,19.55293372,49.1829091,856.21,1
652.3921791,38.17366614,45.63386278,854.09,1
625.0455324,32.88319429,55.59374329,856.23,1
952.3752926,28.81011357,65.0174176,854.74,0
452.1372225,19.54524987,69.04245625,854.61,1
345.6457364,27.42363551,49.95820178,853.82,1
943.401588,35.88576211,53.82023702,853.11,0
862.0702184,24.43757843,56.71107233,854.57,0
714.0802607,27.77074904,56.73451486,856.09,0
763.8055136,34.64496466,78.41743549,853.57,0
608.1247804,22.85630184,78.58431234,856.69,1
800.5218096,32.54701967,57.69360196,853.49,0
486.1739106,28.41506164,62.53325751,854.39,1
762.9626562,34.25438293,48.55553747,848.49,0
793.129016,32.57182009,54.25227933,855.98,0
601.051625,23.52825114,65.17567109,855.64,1
455.5010443,18.38735323,57.0182383,857.89,1
731.8451816,24.63355719,49.64546899,847.4,0
335.0350244,18.76061559,45.44660398,860.57,1
717.7373975,34.49535651,51.68880551,853.11,0
885.8151168,20.52803844,64.0906948,857.91,0
763.7076317,24.31750449,53.59354882,852.08,0
914.4500497,29.51432443,46.15212752,855.59,0
852.7526383,21.96109078,80.49571068,852.33,0
614.2563435,29.0410839,45.89686347,852.56,1
490.5713677,18.27820412,44.50609539,860.19,1
956.4926398,28.21681335,69.24408902,853.74,0
455.9400283,29.00212273,39.48369671,854.66,1
364.1592977,27.1874529,41.95650088,856.51,1
753.1960725,19.58310237,63.51756359,856.49,0
623.2124867,31.60155129,51.92852154,854.18,1
451.7707992,20.80402442,79.54323935,856.02,1
979.2974156,38.84293576,69.97575661,858.95,0
571.383906,25.81347988,78.36860314,854.36,1
585.0704285,30.7772234,45.60189139,854.41,1
430.5411805,23.46593004,64.86155286,857.41,1
416.5522519,27.55021556,52.37494803,857.06,1
700.8490338,21.65750777,52.64304816,857.97,0
612.5916756,33.51545783,75.65115624,855.17,1
600.4988599,30.17941741,40.39361204,851.12,1
779.736872,38.38690561,68.87082719,857.08,0
591.6590228,28.23926526,39.20534253,851.35,1
329.1609182,25.53942205,56.30836596,855.29,1
470.9348848,28.62761622,69.68449097,852.28,1
809.5330394,22.57648481,79.90133221,854.73,0
679.9533815,35.18204013,44.55849109,854.2,1
641.9085501,19.17876027,71.35612959,856.1,1
538.7504784,27.2062208,59.92244686,855.39,1
759.3150161,19.87688761,61.84337079,859.25,0
978.1827032,29.80435806,42.27862158,855.16,0
861.4379067,38.59688176,39.57399789,852.36,0
340.2391638,38.20971502,63.82291678,855.43,1
381.1442866,18.11304123,79.62575131,858.4,1
895.8082439,26.41174852,51.82552902,851.36,0
472.5702002,33.34728323,76.84851363,855.09,1
926.0653026,28.64922722,80.58427333,855.92,0
483.5712479,25.54930834,64.29258308,853.79,1
476.5456231,29.00960184,38.82722236,857.56,1
679.5204933,37.76774891,67.36172277,852.69,1
677.7516899,37.03844843,41.94293682,853.47,1
350.8412368,27.02201533,50.68332873,853.92,1
786.7254627,36.92496264,73.32102225,853.21,0
412.9450075,27.18849031,44.91292984,851.6,1
739.9530543,38.48850117,55.75435119,849.38,0
412.0931479,21.11567173,55.30019236,859.05,1
721.0947791,35.66463655,41.36892136,851.2,0
746.7246545,18.37122535,62.13011809,852.92,0
537.425591,24.04089714,62.47219366,849.33,1
586.7720589,28.41086385,80.36430187,852.59,1
349.2480236,36.48286722,70.15941623,849.91,1
734.5273753,36.65283988,49.77996509,857.31,0
364.6044059,19.09225657,64.74085832,857.83,1
361.8571291,28.98697017,62.14859071,852.4,1
834.7549613,28.24835958,40.92329332,859.84,0
933.6490928,31.81953237,53.14053546,856.24,0
712.2687136,31.47954676,38.3814406,853.01,0
422.8464662,27.3765463,46.39100522,848.07,1
809.3882129,26.32843352,52.36883325,860.17,0
502.9893454,30.74144349,45.54884167,850.44,1
521.3668525,20.39386274,78.37946964,851.04,1
613.2395498,37.63945741,47.30228083,855.64,1
558.7002247,30.26311956,49.00764595,860.07,1
359.315064,19.94929506,69.01191115,858.67,1
680.8896566,20.2488131,42.35441552,856.58,1
666.2312159,33.91205345,63.83403686,855.02,1
391.1349267,18.17261608,66.7660268,857.55,1
849.4565568,38.74172242,71.38922151,854.85,0
867.4116295,32.77610701,58.37257687,854.37,0
561.5841863,20.57018446,78.26497553,855.39,1
473.0656913,33.52237923,61.97113443,853.42,1
886.475599,36.48049435,46.30364834,851.34,0
876.944281,19.15283424,63.9014646,854.6,0
981.191638,30.65428345,55.83766702,849.69,0
761.5880665,23.17639669,44.87610449,854.57,0
707.1132633,22.12749137,46.64907687,852.47,0
472.9021903,20.80142563,47.7134118,852.34,1
833.783432,22.33638996,64.64206436,855.37,0
533.1049141,38.80136822,46.53533085,856.42,1
404.5745755,37.65265946,42.84442476,855.38,1
453.9493073,28.58062658,41.44735987,850.24,1
786.5927012,30.83272184,76.48272392,851.43,0
666.2310175,32.72842548,56.4139915,856.02,1
532.7422996,26.34294588,45.85095564,851.98,1
666.725646,32.56749236,73.02622683,853.13,1
939.931024,26.73357298,69.85888796,855.77,0
843.8328142,35.55887536,69.63091393,850.91,0
868.1069346,22.37375219,41.12335653,855.18,0
908.8954139,21.69078291,48.28084554,851.66,0
828.1607758,26.92446827,42.28805582,852.87,0
849.0966385,29.00215064,52.26309957,854.92,0
438.5547111,36.6756065,76.46554842,849.22,1
983.877346,32.71428578,65.36061533,854.78,0
644.8318655,18.65523135,39.99766312,855.31,1
782.3389384,18.97475801,78.19539221,856.7,0
765.3844102,33.64209954,40.07326343,854.12,0
329.0488271,22.84407106,80.78072705,858.27,1
856.6893453,22.83773189,53.663542,855.17,0
449.7761882,32.12254068,79.826479,852.67,1
850.0769218,28.53552658,72.50220094,854.48,0
889.2008392,31.78182638,79.15896491,855.14,0
701.4452417,18.91343151,66.23014653,855.45,0
733.1713478,37.58882039,50.31500475,853.19,0
503.0358841,23.01621777,64.27620959,853.08,1
895.2253101,36.62665832,54.17248244,851.55,0
466.3262739,26.3274611,57.86929706,850.93,1
974.2904059,21.09045332,69.30488898,859.44,0
961.7311445,22.42368969,58.61561595,851.8,0
615.0849621,28.18020676,38.5535336,852.49,1
833.8438591,25.46437991,50.43082348,852.75,0
646.7616182,18.00213247,59.11614486,857.68,1
590.0485656,32.97542241,76.74406698,852.91,1
784.3181498,28.36042739,43.39533893,857.32,0
450.9211807,20.81073528,53.33326924,853.42,1
775.8498552,20.72027699,72.18676272,855.81,0
884.703255,26.81304001,61.3844678,852.29,0
709.9097187,30.68585871,57.52299464,859.28,0
910.6768052,20.48484755,58.9954104,852.17,0
766.1457166,28.40070315,69.86721727,854.97,0
335.3024661,26.9661422,41.84457576,855.95,1
447.6894733,33.20317144,69.32695709,854.65,1
915.9759097,28.53283455,38.73803863,853.71,0
936.3809064,28.85465549,52.17615793,853.81,0
775.1664064,38.57242478,78.51221365,853.08,0
964.8866999,21.8137453,38.49366096,854.61,0
630.6428924,34.19842898,74.34013814,855.91,1
825.3694547,18.99777677,63.29105671,860.85,0
587.9404435,21.35518362,67.12102521,853.64,1
885.8860216,27.45293576,60.95439745,850.88,0
822.8940461,33.05619648,44.6969296,853.41,0
493.0619105,34.49419578,76.61353548,859.91,1
481.9801924,20.02417126,41.35664392,853.19,1
567.6310648,32.6318157,63.37110557,857.78,1
482.1056964,38.10449706,45.706061,857.22,1
384.3296566,33.94526743,76.9902668,852.14,1
934.20386,18.0640508,63.58492743,856.85,0
943.1711164,36.47965904,38.42976305,857.29,0
368.9292383,33.43322456,76.5171707,852.64,1
928.7739044,20.08389356,52.77315932,854.68,0
643.5940555,34.46895766,72.81786572,852.01,1
429.825534,33.9581668,80.17368882,850.99,1
629.4670794,33.48313419,53.42749828,851.96,1
493.2791952,18.07034624,49.005638,852.37,1
664.314399,33.24628155,80.49975631,853.7,1
789.1719404,29.78538937,52.75671416,852.1,0
953.0055834,23.57071978,49.90053574,855.36,0
606.1081858,20.96572316,66.68300869,851.19,1
438.8469071,28.7832231,56.70988442,854.97,1
625.2459289,19.46897763,66.71946522,857.35,1
487.043707,22.05824754,39.68593112,849.97,1
686.791365,34.2954284,51.04887547,854.42,0
386.0289634,29.06516617,51.3934381,857.18,1
651.8434876,30.03840411,47.14779929,850.97,1
919.4362249,33.03169187,69.75791683,857.82,0
921.2305081,37.72794091,49.48597768,854.12,0
638.7213432,24.81707336,77.19021417,852.86,1
399.4224073,21.8397285,58.41111028,854.84,1
433.7722268,24.18178427,50.29044172,856.09,1
498.5198647,38.28947471,75.89310207,853.2,1
714.4719858,37.39082723,41.18675878,854.46,0
529.8214817,37.91412145,59.16715369,850.75,1
464.5405542,34.28258454,64.26476049,853.91,1
660.0844469,33.69181414,61.64305494,850.02,1
527.2007548,18.06805145,57.73955061,855.15,1
674.1384766,24.46333389,76.90683894,852.4,1
804.2774528,35.00478541,55.58292007,851.56,0
926.5808294,30.00848592,60.07503838,857.09,0
772.4761639,22.16209889,62.92243703,857.67,0
936.624424,30.07657017,68.18888119,855.51,0
853.5741088,38.94109926,44.4401295,850.2,0
351.1295804,26.05424045,63.9171479,853.68,1
934.2629649,31.03123272,63.00356384,856.91,0
467.9567128,31.34285948,79.39424911,854.19,1
465.60466,18.90262053,64.8929091,861.13,1
827.1022878,32.30803351,51.47991526,854.71,0
359.6292833,18.39508066,53.51470682,855.87,1
842.4894518,20.27115171,48.11180371,854.39,0
608.0489869,27.47300278,49.06551866,854.64,1
474.9474131,36.43633346,39.0583098,852.85,1
850.4802291,36.90435388,46.18342057,854.94,0
577.6751428,20.42358886,49.6688995,857.54,1
728.1313262,27.69024765,48.98779992,852.31,0
652.2478957,20.05445846,51.60702634,851.87,1
828.8518965,24.42345231,48.24331191,850.08,0
657.5002351,22.22067707,58.49823605,856.2,1
489.4396408,30.64437683,41.60244355,851.16,1
549.1168697,35.26709521,50.31823996,847.99,1
482.2588799,20.52175903,47.21638304,856.11,1
915.8458238,18.31758649,81.13868483,861.63,0
547.7264643,27.3973287,74.05445959,854.3,1
741.2167787,38.02198199,54.97312957,855.13,0
826.1749397,32.40035273,57.72330186,853.92,0
666.1914905,31.3333338,74.99718932,853.59,1
581.0364929,37.01170886,54.53817018,855.46,1
333.9159559,36.07653101,47.14456722,852.55,1
773.105607,27.5122104,66.53107632,854.97,0
811.6088521,24.44994901,54.96684704,855.47,0
514.4152565,28.89542927,56.98597634,852.46,1
745.9654437,26.8868531,61.47469198,856.85,0
485.5110985,20.28632827,49.62730618,854.73,1
549.8848461,22.98117635,43.75409752,852.95,1
669.0613468,22.1858907,73.01361621,856.28,1
762.271013,26.04251625,62.41451116,852.23,0
923.6931027,20.68078332,48.87828609,855.19,0
819.193327,38.87568129,68.38417448,852.91,0
655.8558899,31.40471425,77.09062875,856.55,1
404.2516776,38.10096183,53.92271863,854.21,1
481.8844691,33.34211201,49.83539069,853.54,1
459.4332771,26.11387023,66.65242868,856.51,1
709.8583739,30.53906354,47.1717968,857.41,0
467.9445055,18.05863783,42.56782035,856.83,1
915.1775782,38.89726343,66.93339222,852.96,0
451.8026619,22.92268697,40.07478245,851.57,1
941.4972175,24.27936292,62.20080995,852.02,0
712.2567223,26.30848156,72.03292064,853.68,0
343.0987816,34.87396409,54.7320856,851.89,1
498.263617,19.85339719,41.20088607,854.75,1
701.4773444,29.28647581,54.94280747,854.23,0
439.937745,30.90791298,47.11017238,855.22,1
388.6705855,29.95497978,40.16527173,853.83,1
538.3213971,36.56932136,57.22008081,854.43,1
456.515957,34.73809727,73.59852242,853.59,1
750.6651861,29.28697037,65.58834557,849.15,0
979.6225846,36.65353604,45.10690968,850.85,0
354.3512433,31.61024439,68.51930288,853.45,1
818.3045288,38.455112,72.0337382,849.96,0
339.229224,29.27132944,60.95929441,855.59,1
778.6582536,32.66976446,55.43627987,857.51,0
760.9283499,32.54795035,51.21303632,856.74,0
842.5516094,28.91993313,52.56600386,853.6,0
432.4473937,37.44313664,63.59821724,856.83,1
342.3427007,23.51997426,62.55171865,855.15,1
484.5946124,38.17185751,75.88842627,852.18,1
501.9722333,31.25364066,62.97501348,852.32,1
793.0212323,18.04807776,78.46314968,854.68,0
853.116726,35.93856426,39.15998799,852.32,0
747.958166,21.24617468,71.09725654,855.48,0
934.4703405,22.32336766,42.28299224,855.32,0
469.2333194,23.87879412,68.16878619,854.74,1
887.9037163,27.07385509,52.78859299,855.44,0
543.8967378,21.59506142,47.56306587,857.99,1
480.0357836,37.50540545,51.12393403,855.47,1
498.3539588,28.20897461,40.51711255,850.5,1
876.4366224,23.38640922,64.95193114,848.41,0
681.2071925,23.13817456,64.32798855,857.16,1
829.2931387,23.4317587,51.40986031,851.37,0
931.4013933,37.86194496,41.64268467,852.49,0
599.5008826,32.10441202,58.42546855,850.82,1
830.2986303,24.72435574,76.19043811,850.13,0
953.0086431,38.31761626,41.07273157,854.36,0
844.1887864,32.2038455,58.08631826,855.63,0
316.2023706,35.59376787,70.76477028,851.89,1
495.1063389,18.72208571,51.31826044,848.88,1
596.2182025,36.29947524,77.4747157,851.88,1
858.8099286,23.80867349,42.9224524,855.72,0
826.0250635,20.66675595,52.71089849,851.42,0
943.0931244,34.35836939,81.13595673,853.94,0
591.5381281,25.62698605,49.17305661,854.49,1
723.7600244,22.06494486,71.74121187,856.4,0
940.7398819,32.67585021,38.80059404,853.98,0
616.4019958,25.88778366,38.91463049,852.06,1
638.6480799,22.85083607,66.58380929,857.85,1
317.8775798,26.64794701,77.47450161,854.01,1
474.8690315,26.62387958,66.14193773,854.34,1
643.9425534,35.99851487,44.06139688,850.95,1
877.8588184,31.17324724,51.96821927,852.75,0
780.2972073,32.54991305,51.80975882,851.48,0
316.9960892,29.81441321,39.80228798,853.59,1
501.3493975,26.57632088,77.97124165,858.69,1
967.1019389,31.63250602,79.98874797,850.37,0
572.3966435,29.35212622,74.62516028,850.04,1
619.3871932,23.68084887,80.29814418,858.44,1
485.6966776,25.79331036,58.57612451,853.98,1
613.8215259,35.35780754,43.47058095,851.68,1
641.5098402,26.17577866,49.68815975,857.06,1
560.9042452,25.24347945,58.61539851,853.06,1
384.3603376,24.71948153,48.46178788,859.2,1
911.8394958,22.91017067,81.1842176,856.55,0
691.2263108,29.24934733,78.13819685,852.87,0
405.7667546,23.36019023,67.75524429,860.19,1
658.4673712,36.40758004,72.08771224,851.72,1
483.9404136,21.66046051,46.57276631,856.86,1
616.0913126,32.95292274,45.9757584,854.39,1
709.3315189,38.97635466,53.18565872,856.18,0
629.5774869,33.39555033,51.70092003,857.5,1
451.9133261,32.67296267,73.67754457,853.76,1
442.4263289,38.01839296,62.53712491,851.15,1
580.9182877,26.9247091,57.4992787,855.52,1
934.4261549,20.7085022,46.28363381,853.42,0
689.3850358,19.76653165,50.75139122,860.26,0
533.1620499,21.65423092,60.13726891,855.34,1
464.7600154,37.71880069,61.30742341,852.16,1
984.5111369,25.97542209,68.78222978,854.94,0
906.722272,33.85227925,42.87269159,850.17,0
835.1718148,21.63330878,79.68005376,852.57,0
970.6847054,19.29675729,72.71570212,858.29,0
395.5105769,20.4236021,55.95193505,853.51,1
819.2370371,23.72082195,41.06579475,852.14,0
712.6037811,37.9614675,74.51796741,854.39,0
404.6772131,23.4870717,80.86874415,857.75,1
638.4400957,27.96633666,67.15196496,856.04,1
727.2654211,28.96822647,74.62873519,856.61,0
714.785717,34.40843976,53.73678344,851.58,0
664.6471346,28.19488422,54.95007211,850.66,1
830.3600609,20.21041556,46.44460999,858.93,0
974.1785092,35.16636729,59.30880621,852.57,0
882.6977165,23.00983875,75.10687598,854.21,0
548.0129099,28.27651469,38.53341989,857.53,1
863.7146276,28.70566694,55.54015959,855.55,0
546.757776,32.7472818,79.45846972,854.81,1
631.1975551,28.89914371,63.97851039,859.54,1
465.2303676,31.76935889,49.05274944,852.18,1
914.8726825,20.73887144,71.8820072,857.43,0
681.0558144,29.08422536,52.63819033,854.25,1
981.1269479,24.79513237,53.26658131,855.3,0
659.4844488,26.24073757,81.08616223,858.27,1
400.9027223,30.36494338,57.92610224,855.23,1
954.1323803,23.32455848,67.01710011,856.15,0
390.2325436,30.03237107,48.18695187,856.68,1
659.9432421,31.0499144,72.79029384,852.96,1
660.4390359,32.4438152,44.78310634,851.61,1
772.4942109,19.53476425,53.63320749,852.64,0
477.6616696,18.85065176,58.49150897,850.42,1
477.4327266,21.58600692,65.0621897,860.15,1
624.2431983,22.52197245,64.03483237,852.14,1
471.0011331,31.98223763,38.54015785,853.21,1
918.7606344,33.83554035,65.40396796,852.85,0
972.2591144,32.02993324,38.82512406,854.52,0
588.2749013,29.41087928,48.82563578,856.11,1
913.8476455,36.97001733,53.82196283,855.31,0
736.5987491,32.94288307,43.54830491,852.19,0
532.9042822,20.3675225,67.3026329,854.74,1
878.4947815,20.71974191,58.03358695,855.82,0
715.8009932,22.07712242,77.07679427,854.33,0
530.5036906,18.41424346,74.69443753,859.41,1
755.5915647,32.90428464,39.74171335,854.88,0
749.208881,31.64161786,44.10637679,855.64,0
581.7636089,21.16058153,62.84916989,856.72,1
748.649858,37.64214802,68.09171348,856.02,0
714.2317546,21.15491454,75.7342195,855.51,0
688.7478073,25.39132507,69.05076648,851.31,0
594.1529166,18.05903381,40.27384184,856.43,1
840.8505258,25.12656589,59.33438249,852.96,0
437.3748386,32.33731607,51.42813353,852.4,1
414.8869839,28.62816569,74.45677482,855.63,1
474.1143799,23.55873738,54.94503121,857.87,1
395.8953438,35.17175768,51.46068188,853.43,1
702.8712441,26.53145526,46.24425971,855.19,0
636.1070932,27.77166914,56.95199053,858.52,1
705.0016859,30.61340185,75.6289218,854.53,0
621.9671751,23.24606653,38.05607968,861.31,1
561.0841303,31.41232779,47.16794059,855.24,1
430.491152,20.87169188,40.86432039,850.69,1
539.1756985,36.55556494,66.53030954,855.1,1
782.0464773,29.79165004,45.24378815,854.98,0
943.6113067,36.84568781,79.29065735,856.4,0
636.2902138,18.37141443,51.08711839,857.08,1
717.6168823,36.08277262,66.02262728,852.92,0
521.3477772,38.53524014,75.64068712,849.92,1
735.9341838,31.39100413,70.04853368,853.31,0
606.6623871,29.69384527,75.03976512,851.91,1
608.6205718,25.62238417,59.1075928,853.07,1
925.4456799,31.29675672,64.32612136,855.32,0
596.3647191,35.2758356,64.08274951,857.54,1
768.0003276,26.66215361,73.76450148,855.39,0
802.0821591,30.1123302,68.29775513,851.0,0
731.4005738,25.25559302,71.04840045,855.68,0
327.6254788,34.87015478,47.40363284,856.41,1
968.6342009,38.85352296,60.67683643,851.41,0
545.9384584,35.17145793,39.57614399,853.04,1
536.8632114,28.24250359,72.62342941,854.25,1
621.8007422,25.01497262,64.55203422,852.64,1
359.3367017,26.27249523,42.75389047,856.07,1
687.5446453,34.17352417,69.48625345,853.2,0
407.1107273,30.89979917,55.1827885,854.94,1
783.2240493,21.88008631,79.33967815,852.76,0
323.6802231,35.05311842,51.91809652,852.3,1
689.2873474,31.0990177,51.53382038,855.67,0
377.3613754,22.55072348,75.54862619,853.96,1
786.3846862,35.01095861,68.68755054,857.72,0
885.0942172,29.07731908,47.82603725,853.11,0
952.0147367,33.90801008,41.29684387,854.09,0
823.6850657,18.98916504,56.31016394,857.65,0
378.639245,18.38772107,47.74632561,851.85,1
523.0670748,36.5241625,72.37280618,848.82,1
867.927009,37.53191271,69.29236526,849.28,0
328.2733297,27.6568748,51.88971383,857.44,1
700.8614187,28.02453568,57.0376537,852.86,0
630.7639933,28.92860354,66.45325356,860.52,1
818.234678,30.16692857,66.57074743,852.57,0
889.9257102,32.13554839,63.1229009,854.21,0
369.690719,25.19215304,46.48676344,858.43,1
837.8957936,33.99340104,71.01263397,858.54,0
640.6866709,20.29012438,48.46842694,860.32,1
393.4598036,29.20288102,52.63509759,857.12,1
967.727021,33.7508084,63.97619937,856.11,0
603.6224168,31.94056071,46.56752637,855.25,1
369.8831715,30.30262754,70.15445451,855.91,1
448.7873565,37.72149571,49.61790901,851.7,1
790.6639743,21.14271796,79.11290148,853.02,0
822.0259387,18.67475018,47.96938199,855.35,0
796.7709746,20.19153474,73.74696145,854.75,0
505.9112418,31.65832788,75.05305502,852.67,1
618.1118585,26.61647493,79.64706401,856.15,1
860.0640796,30.39232542,63.52258189,856.34,0
832.4840144,32.79448245,51.71232505,853.89,0
496.8199462,25.54675721,79.97853667,858.23,1
866.193721,26.91064859,50.99813383,851.52,0
634.4183693,38.77958164,44.31105783,852.46,1
442.0967371,18.23106961,62.72107998,853.62,1
919.9537556,29.77581797,48.43456102,849.36,0
577.4110444,20.54039819,77.23720305,854.93,1
938.1575067,18.85151112,62.90551203,855.03,0
589.3729598,38.03190689,57.58098304,856.82,1
389.8997079,23.33581927,68.31792239,856.38,1
778.3433044,27.77264397,40.37183393,851.71,0
861.4155238,31.02832649,79.77230005,858.51,0
634.906514,31.98420426,51.2495242,856.81,1
382.3123259,19.99263307,79.51140935,856.66,1
775.0509828,22.31777601,46.84797898,854.36,0
366.841065,38.43627208,41.75538957,850.59,1
386.5201057,21.71739016,41.59180299,854.06,1
717.5137564,18.70535639,53.57470499,858.08,0
715.9999024,38.04933379,71.13208441,857.75,0
830.7254622,27.51723525,61.72892533,858.16,0
950.9005329,30.47158501,48.34749426,852.72,0
805.281461,26.52609749,64.91045536,851.62,0
812.3085553,37.34241969,76.45659573,853.47,0
700.8304088,35.00760834,56.42931733,848.98,0
627.9927702,36.84630434,78.54995112,853.99,1
929.978191,31.16051634,77.86025913,853.49,0
479.3301948,22.60234037,54.66066515,853.72,1
949.1091416,25.42587483,73.62423687,850.56,0
956.6328537,20.08526132,59.99937374,856.47,0
549.8334615,26.91592163,48.28636202,853.04,1
567.0390867,30.21643669,79.87300727,851.05,1
858.7041619,24.1796707,58.4265019,847.52,0
876.8132003,21.2696214,48.30616759,854.98,0
723.4501592,32.90367743,59.75512728,858.08,0
776.9055608,34.12271479,70.140097,857.66,0
921.0419215,36.29114257,78.41652317,852.1,0
518.2972697,28.10468596,75.96087403,852.72,1
463.3281481,25.00396861,43.60686182,855.77,1
577.5904212,30.19343209,74.8941674,851.48,1
882.4578467,22.75695999,51.82283819,855.62,0
965.9619649,20.56517212,49.27816848,857.05,0
775.3692788,18.41849316,57.7958344,858.46,0
966.0638879,33.19251835,66.17256015,853.37,0
779.5082448,23.88017864,76.68392001,854.23,0
652.5183556,22.08566886,39.35034206,852.75,1
454.952273,19.64370139,52.07902279,853.18,1
921.9499489,30.17321403,63.99941095,853.41,0
870.5303177,21.75881923,56.25280443,855.91,0
566.0394613,37.56160538,75.23121858,855.38,1
922.8566098,23.44207459,57.65934271,852.78,0
369.1531004,32.04118473,58.11991423,857.49,1
375.1969616,30.97897523,48.3893111,853.2,1
569.4680833,30.26308373,70.45657904,853.92,1
920.9165883,28.85199369,79.58379808,852.27,0
688.1000572,26.25440613,75.33066077,848.39,0
556.2812505,37.96377818,78.34920411,855.25,1
945.650054,37.90100005,55.21881004,854.89,0
845.0687385,29.89153246,43.19861206,853.31,0
568.7311679,32.54629878,57.29781218,853.86,1
703.3990365,31.46659029,54.6468595,855.11,0
533.5651568,30.50524479,56.45939719,850.03,1
912.0305599,26.49668735,71.28493693,853.1,0
652.0874552,30.24308677,61.60341623,855.96,1
597.3467857,37.79162365,63.76465412,849.93,1
913.1802353,18.31229088,55.69426101,856.14,0
890.0421705,35.09504407,67.75074416,850.0,0
382.1318771,38.84043525,60.46592322,854.11,1
800.757959,29.16231992,46.28767143,854.01,0
695.7229392,27.52283836,58.87695001,850.26,0
471.7432182,33.71881682,77.86846116,856.47,1
627.1721686,26.05486384,68.1064194,852.64,1
956.3223013,19.23394271,61.05262138,853.27,0
809.4209958,24.2811075,41.16005328,855.19,0
377.0564505,29.48061147,73.52634484,856.93,1
910.6795085,37.40756856,42.73632489,850.57,0
519.4193668,22.28058393,59.92074605,855.08,1
843.8192554,24.32216737,77.54725869,855.75,0
403.1280473,19.78504573,67.3458458,856.96,1
608.87365,31.85845796,70.48824338,854.22,1
779.6839843,23.67640818,64.17415196,853.84,0
512.7347341,33.85975468,53.69886136,851.47,1
617.0083493,37.45750356,71.88129158,853.32,1
750.8794452,26.01715933,72.90003735,851.8,0
586.2697663,32.7822817,79.39622136,846.36,1
659.0589347,35.49790239,71.1491586,854.43,1
423.6605457,26.93286404,50.31058035,856.63,1
646.2745056,36.55190734,41.65580238,847.31,1
852.1557502,24.17474745,69.11859986,852.17,0
731.4115957,18.71531892,48.28415874,856.9,0
800.8784204,30.05533821,69.97060658,859.14,0
664.1839324,31.18727889,60.49409555,853.91,1
787.1629361,21.65127494,55.7252783,853.18,0
662.5876169,36.02080861,51.48634067,852.82,1
740.9174342,37.72111925,54.80628439,856.51,0
503.5846424,20.08994075,46.80082745,853.57,1
506.6274006,34.15348078,49.62560409,851.5,1
379.1896263,36.09354546,69.93111448,852.06,1
614.1447999,22.9634073,47.21001228,852.46,1
413.439804,38.87274949,70.23262977,853.24,1
778.3215079,29.25138974,70.71133193,858.15,0
958.2870206,32.79551925,39.3070488,854.47,0
955.4524882,25.14303434,61.0931033,853.95,0
814.3809156,29.05672935,50.58046616,853.38,0
858.0030916,22.61640483,80.10841303,850.98,0
612.0839541,35.10280421,75.47179027,855.6,1
781.3465069,38.64204198,78.29800327,852.77,0
500.7772078,38.93488886,60.17567916,852.48,1
579.6039334,28.05593214,65.69814377,862.22,1
689.2348739,21.75547582,45.25242536,855.74,0
699.0279507,37.96583119,58.17393299,851.16,0
596.0269035,27.35740702,53.24583323,853.25,1
502.5446105,36.58543299,47.51758222,856.08,1
556.6006546,21.7526806,71.81692789,855.27,1
749.5675583,25.96604941,66.56851557,850.89,0
686.9389477,29.89236215,67.17688678,856.31,0
560.3871763,20.93929387,73.96846842,853.42,1
579.0458045,33.58764565,54.17597675,858.25,1
662.9145114,31.53475002,63.58550902,856.52,1
711.46649,21.36367169,47.6595957,853.92,0
461.4114943,18.0418529,72.03049538,858.64,1
601.5291227,26.52973027,38.46631254,854.59,1
873.8092644,27.29019591,50.65531449,856.46,0
890.629467,20.20750976,77.32392626,856.39,0
594.1937047,37.37722111,79.73774727,851.0,1
691.4969785,22.56823682,65.57500466,853.28,0
816.6570643,28.19131117,47.32842254,856.79,0
438.997521,25.00097293,63.22575853,853.76,1
808.9722413,18.02308482,43.58677896,854.43,0
931.9886693,24.43816379,68.09417311,852.28,0
462.4134864,31.31916242,69.53390368,854.9,1
409.4435179,19.39718741,40.6394571,860.43,1
738.0729691,30.57580061,60.2918971,851.26,0
959.4791588,22.51616591,52.69807052,854.96,0
813.3407335,28.35694127,55.93842284,857.73,0
368.0173505,22.08664291,75.37759171,854.75,1
952.0394445,30.57818007,42.49050933,855.06,0
558.1693318,32.57947349,71.81445992,851.03,1
548.9888993,22.76198712,48.95790476,855.94,1
879.2699819,18.10828862,53.20645496,854.96,0
460.3927013,30.32878719,58.39334329,856.42,1
945.2850117,32.40779927,59.10097832,856.68,0
934.0839102,34.76936813,52.91122041,859.9,0
438.4085462,30.79575062,76.08648139,855.35,1
436.4776497,25.2639197,73.77990546,855.38,1
540.9598746,37.08163941,75.30766096,853.64,1
974.7576881,33.9475768,66.50500922,852.64,0
826.789468,35.65237852,59.57541333,854.17,0
904.818884,22.35036277,48.23864636,854.18,0
943.6300113,31.78896301,55.6272269,854.21,0
411.7683597,34.81096857,45.96664777,856.72,1
983.4812735,19.38014281,55.39879336,852.76,0
581.6997102,29.91325032,58.38617365,856.86,1
652.6742974,21.06282126,60.33600657,858.37,1
531.6545514,37.21101263,75.77708667,852.84,1
722.1132467,22.27204739,53.14085316,849.62,0
641.629109,28.36837406,70.30593756,852.68,1
813.6410511,18.03657251,56.68663608,858.68,0
664.2354921,26.89584589,43.32958301,854.32,1
589.3380935,18.99337216,64.57101819,852.82,1
869.0518127,37.35771895,55.80682479,851.86,0
649.3947453,19.67378804,62.71193272,857.34,1
744.2943213,37.05718767,51.92453065,854.52,0
817.9251937,20.00561426,74.53653945,854.6,0
984.4514286,31.0774931,67.65140777,852.95,0
757.9395115,20.71591201,38.56898206,854.13,0
849.9892883,36.68693169,80.96288504,850.89,0
415.2868427,23.38215283,74.35406514,858.83,1
702.9907482,36.29787689,80.39495016,852.44,0
638.7203184,24.36349844,43.43980332,857.72,1
345.2248325,25.96098326,68.82794811,858.29,1
706.3560448,26.51240706,74.09449288,856.91,0
825.3032257,25.42232996,49.7584774,853.47,0
852.1709657,21.40426992,80.41494851,856.04,0
586.466579,23.03255276,73.4330285,854.78,1
573.3424186,33.04977984,43.2768211,851.37,1
845.6776002,21.66234278,54.11800289,855.81,0
923.9812377,37.88213074,70.10893697,850.11,0
640.2615503,25.45782073,52.16927391,857.51,1
668.2433409,21.52404562,74.43168053,853.86,1
731.9701849,38.51188115,45.99526635,853.48,0
869.4323669,23.36228591,67.10888745,855.5,0
965.5800802,24.5662605,40.33388517,854.0,0
616.1144905,26.5824958,69.02879161,855.88,1
818.7046769,27.44876772,61.13411325,853.12,0
884.8177829,19.09239526,76.47670325,857.49,0
605.2780572,32.43215467,43.55996339,850.34,1
727.7350073,25.04881504,49.92482747,854.91,0
866.1623059,30.16597056,58.30830992,858.83,0
670.4789215,36.80888759,78.64358638,850.68,1
968.903367,38.96526949,54.4698956,851.23,0
582.9524988,24.19047465,48.04768595,855.98,1
604.4251482,26.97829197,39.12107459,854.81,1
435.8738712,31.04325951,79.98262598,854.75,1
556.7122087,30.7581707,79.16322729,855.13,1
855.5685349,24.72328335,59.61199671,856.22,0
596.6696044,31.53313739,48.73081836,856.59,1
444.4494104,25.80003562,39.21528112,855.53,1
968.3502336,26.49266911,53.36520693,853.82,0
330.6596674,34.42031409,50.99181607,855.15,1
714.5116988,24.72608435,57.90312622,859.38,0
451.4903182,29.98932258,55.72094592,853.67,1
688.8799336,35.35539778,58.72923221,850.92,0
562.2101178,28.99285492,71.53812771,856.89,1
488.0895553,23.41524452,43.95001663,854.49,1
697.9341678,29.69790934,45.82429413,848.6,0
781.9152668,33.31310247,55.21907099,855.72,0
957.5136899,18.4189478,40.29044218,854.05,0
740.276956,34.85108313,50.76394304,853.19,0
936.5396739,27.33767407,46.054531,855.15,0
652.8952166,21.60982077,47.29405298,855.48,1
741.0117168,20.62486798,79.01234662,856.9,0
898.9709983,34.44414011,60.78475498,852.38,0
891.7989809,35.14789549,54.69812903,854.67,0
365.2455465,21.87981324,62.81473011,854.33,1
923.3339341,28.27952563,38.4643338,856.05,0
872.7486024,19.03832662,53.04884457,856.85,0
617.8136926,33.75230875,78.89978599,851.21,1
570.8323059,29.78826787,38.4838614,856.74,1
773.8038606,27.67098211,78.43999586,852.94,0
466.2822746,19.92300369,54.39093057,857.23,1
927.6495646,30.8757391,75.25367229,854.81,0
515.6608536,38.14043672,48.64652443,857.62,1
438.5708636,34.79852335,59.96381988,852.87,1
494.6210414,23.17659108,47.89163966,853.95,1
927.1969986,23.99376201,62.64371009,854.67,0
504.2837862,27.66429451,71.62320557,853.52,1
683.5753416,35.86454674,64.87087827,855.3,0
695.4138868,33.9678819,77.06546517,849.48,0
948.7108537,36.23818107,46.57858556,850.62,0
821.8533283,21.59618951,45.58878105,852.34,0
508.1090768,33.18911693,51.80114566,855.99,1
962.3482234,27.93450022,38.18142961,858.52,0
456.8821984,25.73632528,46.61877088,854.25,1
659.0092548,30.55814526,52.29361201,853.51,1
545.1165511,19.42272937,58.76400279,855.44,1
796.2114561,19.57184361,79.61548078,858.16,0
942.6054643,24.63051384,59.24840344,852.33,0
382.9699425,21.00199804,59.02205152,855.68,1
694.8957224,25.25670925,49.64742114,857.01,0
403.1189254,29.50942362,50.9038211,855.31,1
511.4936355,36.56291194,51.77263194,853.69,1
936.526867,26.24508493,56.26797289,856.95,0
789.4619455,38.56065877,73.5716658,846.21,0
884.5262291,29.24865762,43.30018798,855.78,0
707.4880621,21.61528913,58.48887723,853.37,0
643.4425229,23.71237537,73.04744532,850.18,1
945.6099101,24.40270948,59.06540585,855.95,0
524.5519931,28.05915574,63.06917873,857.67,1
707.3297883,25.87581023,75.62921093,854.15,0
534.4868872,25.24791883,44.83690614,856.95,1
479.6603644,33.73085853,48.1180753,857.58,1
850.730122,26.39636205,54.25378075,857.72,0
690.6811501,35.45977347,49.6036282,857.44,0
644.1099375,38.83719454,74.71370973,854.79,1
829.5001414,37.4547558,75.29105374,853.29,0
717.1541156,19.66801155,41.05842758,851.23,0
417.9842138,31.14616491,55.11381762,853.25,1
405.7454311,35.7186087,55.13471515,851.21,1
928.1892673,33.73274779,49.96306722,858.98,0
324.6485169,36.45717946,47.85971591,852.79,1
436.5098511,37.40104424,67.2270859,853.42,1
786.8402011,34.83808184,62.61838003,854.8,0
591.438165,30.28038137,54.51143358,854.08,1
576.2454686,37.06950988,77.69338783,857.39,1
392.6881096,26.73582047,54.68369751,852.84,1
720.3491333,30.4983656,44.72020754,854.43,0
685.0407085,27.98237171,59.6899451,852.39,0
576.4305765,34.80104228,62.13405771,850.12,1
833.3249027,19.27003383,76.36934521,853.76,0
647.7442396,23.1589559,44.65804922,854.73,1
833.4461825,35.17669961,63.01109739,852.31,0
825.0913966,19.75680264,58.95850402,853.5,0
843.0150759,33.84774608,47.7762268,850.02,0
786.2771367,22.41872767,65.11092574,854.7,0
957.5365993,30.02767235,49.41334865,850.23,0
761.821575,35.96762962,73.57814523,855.18,0
342.4269912,23.92514847,43.93674651,854.94,1
808.282903,26.18055818,79.54552024,850.81,0
917.6062229,32.79837092,70.801908,852.89,0
974.6860172,36.34405918,73.98933944,851.36,0
572.3628085,26.93053313,41.01367881,855.17,1
982.604802,34.68302059,65.92672407,856.79,0
607.3596305,35.74301561,57.50459005,848.62,1
596.7871947,23.31705906,53.28384801,855.09,1
719.4696427,30.07664237,53.38092247,853.59,0
442.0628266,35.40252211,72.86574049,855.03,1
749.5717822,29.56030264,48.83882286,854.59,0
452.0565602,22.10427893,45.03131872,853.07,1
562.5432529,32.87157231,39.94358184,852.86,1
695.6355637,21.80980028,68.36974589,852.99,0
918.6847214,19.08617129,67.10560104,858.0,0
864.3494745,19.38924668,73.55445587,855.33,0
732.3456635,27.1603892,70.08812816,859.09,0
624.5526447,37.46037061,39.12413063,852.95,1
563.369103,38.3104327,73.35048135,851.23,1
921.6121763,30.0499607,62.79593476,850.21,0
337.8214587,20.83560608,73.49043343,850.59,1
334.3492329,29.0456744,80.47795353,850.15,1
463.0710835,30.55254917,42.19150003,854.6,1
520.9967473,21.99180565,53.80173342,856.23,1
730.0173103,29.1213771,61.01023667,850.15,0
962.2880221,35.73298552,49.38340442,855.55,0
674.653713,31.84482293,50.9447955,852.57,1
818.2432747,22.9737802,42.76213964,855.21,0
476.2689692,20.13976771,64.62884463,859.21,1
935.9770873,20.257733,75.38391868,857.41,0
717.5128466,30.77575438,47.38666827,853.24,0
650.6712524,21.86106029,50.91438497,852.75,1
879.806779,18.88745366,63.08025603,849.95,0
437.3257933,19.34636915,41.07765265,853.48,1
921.2883534,32.49087083,77.59642677,853.17,0
613.6522082,23.8256945,60.06699302,852.27,1
891.6464949,21.13272192,67.151166,854.74,0
960.2441496,32.9372344,64.85500448,853.84,0
726.8512087,22.71179143,81.17051296,854.31,0
466.5518391,30.86286885,73.39259253,852.27,1
700.5294479,24.80234294,45.77242745,855.05,0
658.19133,37.5805476,78.23585951,854.2,1
496.5897752,37.19430726,55.19091971,850.41,1
469.0622345,33.26280787,65.83926883,857.14,1
760.3555706,38.98266297,67.35342141,852.68,0
979.9001681,20.71598026,65.01713554,855.16,0
539.227657,32.36745933,61.11690991,855.49,1
949.1412881,18.23298915,44.58465964,856.0,0
363.6541966,20.01590422,70.36432508,857.58,1
332.1403306,18.47040124,45.11075875,856.1,1
551.4898965,36.4277688,44.61776584,851.7,1
359.92637,22.39878349,64.47524358,855.82,1
499.2593956,33.89337033,66.43430519,850.67,1
537.4059935,30.05765423,39.85848638,854.26,1
531.7870926,26.16314208,68.30073364,854.38,1
844.4969211,36.468962,71.27798643,852.7,0
455.1491394,35.556683,61.82823012,853.01,1
565.4588859,33.69203137,77.37285038,848.85,1
797.1462996,18.46186153,79.98931458,854.01,0
771.8270785,32.47608139,65.49454495,853.93,0
972.2755938,29.19014257,77.03997916,854.5,0
832.623761,32.74689352,52.13902681,851.1,0
897.3204521,20.43972201,41.66439279,858.31,0
970.1673059,30.66880669,48.14694968,851.75,0
529.7342514,26.67866413,48.41194805,856.82,1
975.1027452,38.27545546,45.64316315,854.07,0
675.404405,28.69990089,38.24216744,852.54,1
578.8904359,23.53613571,57.33681672,859.21,1
738.2959617,37.6465697,53.08936966,850.1,0
981.4118962,28.81015271,46.32995109,856.44,0
599.8147681,36.83278446,65.8929089,855.68,1
542.9595896,32.001812,44.78996039,852.08,1
440.3653265,26.8381455,45.10692892,857.86,1
465.9346787,37.24980874,55.60514288,852.5,1
594.7158478,28.61148738,44.42857702,854.89,1
559.2668976,26.87690639,55.99453314,855.03,1
838.9090931,31.83076506,66.52800785,853.44,0
791.1722009,38.19926515,43.79936097,855.04,0
802.9311978,25.65387911,80.32092719,856.51,0
611.7334314,28.47073032,76.32658495,849.81,1
543.813081,19.16321404,63.27620516,858.56,1
921.9568078,19.44769158,48.18675077,851.11,0
373.2283944,31.63550239,56.2945911,856.39,1
834.2690638,19.13045316,80.38899129,858.12,0
361.4488417,38.78493475,78.6258674,850.22,1
798.602305,33.94932238,52.22347846,852.5,0
521.6154347,34.21497308,53.19006489,850.73,1
519.7493026,36.92756776,39.40998757,852.63,1
580.054174,32.03349845,67.82869915,852.99,1
770.9280577,23.04695196,47.76257726,856.78,0
795.3777511,32.91059138,68.57090886,856.93,0
656.6183652,32.15583135,47.54433928,857.23,1
658.1960674,23.82382525,47.68464961,853.34,1
515.3291953,29.31800172,53.81253237,853.56,1
835.0063352,20.10223484,73.09777112,850.98,0
605.7203538,24.88684162,50.66934103,852.6,1
677.7669747,27.9698024,58.42860961,856.66,1
372.2846201,19.5140938,53.25848405,859.3,1
844.9107854,21.14396038,38.47447131,851.98,0
823.0316349,35.64806181,50.51442919,851.84,0
585.6052804,38.57570662,65.94336077,852.9,1
954.7738983,35.11573262,56.08167309,854.09,0
620.3396869,30.31674923,72.80003257,851.94,1
564.9144593,36.50484946,50.51481723,854.28,1
877.9674132,34.93341744,76.95159066,852.22,0
370.6705846,23.73996433,57.84112525,854.72,1
550.215559,32.41042249,52.085322,855.08,1
591.685358,36.21461684,69.23732578,853.27,1
384.4493012,30.9067231,51.10989401,852.8,1
344.3370793,20.29109218,38.93588672,854.89,1
799.3592555,33.47276059,46.27637857,853.36,0
728.6545801,18.90431307,65.03744882,854.41,0
654.3507292,22.88142269,48.7906061,854.21,1
404.9828979,28.44536613,62.01907398,858.18,1
883.1544493,22.33201545,62.33416615,856.32,0
635.2509249,32.50556591,71.4598388,852.96,1
472.9600224,30.94396029,58.74233378,855.63,1
981.4673973,35.8363985,68.61960319,852.47,0
926.2632595,31.27671657,52.04141828,856.78,0
874.1428961,30.84035089,80.78886983,854.82,0
431.3280804,38.12439257,72.41965772,852.76,1
642.7188497,19.27278395,64.39240928,856.41,1
630.5896957,23.25362964,73.05106057,850.88,1
590.2836931,21.60308549,43.07702794,852.19,1
353.8323911,33.46987874,46.48973812,850.6,1
807.8219453,19.97201159,48.90382783,855.56,0
924.4820039,30.45274412,78.16442739,858.28,0
339.0366429,19.80341986,46.35797161,860.8,1
873.838226,24.38850579,64.61127326,856.27,0
973.7486424,31.73379104,57.00249466,855.04,0
835.2858592,36.21595651,55.55851827,848.75,0
436.7885225,31.49690735,64.21479755,852.46,1
939.3130783,20.38339445,74.09752129,853.18,0
617.46519,32.51772374,73.96592618,852.15,1
804.0723945,30.31124827,42.51336789,853.54,0
789.5634416,34.64663843,78.96364767,852.26,0
773.0576844,18.40618087,44.30280173,850.44,0
668.8303242,20.74707072,58.6147207,856.98,1
372.7284404,24.53801993,62.8753155,851.97,1
716.1973889,18.92209781,57.08887263,855.93,0
590.9498389,31.69509823,72.04317916,858.98,1
754.6245508,26.03005719,38.49904096,852.18,0
508.7559421,25.10371504,57.14599296,848.26,1
316.5040779,37.79081929,62.50461285,852.35,1
414.7375928,18.8669356,53.86586464,858.09,1
411.7609914,32.17858734,56.69137253,858.63,1
882.4963198,19.26030223,75.82557154,852.21,0
814.5755627,20.1944055,61.81188357,856.42,0
601.035337,27.84424217,72.18477047,853.1,1
355.1043998,21.97899724,80.96629953,854.7,1
500.5164491,23.91558121,43.81027148,861.34,1
643.1188069,23.80609137,56.19436672,850.99,1
605.8302752,26.45548525,50.3511229,855.06,1
630.8111793,35.37990918,46.9621624,854.52,1
903.4947939,36.84306652,73.42206458,855.89,0
799.4377022,21.09845876,49.45806006,855.31,0
681.6934133,18.58552501,63.3529021,856.14,1
670.2057585,34.40175722,79.56989463,852.49,1
330.153541,29.79206901,79.00512845,854.7,1
511.3079057,35.51312237,63.21800481,852.48,1
385.0134307,25.67138623,40.67579156,856.07,1
841.9879605,26.92046796,71.10763281,853.45,0
925.1004761,29.99290072,40.71287173,854.94,0
865.5226657,20.61434227,55.16371062,855.05,0
474.6589426,37.6699513,47.3258399,855.89,1
345.2043868,31.80040134,63.50511615,853.66,1
941.753934,33.9289588,45.80875707,849.1,0
607.2188603,34.73814398,42.19732316,856.59,1
755.6454592,37.99821636,79.01546262,850.78,0
531.2421635,34.00382367,75.82872979,851.89,1
792.2918612,28.07936756,70.94132848,852.74,0
824.2856586,34.87462102,55.7013565,856.85,0
426.1958714,36.85469656,44.6271782,847.84,1
698.9700706,30.98211154,59.56555022,861.73,0
912.6363684,34.42754338,62.10759885,856.11,0
947.6562703,33.79065551,68.56337005,854.1,0
708.2206106,34.34873268,39.49048875,853.34,0
507.1067908,26.83036797,67.21069398,855.09,1
770.5989065,27.42091462,55.06185531,855.61,0
619.3458455,30.79064504,53.7936349,855.52,1
484.2784034,28.31392162,70.65596151,855.59,1
800.83536,30.95806125,62.85499554,854.11,0
580.9816359,37.10755041,51.33455479,852.65,1
566.7506993,38.57939517,75.46819491,852.59,1
744.510898,31.44240679,42.65019138,853.34,0
476.4633458,35.1514994,55.18406478,856.22,1
939.769171,31.75841135,47.86353084,855.27,0
493.1856892,37.11727048,75.26039687,845.79,1
810.9790827,23.7547732,50.37886897,856.39,0
512.300441,34.12719468,71.81596332,853.99,1
910.4391775,19.76014759,76.62848145,855.18,0
871.127588,33.98477513,75.01987264,852.55,0
700.3153722,32.62123383,42.77788206,856.5,0
730.4023299,32.34577574,64.52473271,856.09,0
845.602636,35.8439565,68.24255327,851.37,0
474.7601593,33.26518448,61.23466017,854.63,1
393.1404702,25.61646274,69.95957193,852.1,1
836.3059579,31.69310023,52.03717926,850.35,0
820.8877055,21.00096408,47.33352042,853.51,0
887.6158606,20.74926144,63.05823638,857.27,0
863.5442279,32.75060257,52.49613149,856.05,0
736.2440605,24.59600599,46.37503408,855.93,0
664.0546115,31.11411765,62.17066447,855.68,1
928.4572936,19.33417908,57.92662545,856.57,0
941.3164728,31.4752249,79.08404546,852.22,0
473.2923007,22.62012766,41.94680528,855.97,1
561.8800436,33.25244787,59.84599612,855.61,1
602.4751194,33.77777622,52.51042876,855.43,1
961.9857965,33.74615265,51.52255249,856.52,0
543.3840122,31.97907033,75.66436706,855.53,1
819.5676372,18.22469877,72.21927897,856.29,0
956.6357037,32.63334038,62.03332959,856.36,0
932.5341321,24.22696466,67.29315053,854.63,0
563.4675776,19.414288,54.18936339,853.07,1
865.9690509,27.04082754,55.1993483,853.95,0
619.2016701,37.98636005,40.91316353,851.18,1
736.891259,20.51635982,69.2767979,853.45,0
925.5894111,22.00240857,46.00534921,854.6,0
777.141544,33.97883795,73.00332548,851.54,0
529.8010521,38.70466771,48.06155686,852.19,1
688.0514017,20.18541455,70.47262588,850.44,0
467.3039772,22.19809182,75.37115882,855.47,1
545.6246927,35.8250619,58.80744877,853.3,1
705.4331967,23.11428664,69.26233383,852.78,0
841.8987775,32.53051233,80.32802248,855.34,0
472.3041796,25.19005423,65.80166996,856.92,1
364.1358285,29.37015765,80.81726466,850.06,1
444.8320778,29.46649973,51.65010112,852.16,1
818.2150116,37.2633438,68.72738536,851.21,0
731.9997371,29.23149115,50.58830135,851.74,0
369.2401854,37.11595255,65.80181859,855.22,1
776.9533262,24.62527282,56.56413544,854.16,0
747.7103105,34.65540592,38.16778967,852.78,0
910.044976,32.81698047,51.20301816,848.65,0
501.3669681,30.36964188,72.48801992,855.54,1
946.9028327,36.78325926,46.16001798,850.09,0
857.5871114,30.54470573,54.83831156,854.08,0
853.2950155,37.38014726,39.63472407,853.81,0
338.0009324,22.09520037,42.78502034,858.35,1
507.892603,29.78902766,56.92039644,850.75,1
456.5333,27.38082391,55.98938373,846.77,1
821.9097064,36.90233657,61.45260541,853.63,0
615.0142405,35.42661592,43.54710476,857.85,1
744.7063164,28.74218591,43.27797586,857.25,0
588.6885805,38.94386848,53.44657004,853.45,1
564.3634522,23.60019476,73.07983378,853.54,1
866.5137131,23.50016245,62.90740035,856.8,0
472.2335657,26.80267382,47.99596521,851.95,1
599.6219518,32.93869813,67.07898882,854.84,1
839.7496678,29.82370282,76.20072347,855.28,0
411.4963167,36.15899298,70.7924551,855.91,1
314.511264,20.75900906,67.13439411,862.01,1
559.434993,31.20255235,68.43396357,854.84,1
724.8104345,29.20713071,41.44461915,852.82,0
438.2832335,20.58084138,53.29434911,855.07,1
733.9732537,28.96504602,48.78488107,849.7,0
833.2013384,24.89892967,69.49026357,852.88,0
335.5237847,31.8577906,57.50089752,852.75,1
369.4029087,29.66598825,75.04351311,852.73,1
543.8975181,29.42000512,69.92980702,854.45,1
537.2270909,37.49879099,49.42187878,851.04,1
915.9622424,35.43266193,75.14442494,856.15,0
888.4903284,30.09761167,75.6692661,853.99,0
361.9697669,21.43684451,66.29148375,855.0,1
536.8670351,25.67089687,79.78319767,853.7,1
407.9844371,36.29611583,61.78241977,853.63,1
597.0135527,36.07405227,45.10677311,855.33,1
737.2769999,36.80257232,41.7507489,851.02,0
642.8453773,36.86030769,68.60204922,851.53,1
512.5157339,20.35996125,42.26114474,854.4,1
848.9010793,32.15351303,38.20391109,850.38,0
775.267312,38.38276902,80.46283665,850.95,0
493.1786653,19.1677963,71.74353641,854.11,1
499.63568,37.51652164,64.16680889,855.28,1
765.6654447,29.26811971,58.12172562,854.74,0
501.827755,37.42592135,45.11139401,853.59,1
924.699381,37.83788956,57.8256362,855.19,0
406.5086109,29.73345547,60.65267442,853.69,1
777.9721075,21.95874135,46.14623628,855.94,0
629.9791927,38.6188193,78.28770698,852.71,1
665.6345196,33.57152436,43.87073398,854.23,1
834.2597355,31.18371515,51.27646297,852.4,0
441.4672391,31.56809373,38.24229476,847.71,1
933.076988,37.12133281,57.84895526,852.81,0
804.4018228,31.63596306,43.11027444,857.36,0
401.4765714,22.10807712,51.59086263,857.26,1
737.1227171,20.99059327,59.20495229,857.49,0
546.2467478,18.12032267,51.33653101,858.52,1
749.4783406,25.79195596,81.00449944,854.73,0
607.0483177,26.76011425,52.85570026,854.88,1
825.5177294,23.25974048,39.76254025,853.26,0
907.2422247,31.11858827,58.24878216,853.08,0
632.2903079,28.01070678,76.21269277,855.78,1
654.067725,20.79759328,76.34356227,858.11,1
925.1900548,26.70487027,80.01033109,854.05,0
963.7486913,35.27997759,68.30941625,852.24,0
950.0172461,37.50038593,58.25756911,853.1,0
679.1712861,34.49711434,69.03646834,854.96,1
879.9468849,20.0609319,47.62376628,851.58,0
856.3354958,23.92497402,79.19129075,848.99,0
418.6525592,22.70369255,54.30135202,853.5,1
420.7362244,21.58489832,42.05797972,851.96,1
770.5666705,28.59361206,77.96399009,852.9,0
552.073895,22.58680672,42.53554304,854.52,1
881.1938721,22.82460981,79.76647103,853.73,0
708.0523678,38.24950513,66.10326374,856.64,0
421.954009,32.40264729,66.86881459,854.53,1
373.7377682,29.88357966,67.3165519,854.77,1
918.0135182,33.98800153,63.76614946,855.08,0
835.4853328,18.75365445,77.97250513,852.5,0
896.2830401,26.67426949,68.79397158,857.0,0
773.0823637,26.06931121,56.00095631,854.28,0
812.4893616,24.879861,40.88900838,856.29,0
939.6664405,25.54366976,44.63609602,851.86,0
488.8911251,28.81802489,54.68813987,850.26,1
668.0869701,26.16554958,51.82940953,856.5,1
856.2915182,28.65338865,61.45513496,855.1,0
861.6341874,29.64983844,40.17290644,851.79,0
492.2488999,23.83751094,51.13686901,852.57,1
689.1298818,31.35947958,47.86210891,856.65,0
644.6295239,32.21407166,38.82673351,850.76,1
802.216439,21.97518624,55.25513004,859.07,0
806.3039303,30.01297501,81.18839878,851.75,0
375.9260017,25.26293054,40.62241473,856.16,1
377.4394243,22.95329304,76.89823785,854.02,1
947.6346399,37.62863755,64.60616616,854.59,0
416.7907973,23.59700932,53.0035167,853.41,1
501.3832717,24.84659734,49.21423126,854.21,1
617.698082,37.91007945,64.09118068,853.15,1
757.5089006,20.37963186,69.72412168,852.65,0
979.8948711,22.90368524,79.24674629,856.7,0
457.1566091,21.60186597,71.44457038,853.72,1
579.1392126,34.22523135,77.68088282,852.92,1
621.7302347,29.59071307,66.74082272,851.56,1
390.2658467,23.1682072,68.48496868,848.41,1
965.858243,34.54898888,75.41938517,852.98,0
362.4756394,31.07653069,73.06986906,859.9,1
451.6280634,31.55670137,60.26649598,855.77,1
758.8807335,34.30404703,59.25782373,853.44,0
580.9244902,36.32693676,42.07693022,852.58,1
849.8112858,24.82405708,39.02829039,854.68,0
480.6453757,24.50508666,66.03037144,856.03,1
517.8475563,20.99298079,51.17170451,852.13,1
414.9962947,26.27335136,55.31174365,857.23,1
956.8103436,34.16069891,79.72125158,855.29,0
752.1896227,25.87945214,55.72187781,856.29,0
501.0436339,29.48467608,80.22038704,855.16,1
806.1231929,29.9671779,48.39814652,854.05,0
551.7170889,34.02334216,39.89391466,855.2,1
962.3302175,24.0813142,41.04701079,856.19,0
579.5859243,24.42687671,68.09564311,853.78,1
775.3758106,33.47101751,51.15370341,852.15,0
811.6258428,20.40158854,71.18159468,855.41,0
838.5521749,33.46062414,60.69793516,857.46,0
564.3997817,34.33181139,69.96194432,850.38,1
927.4942644,38.03761364,70.33464359,849.37,0
688.6344181,33.16312968,49.5327553,854.03,0
932.4881201,36.3988443,57.20195734,853.36,0
953.4932385,38.52812018,46.17205865,853.41,0
643.1644525,30.77602793,68.64579249,854.52,1
954.9249841,36.87646644,60.55219924,852.62,0
732.2790219,27.61295617,70.62393796,858.01,0
621.9835402,27.04200842,52.89730285,850.35,1
577.5838297,22.93783977,61.18296521,852.78,1
933.5390972,24.79784033,74.51248001,854.37,0
666.6114127,27.27693177,66.94831206,850.22,1
922.4524783,36.93768385,43.97449644,852.73,0
713.2865138,36.05761457,43.04536541,857.43,0
527.8551472,31.95893035,72.28157664,853.82,1
432.0816418,21.26579008,46.33316062,855.62,1
898.6217247,18.45603071,47.47411436,852.23,0
672.653778,38.65454727,61.02134273,851.42,1
547.9886639,27.24756087,60.24617222,853.39,1
559.9036849,20.23837503,80.78548389,854.38,1
867.9181369,28.65896407,38.95105253,857.37,0
626.8448611,24.46380026,39.64037679,856.06,1
529.0784645,24.93140265,43.00183158,851.83,1
552.172897,23.37405919,71.55607472,855.41,1
608.0031263,24.70706875,45.23837346,855.88,1
672.9582723,20.48830763,62.7436228,857.99,1
943.1192363,35.10740591,73.72906817,857.34,0
666.1297487,23.40198387,41.46380013,852.25,1
844.7726008,25.42265713,76.54995218,852.52,0
719.9225317,30.13740561,47.60866835,850.84,0
595.8513385,23.75210531,42.82454478,854.16,1
974.643482,33.30036328,62.54808038,854.77,0
687.6284211,21.3897874,47.23662389,857.5,0
392.3956024,23.83255762,42.54556328,854.55,1
703.2628572,18.339578,73.74066498,854.6,0
490.7607764,20.36546734,44.20570354,855.54,1
486.0019418,19.98710035,73.63133682,853.11,1
374.658626,28.85005844,80.64218637,859.36,1
951.3121034,29.87576366,59.57892703,850.0,0
885.8440712,24.32527685,53.08322095,855.14,0
437.6249439,31.69379691,44.46753337,858.86,1
645.0722132,38.24886427,58.39074165,853.03,1
626.0660988,28.99179843,43.98427654,853.65,1
481.4695059,36.28445358,71.41805907,852.35,1
432.719531,34.02000897,57.45406546,853.07,1
857.0625092,36.7390364,80.52208362,856.62,0
686.3038551,35.29588086,43.58670815,847.83,0
635.851167,28.0445189,40.18338003,858.07,1
549.390347,32.73582105,52.94624049,850.11,1
542.3087264,28.09360645,51.24958639,853.56,1
981.2191784,28.54810678,49.6108792,853.1,0
861.946012,34.45693888,72.28542951,854.94,0
653.6789347,18.47598289,56.68116253,851.39,1
796.2659579,36.27799471,59.95129931,854.4,0
804.495422,18.00888645,64.43757585,860.5,0
611.5147434,19.35168964,59.11857952,851.87,1
497.5890257,28.80482775,39.50412318,854.62,1
618.7141742,38.58356148,45.55455537,851.32,1
757.993807,31.28780682,57.77383484,854.91,0
550.6136833,29.8437344,45.35327053,854.07,1
472.8214961,26.97301768,56.66346499,852.76,1
651.6493527,19.28398125,77.63342708,856.51,1
537.7561679,28.58612957,44.44564488,858.68,1
525.4228635,28.467184,44.16829499,853.71,1
791.1127097,38.77636619,43.38955116,854.75,0
811.8682243,27.90733449,47.67560124,851.02,0
626.4186066,32.80553173,81.23212452,851.27,1
849.9976761,19.08612028,52.23474431,856.49,0
343.2287139,23.62926487,64.566818,858.47,1
322.226076,18.36922671,81.04708424,856.28,1
695.0165157,21.20303775,57.14000515,854.27,0
764.3584414,24.77236122,51.58282048,854.63,0
936.8830599,37.71249752,81.23243042,849.95,0
438.4164003,19.77019446,41.57267868,856.74,1
839.4221601,27.93691908,72.77460796,856.45,0
431.4383007,37.84771365,77.88353417,851.93,1
730.8871111,30.29138928,46.19684329,852.79,0
770.4620625,33.68784037,38.51726326,854.22,0
750.9452718,32.19595693,48.83958262,852.64,0
894.5197058,37.31349323,74.9779603,852.96,0
839.3820978,27.0769443,51.05330323,859.6,0
531.933686,20.19145248,80.922057,854.56,1
324.8136981,20.3419073,64.36262084,854.26,1
495.5471092,32.28123338,70.75179506,852.11,1
795.6622865,19.51586565,62.74805031,857.12,0
771.428665,33.78044462,59.51279268,853.09,0
374.9248335,18.22769908,41.91027044,853.79,1
854.9752294,22.51576112,79.41251699,858.2,0
423.476391,37.02146154,67.92813924,856.71,1
804.8135816,21.19412836,74.34806464,853.56,0
756.2360723,38.40977098,78.45059182,848.32,0
729.6052909,21.20688027,68.51957211,857.57,0
399.3065327,36.17012572,69.00378288,851.55,1
331.2333505,34.09287231,58.67134143,855.49,1
918.382544,24.15751066,64.90791885,849.78,0
656.8513436,35.37652622,62.64357409,855.59,1
886.5453,23.44370938,43.78824809,851.76,0
896.6252287,38.46278934,45.45007801,854.81,0
604.6998382,20.84683897,74.68040203,855.13,1
461.1806029,27.88856237,48.41080429,851.87,1
487.5642767,26.63092425,74.55029182,853.39,1
676.8220149,36.96769288,76.2631373,854.88,1
396.5901501,35.55572488,68.86934165,853.6,1
459.7178875,18.94140659,75.70689489,856.79,1
774.0513784,27.90880203,58.10668769,859.19,0
770.24717,34.93457136,68.18615436,849.5,0
504.1666001,28.74297709,76.12654977,858.19,1
586.8800498,36.62393909,63.99681308,853.47,1
588.9574537,38.1411364,46.18002407,850.78,1
736.5111685,33.52410607,51.20693201,850.25,0
493.3717474,22.39077106,52.60794954,854.44,1
632.4679182,35.722874,55.00262656,855.62,1
569.0251221,33.92770237,56.97160682,853.21,1
650.4908359,27.09019561,46.4863865,858.13,1
805.1086766,28.21492667,67.91418113,850.59,0
698.822479,32.88693972,40.83121849,853.62,0
764.5558767,23.42816879,80.70989166,851.66,0
539.3854779,29.24944396,76.70609732,855.0,1
389.0352541,38.98046644,76.84298119,855.14,1
517.3981579,23.17427832,38.98202857,853.77,1
892.2077392,24.44058019,51.73294849,848.16,0
628.1128849,20.76842142,57.32464714,855.61,1
545.9926596,20.48416478,72.7901963,856.23,1
868.9174037,27.9355922,80.88909726,855.26,0
724.7706103,29.7092609,56.42904927,857.12,0
323.1229431,27.42826278,54.38826174,851.63,1
939.9889178,21.39805874,74.51845199,856.73,0
423.6197661,28.09047781,40.39049373,857.21,1
861.7761078,34.44260653,38.77759224,849.02,0
461.8982135,33.92763318,75.11352709,854.33,1
387.2622094,31.03264769,47.72395964,852.62,1
735.3858269,21.07906801,38.4345036,854.87,0
374.4094947,30.50602251,62.5092683,854.81,1
459.9244441,23.92857077,72.59141293,853.51,1
495.5242233,37.44780133,44.37252294,851.42,1
723.9576246,28.14420865,69.27789068,854.31,0
954.8944362,31.9294092,61.97491146,851.05,0
573.8314592,23.89707677,74.09704738,852.02,1
409.7308854,35.15228785,69.12296009,855.08,1
697.3316082,27.26235131,80.02756772,851.46,0
827.8167449,28.19979323,42.42298713,855.88,0
326.0374576,19.91498899,79.33121843,856.37,1
493.9382359,36.36715521,65.94844418,848.92,1
946.4516979,38.87845151,62.30451961,851.24,0
678.5205325,32.23140589,61.6523718,856.72,1
755.1991306,33.64798122,80.1605365,851.11,0
954.9828426,18.31976938,80.16932297,854.24,0
600.2863582,23.12004673,66.86297643,855.98,1
836.4350289,25.26741571,48.41653243,856.53,0
773.6131717,25.73607676,43.94846081,853.88,0
366.6502066,22.09366215,77.29737327,853.45,1
930.8333003,18.61726547,38.27769391,858.92,0
709.241006,19.79287238,76.66719899,859.57,0
903.6990925,31.03844103,47.46296551,856.32,0
366.6240342,38.36989748,80.68568838,853.21,1
906.4617376,21.21331495,65.9991142,853.03,0
511.5324589,21.90384117,40.88185891,852.9,1
429.4908928,32.90098051,80.21124683,854.96,1
657.8301987,31.89395126,66.06260122,854.82,1
959.7928174,27.26822315,52.12466847,857.83,0
866.623234,33.35180284,53.56789874,855.22,0
558.5144131,29.3172859,80.1330324,850.32,1
439.8180514,28.6876276,39.56164844,856.79,1
628.1109083,23.42735156,77.51549738,852.29,1
661.4164124,20.65489627,63.92537265,854.16,1
870.2692259,35.14463793,72.63544197,854.01,0
333.3527052,22.17609856,58.06241388,859.93,1
399.9009981,34.34170066,75.8507639,861.25,1
394.375131,35.16279087,47.945379,854.9,1
815.8781826,28.99870724,59.87852088,853.66,0
512.3499812,18.13560358,44.29469738,856.76,1
942.0591954,23.1718231,41.60769984,857.04,0
847.0789492,20.44174048,52.65056199,854.35,0
430.5693951,21.48492028,79.32548612,859.51,1
451.9033361,24.40858802,49.76827959,855.25,1
703.0251122,29.49623275,39.16821727,855.3,0
518.7168939,26.75837944,56.09093233,856.05,1
593.4555882,32.61183937,44.98175879,854.74,1
374.8840177,26.2279116,38.62951608,856.55,1
819.1246082,33.49926682,70.99796154,852.04,0
648.0090953,20.50705004,48.25953452,853.74,1
857.2026979,18.69920792,66.77751475,852.61,0
815.238246,31.39166851,53.50273298,854.93,0
870.3600148,20.93451093,62.77400767,857.04,0
935.6878364,22.0943524,44.31610252,856.09,0
862.4917566,30.47113409,56.30274293,858.13,0
737.3389895,35.24854074,72.09933311,853.36,0
775.9346662,26.38976952,72.06937802,856.11,0
911.1284894,28.6186316,39.98955298,851.44,0
545.5446534,37.33282252,52.62555136,852.15,1
615.0571963,20.58014377,63.40248577,856.87,1
792.4642892,28.34549893,80.623793,856.32,0
571.1664809,26.36336003,80.87704992,853.7,1
492.4364468,22.06806809,62.50203976,854.77,1
832.6225478,18.14270226,50.81667054,851.63,0
913.8435135,36.80531346,76.21378331,852.29,0
341.413353,29.44606572,79.78622604,856.29,1
648.0706214,27.76984447,78.14317647,855.71,1
959.2431048,32.51221198,76.56497638,854.95,0
972.057366,32.80504705,59.69400129,853.79,0
707.8321128,36.00656552,60.4600563,853.3,0
778.5278405,20.26471034,42.49588018,853.52,0
641.0056405,34.29608862,76.0003134,855.23,1
947.698465,31.63648482,40.19824236,854.86,0
669.2261554,38.95254536,54.00892393,854.16,1
485.5218648,33.06709297,38.62897134,852.32,1
718.180253,24.02433251,57.89069367,849.33,0
962.7478536,27.29350022,79.03668803,857.07,0
318.6795062,26.04132736,65.95486029,853.28,1
893.0228742,30.17881859,66.90234813,851.82,0
836.436661,31.53882047,54.30537018,855.55,0
890.9243263,34.53176121,70.30358117,852.48,0
482.3471043,23.2899455,57.75846643,857.46,1
745.7531486,20.34094706,54.73993083,856.7,0
347.3845836,38.53547245,78.18930298,854.68,1
427.2787669,35.17362179,69.39563105,849.96,1
812.2939875,21.72011834,68.36340419,858.02,0
924.3773967,38.74941874,77.36370585,853.6,0
885.3095013,28.12294442,65.39875492,853.3,0
692.4877654,31.43887847,75.33687981,854.19,0
852.0975826,18.27723458,51.28091256,850.97,0
412.229136,35.65522829,73.87270239,854.34,1
791.119,23.15551873,49.76812942,852.25,0
943.2583226,19.26528914,76.36128408,851.91,0
509.0408695,30.95397535,49.85085966,850.08,1
556.4775565,30.33156607,67.83171338,856.74,1
570.7247657,23.75569725,59.0797077,853.18,1
676.3596509,31.27843753,42.90788725,857.68,1
852.2911161,22.87595927,44.16219144,853.52,0
494.2458963,30.82452925,54.87089509,849.63,1
702.9175601,19.72029406,80.07495629,852.44,0
611.68898,23.80677484,78.49591472,857.83,1
486.3515944,20.88368526,43.87879377,854.7,1
938.6938915,21.27366221,40.43975343,853.68,0
901.4618307,34.28087653,66.97137359,853.89,0
576.1790374,20.77505597,74.67908546,856.36,1
819.4827949,18.16576125,77.57573539,858.21,0
323.9431469,20.89229711,71.78892948,858.71,1
379.8787306,20.11365724,40.12107865,854.29,1
720.9247919,35.89733467,43.98947293,849.98,0
943.8178951,37.48797846,76.37805754,852.07,0
630.3549471,24.02454948,41.56558898,855.37,1
734.9599717,32.1073703,62.34340789,851.34,0
767.9292566,29.98347052,58.61215717,851.61,0
807.8034516,34.75084453,38.41494083,854.29,0
779.1469646,20.12291671,65.44328414,855.06,0
349.958555,26.92077778,78.13943016,854.45,1
720.150386,37.662008,51.00641696,851.18,0
319.8331213,24.81746093,71.72648652,854.05,1
561.5130669,25.28934964,55.98172687,852.25,1
897.6119838,19.0647559,59.18502626,857.54,0
443.9106977,27.47323835,67.09814079,856.89,1
970.1487527,36.16296063,63.26411405,848.64,0
505.594593,24.89691131,51.52948919,852.29,1
719.5294201,22.5288378,57.65249263,851.16,0
767.1388035,35.29840593,69.69307416,851.74,0
328.7653357,38.71046935,65.5124067,852.75,1
447.158083,33.68680908,53.97390854,849.93,1
617.0165158,30.13807336,61.04596397,851.68,1
925.6858539,21.21469846,43.47293583,852.54,0
627.0938279,24.93143174,48.12679337,855.13,1
577.8601122,36.47025281,64.83185223,853.4,1
657.3298885,31.92729222,55.12754876,851.96,1
488.3075158,28.7158071,65.93770514,854.6,1
730.8383305,25.0587487,78.32053737,853.23,0
486.5522376,19.68317819,75.98983366,854.56,1
668.9531786,33.39403736,52.6565803,857.78,1
942.4457835,26.69244574,57.68292281,857.75,0
372.0859795,38.85702138,79.00919401,849.69,1
361.9242067,36.31416897,61.15957193,855.32,1
911.2861839,31.30407949,64.04196252,855.87,0
873.6624741,23.82153086,80.40253429,851.87,0
952.0486962,21.60208201,39.26572031,857.05,0
591.1763601,25.14879702,50.09716875,858.43,1
813.4714178,23.5992587,78.98119843,851.96,0
670.6364274,36.19652503,62.34131248,850.96,1
855.899335,26.83057979,79.23044087,856.92,0
928.8374856,36.3801787,48.66714936,853.91,0
378.8927401,36.00144994,46.25473153,854.66,1
669.872519,26.18713782,73.97234228,855.31,1
462.2594595,36.773865,78.88268731,854.16,1
740.6283785,19.95890786,42.78475448,851.89,0
725.5696028,28.59547459,67.46050869,856.79,0
387.2806112,34.99422769,70.21875206,856.32,1
655.9913138,34.75825292,38.50470223,852.86,1
910.9250493,25.52386305,61.41103437,854.43,0
602.0830295,24.21515713,52.2158937,850.87,1
877.2663252,31.20842021,50.53214561,855.14,0
630.7484579,27.75952594,51.33794761,855.7,1
354.9000979,29.99603646,64.89989065,853.84,1
787.2023949,30.36750131,71.64409453,856.77,0
844.2273386,19.79260314,68.3918075,854.39,0
594.5067755,36.68409243,72.46157172,854.61,1
641.7629368,28.27464248,56.75303114,851.66,1
646.0326089,32.72545563,59.25904096,853.61,1
717.0548928,33.93470436,68.3835802,853.09,0
443.3671631,28.2767208,76.30908786,854.77,1
528.2198127,27.39339072,64.49117413,853.39,1
839.8221368,32.36154182,76.31835181,853.39,0
549.6667284,21.35934689,61.54007582,857.1,1
894.46298,35.50829318,73.91770372,852.25,0
452.9699452,23.43336012,41.30489968,850.77,1
892.4070501,26.20960228,51.86190813,858.83,0
685.2378214,21.46339691,53.65847221,858.48,0
617.9351354,24.71913923,59.51550462,851.4,1
601.8575722,21.4128709,45.1182899,856.75,1
376.4279795,26.0782639,43.38436116,853.21,1
869.7413029,34.1000339,74.41620088,854.17,0
702.6672838,29.65736811,42.88919377,854.78,0
345.0181405,38.48150709,61.34445925,852.4,1
928.1532066,36.27399585,78.06746992,851.29,0
670.9091413,21.56813386,46.86483943,853.29,1
662.9027511,25.89631897,59.94223996,852.2,1
371.8390999,22.96309362,68.02705064,852.76,1
539.3897504,35.16312211,61.43569729,853.21,1
688.3047291,31.03317676,43.46638953,852.09,0
441.5814782,33.44371056,53.24901897,855.29,1
366.1914629,37.92904446,58.35943206,856.77,1
771.0960549,24.37125102,69.41026616,853.23,0
486.1275968,38.37140485,70.44100583,853.59,1
753.558164,36.48321687,73.33550255,854.47,0
920.6298032,22.80556215,51.78262122,856.04,0
357.1373695,37.7586755,79.8358435,853.26,1
441.6204999,27.76487617,52.38554115,856.12,1
905.3521644,38.44003878,57.33845813,854.19,0
622.7533417,30.2318539,47.24443225,850.88,1
624.1145167,25.90705251,68.17293581,856.66,1
968.0013966,19.01137336,62.89936687,857.54,0
827.8263164,29.95834927,63.95561988,852.1,0
712.4642446,18.18557726,38.99320507,855.51,0
573.8972251,23.93879456,71.67287997,856.44,1
529.8468862,28.97867778,45.60550322,853.6,1
316.8431429,37.56303909,63.99490425,855.77,1
832.0638767,24.59477353,55.99713172,860.56,0
776.4805212,26.6075727,55.80616586,852.44,0
827.1269749,35.86218311,53.73659462,849.84,0
366.5059857,25.40060979,78.65232823,855.31,1
455.6571221,21.12522601,69.36038489,856.87,1
520.4901925,23.16220222,61.95920312,854.24,1
452.7554987,33.73314222,59.9203571,857.19,1
919.9155821,21.07410481,71.14853521,851.72,0
747.4730797,20.41709013,68.41054551,856.88,0
745.8305981,37.8238746,58.10928073,851.55,0
716.629197,19.26945473,75.75961311,859.59,0
933.0958156,34.67225382,64.76614342,858.42,0
559.8479747,34.47638907,42.72044652,851.55,1
553.2480918,29.74307967,72.95021801,852.66,1
816.5140673,25.82827076,63.80662292,856.65,0
759.7752426,36.93241766,44.69800954,852.2,0
697.6931645,38.06321422,62.89537565,852.92,0
874.5652464,32.48942816,47.92168299,853.76,0
823.3183324,36.07932692,43.28696289,848.47,0
737.8325261,30.44889422,49.66022294,853.91,0
739.5524515,37.57426137,77.21242097,851.37,0
486.3597199,25.10528173,70.93392985,853.35,1
534.872179,22.8188831,64.0499495,858.47,1
751.0428356,33.239722,51.95126264,850.47,0
519.5749133,35.11354359,79.30716998,855.42,1
358.1356107,27.49504834,53.08887922,853.6,1
470.3655623,36.42534595,38.24653941,852.53,1
860.4781521,26.07338056,56.7926139,856.45,0
880.3995155,30.37070598,61.39044027,854.81,0
429.4377613,21.55157509,54.13914051,856.44,1
719.0508987,18.3473087,66.93525508,857.82,0
507.7176601,35.40486533,54.30734787,852.52,1
424.4181997,24.93429018,75.59149147,853.08,1
812.4831315,24.29321167,43.66936755,851.97,0
354.6334099,20.90131276,77.212802,853.03,1
551.4378453,23.19348881,38.01672092,862.19,1
659.7350717,20.63926315,44.15782751,858.23,1
451.1136641,23.37986656,53.73109939,851.42,1
922.2037807,18.3423435,65.70036013,852.09,0
969.2404266,20.12078232,81.0980471,856.39,0
456.3830632,26.09057087,51.41445044,855.84,1
774.6999965,26.12876314,81.19037308,855.84,0
528.7519516,29.71219935,40.29955045,853.4,1
837.1555265,23.36094055,75.52934501,854.48,0
439.7023375,31.78713416,72.36973617,854.61,1
862.5903911,34.21423244,72.16583696,853.71,0
528.8367524,29.09719244,72.90053666,848.56,1
637.7533943,20.15283446,55.95583492,854.61,1
390.9213181,20.75382795,65.3584069,852.98,1
416.6598682,31.24489844,57.20495961,854.29,1
949.1042318,37.58506571,51.59713281,860.55,0
939.5111601,32.88497251,57.54560075,854.57,0
751.7971045,34.91442868,46.72748941,852.63,0
325.2868423,36.72206944,57.00376392,855.5,1
631.5418534,38.95506299,64.98230855,854.13,1
422.0394626,20.3770208,39.07489612,856.2,1
344.924981,31.09522233,59.67784765,855.39,1
830.6291907,37.15183409,63.47640333,858.28,0
811.0181793,38.29119853,53.34994484,850.18,0
620.8442448,20.60623953,40.07331672,856.31,1
699.3393161,22.73961437,73.61460123,852.56,0
981.2255661,23.07764881,45.08808056,856.22,0
729.7888128,25.28373075,62.97368855,852.27,0
657.9166203,25.69089663,38.57393698,853.47,1
493.5383052,21.51627887,43.23193342,854.28,1
640.9990847,27.73215822,38.4294526,856.71,1
617.8210787,25.97512825,45.77770331,856.78,1
718.4656866,30.43327947,49.70390515,850.83,0
647.5612571,28.89016573,46.27768309,854.27,1
869.2399037,20.93347526,77.1449252,853.31,0
982.28253,33.63012281,67.57685569,850.42,0
715.3730877,26.65202314,68.4062962,853.86,0
516.6831243,21.00743281,47.63123905,854.31,1
583.7771166,35.53400744,38.66162365,859.4,1
885.5353147,33.64865346,67.223421,854.64,0
720.476255,32.18510736,48.08461257,850.29,0
733.2132242,30.12771446,55.43252978,852.57,0
377.262033,32.04959061,63.55283332,856.31,1
967.4134579,29.06855098,47.56993111,859.33,0
849.269258,27.88391982,61.53056545,850.29,0
405.2600029,19.63485184,71.79444754,850.54,1
636.1071182,31.50381657,71.98733233,858.5,1
949.1121684,34.99255766,77.02848242,854.37,0
349.9549026,34.19665215,74.30129524,851.33,1
788.7575911,20.66286592,39.98383118,856.46,0
618.0530624,31.05477277,71.06809619,847.28,1
490.9422034,28.31616452,61.24234488,854.21,1
931.4228172,20.82533001,57.41396855,855.92,0
602.7801956,37.04762856,58.64475236,855.46,1
485.6146101,20.58854026,55.69683421,852.59,1
592.3282993,37.32637728,76.10685919,853.34,1
455.2265441,24.04963924,60.77475941,852.4,1
542.5111661,28.47624337,60.82339585,854.82,1
730.0816688,28.48166386,49.7243793,851.94,0
858.2405452,26.86314951,74.96327968,853.36,0
535.7365949,20.30467723,53.06416963,852.67,1
564.7519413,33.58115225,55.9703125,855.2,1
770.2200801,24.97318376,70.63032718,856.75,0
725.9001981,22.50802093,80.66669175,854.31,0
900.5141503,37.44809686,68.79065529,853.2,0
651.6851395,26.61628443,59.05223719,850.78,1
962.7407569,19.10876554,57.70188818,854.56,0
411.0962995,24.26397077,46.16010835,854.56,1
569.33281,37.1581512,60.19708563,859.69,1
941.8597511,33.80055876,47.44208625,850.76,0
619.75017,19.66012399,79.76691316,858.9,1
710.3120523,29.30744078,71.60835616,856.58,0
672.2762317,35.53141146,78.28727766,854.04,1
389.4422921,20.26834081,62.08224498,859.56,1
690.5214298,31.43072787,44.71799177,854.76,0
357.5881901,24.6801016,41.30469195,855.61,1
789.780008,23.9558904,39.09398529,854.59,0
885.2047188,20.10428381,74.40509036,858.25,0
318.3073669,36.98209281,76.81714578,855.9,1
673.7193472,23.94843057,68.87312137,853.16,1
932.7806058,30.50291707,54.86481368,850.64,0
347.1670841,19.56379336,58.40727796,854.74,1
543.4141879,25.61244804,48.71305423,852.53,1
919.0629785,18.6190638,77.62865415,855.21,0
376.0970504,28.05501153,39.34716472,857.33,1
620.3312326,21.15709792,60.76108588,853.92,1
884.7483674,32.60120889,41.75212425,853.58,0
704.7999637,29.8329718,61.38730568,854.17,0
983.0992354,35.23556139,80.28679709,855.49,0
911.956855,32.91575559,46.44965738,848.03,0
795.0447309,23.5517268,79.94159394,853.26,0
581.1681146,26.40927345,77.47918198,854.96,1
741.9540903,31.55824272,51.67728104,856.81,0
697.8039015,38.45269244,54.05258409,851.76,0
801.9356884,33.81561887,39.70224777,848.85,0
979.3901931,38.97760739,72.61431457,854.47,0
656.2979653,31.51018015,39.44843729,852.23,1
563.5261418,19.08136893,65.89338001,852.34,1
581.2926675,38.55496679,55.70800337,851.41,1
722.1437461,26.67558695,73.4092045,853.94,0
434.1016491,31.47151861,67.1358019,852.31,1
617.122437,27.06831475,55.70686047,848.84,1
901.8420138,28.61078684,64.36489311,856.41,0
525.8502864,22.08404016,48.87875079,858.14,1
885.2396045,26.39375294,63.03207122,856.06,0
674.4506674,29.90047888,48.67779935,851.17,1
680.3285408,18.72267295,64.98368664,854.85,1
380.5470546,38.93393233,73.48722667,852.91,1
367.6961124,30.64163088,66.24270081,855.42,1
581.8691291,27.15721098,58.6145625,856.01,1
476.8215834,21.03648944,79.43705502,853.24,1
499.0805972,29.59774989,59.46809274,854.25,1
935.212768,28.83924385,51.33721885,855.28,0
524.7058654,21.19555107,55.69068284,858.7,1
617.9265741,23.45626676,57.66157813,856.55,1
566.7081005,21.61186961,39.75943515,856.98,1
436.259992,19.62648199,38.00020142,855.45,1
402.82012,19.20166744,57.08078605,858.82,1
463.3296186,26.0722719,42.02251155,855.5,1
459.6482799,27.04603743,56.32524166,852.2,1
490.2019187,32.37063044,77.78922941,857.22,1
578.4561832,26.27368716,62.77199633,856.19,1
775.117311,21.90730724,52.61919361,853.86,0
842.2005614,20.93742788,42.39016927,853.89,0
661.6157082,25.42544605,55.881947,855.29,1
780.2208351,28.14833576,67.20527156,855.38,0
675.2962628,33.1234626,52.71946848,854.12,1
369.5695855,27.69935143,50.21620867,855.05,1
866.7419576,29.06209788,58.03889687,858.36,0
409.1768453,25.46697254,68.74081597,857.22,1
981.0736113,21.19670974,40.84331847,855.53,0
504.1326068,19.19606257,74.844855,857.65,1
349.3834967,27.08007467,76.91623522,851.77,1
800.1270229,37.81510529,63.22546403,854.06,0
833.415628,26.18213624,49.91950599,858.98,0
566.0915235,24.39981728,74.78018245,854.13,1
835.1621914,25.09964435,63.4918098,852.47,0
568.9135307,26.02272078,75.81297722,852.85,1
724.6548478,25.97392906,38.88860528,851.76,0
791.7487874,31.25216528,47.37785287,851.89,0
821.1146741,31.93252406,59.91144188,852.84,0
507.9201864,24.66472618,66.99739779,851.13,1
829.8847828,36.1382814,60.68625897,853.3,0
602.0061636,28.39992803,56.64268667,856.45,1
618.765119,30.77209218,44.41965484,851.64,1
883.0845391,27.05418536,63.93366225,858.15,0
666.0992201,28.16066957,73.45880929,855.5,1
546.9205838,32.16373308,53.5156242,856.32,1
348.9390969,33.29434852,38.9946026,851.96,1
866.6035545,30.46766749,70.13783072,856.08,0
760.6482294,38.6354493,54.88957094,850.23,0
630.4389546,25.17821684,66.95768322,856.8,1
612.0097294,21.12014351,43.2677871,855.5,1
585.6198976,28.81721906,58.57297637,855.53,1
809.3240487,32.16930482,49.5696726,850.8,0
980.4847885,36.10080677,75.15092496,851.03,0
380.9249733,29.53176218,60.69839547,855.55,1
697.8736146,32.85015047,39.3959433,851.29,0
601.7706963,28.35110004,44.38842694,855.36,1
918.1514996,38.65987288,69.03337156,849.54,0
371.1846416,30.05739577,62.06638322,856.11,1
566.9513651,20.50064685,72.15242265,852.06,1
565.5306713,20.89278672,76.24933318,856.47,1
486.0368166,18.22605971,41.26443924,856.98,1
800.4919455,20.39105057,79.48170429,853.41,0
831.7091892,36.17392621,45.08634996,854.71,0
890.6005452,23.70592099,80.69806443,855.41,0
707.7378431,22.16342989,52.11263864,853.59,0
920.3878041,27.18384463,60.00463357,851.82,0
469.0048747,33.24425606,46.0327489,848.7,1
844.6949489,35.7369533,58.58769789,854.19,0
858.4550058,37.40087241,77.94523811,849.2,0
867.497644,19.24786122,80.42032999,855.53,0
608.7887783,29.58812931,46.2812435,853.39,1
375.2961887,20.16174522,45.71973726,856.88,1
748.7780275,38.10538967,40.12866871,852.27,0
360.4131279,34.28470909,79.39689953,852.66,1
642.6149348,27.05295815,49.53550825,856.18,1
676.8634756,38.81498568,41.7130772,853.78,1
769.5100918,23.64045427,52.37113879,855.55,0
701.5258878,37.4050145,46.16700719,854.28,0
620.6098309,36.33272617,81.03788431,849.4,1
890.4586121,30.03405103,53.47100288,855.89,0
872.442064,34.03915164,55.27285768,855.05,0
865.8281387,28.58240959,44.06731084,851.63,0
689.7524125,31.75970492,80.36151453,853.18,0
787.6856642,18.1914068,62.62072936,855.32,0
743.2503269,21.93185779,80.98426702,854.63,0
800.973922,18.84960961,70.78626294,856.17,0
647.8639627,23.30843932,65.48593805,858.38,1
586.5363152,38.94792954,67.33756201,855.63,1
920.4920714,28.97226414,77.99203724,850.84,0
899.4375203,20.1910739,75.63012062,856.73,0
365.1445004,28.65753129,48.69746747,857.48,1
876.8487005,28.92974493,54.60061733,855.1,0
573.392578,23.05684715,39.95789807,857.56,1
341.3953141,28.46298257,57.10222828,859.22,1
922.9337439,34.080015,76.05790348,856.07,0
445.8502157,30.02698594,58.14933653,854.62,1
437.3340851,27.71682398,43.38469646,856.89,1
453.7803709,28.84048521,55.9540822,854.5,1
718.9335089,29.13085872,79.18449469,854.16,0
644.4928106,36.02112425,65.46851381,852.4,1
802.5390718,37.27226696,57.42351383,857.04,0
895.1428382,27.78129418,54.3590303,852.22,0
456.4170799,20.94573366,38.77138684,858.92,1
551.6194611,32.44163357,50.04769566,854.96,1
657.9505839,31.07791978,79.7460063,850.37,1
588.5827295,19.84125514,69.29931404,856.14,1
523.0329056,24.5399963,60.31998427,849.41,1
690.0185029,37.04210721,44.86266361,854.72,0
617.0792772,36.35851831,56.16071779,855.45,1
401.8961701,29.34163267,56.83202339,852.6,1
688.9735906,27.16706687,52.51488375,854.65,0
473.5920018,20.65007228,47.57010673,860.01,1
812.0722857,38.52912486,64.808031,851.71,0
807.7164305,28.44537348,66.32271036,851.54,0
474.4945262,22.60821572,53.24354319,858.59,1
386.6186767,27.34977238,60.07260419,859.22,1
804.3553628,23.63340713,62.73791596,854.77,0
865.1040398,34.75598695,50.19511091,855.96,0
853.8132485,27.29266064,78.29925783,857.68,0
558.2625082,25.15176551,66.54521929,852.73,1
453.2603201,26.44373642,40.03298079,853.21,1
554.353576,23.79734741,80.70383356,857.82,1
354.8822406,28.09451194,68.28764287,858.44,1
691.045128,21.90314181,62.48111043,856.38,0
506.3445304,28.5774517,46.45424698,851.97,1
691.3675731,23.39425376,75.58455777,859.76,0
817.8174838,25.15818379,77.66730711,853.25,0
496.1129808,19.65411841,51.19673212,854.4,1
542.0361726,33.38343506,53.6621807,854.45,1
816.1093451,38.57131251,50.02808091,856.86,0
943.9331678,35.10956337,38.03378742,855.52,0
753.552804,26.77091143,58.07531303,855.42,0
807.8377486,28.21066543,47.22560356,855.37,0
635.9700867,26.59177911,62.22575622,854.52,1
632.0681179,21.76904352,56.94976635,856.38,1
559.9296865,18.42017197,67.30079068,849.07,1
485.2241644,21.13140845,73.59319189,854.32,1
969.2433032,22.90425451,45.34477348,855.45,0
732.44759,28.82513164,46.88951026,851.26,0
801.1338832,36.44569964,56.4857983,854.19,0
893.3572564,32.92999744,56.39241347,853.14,0
317.3000582,32.32486394,53.15338323,858.11,1
645.0729883,32.16351597,66.37671314,857.67,1
955.9920751,38.53982414,41.53640331,851.81,0
903.0976142,34.51889435,70.27429661,853.08,0
589.3929301,21.05448833,51.4909386,854.89,1
921.9378432,32.78782501,53.18212535,852.54,0
437.3196748,35.73353858,73.93734786,853.8,1
486.9769089,18.56909213,69.90224633,853.48,1
658.5863367,29.03490003,44.55960634,851.29,1
559.7659761,34.06489439,74.44234515,855.07,1
459.2252845,34.84256029,50.72398905,854.99,1
425.6600108,20.52498061,39.36350748,853.13,1
698.9812266,19.27175714,61.39934577,857.53,0
573.4424822,22.46729579,69.4314541,853.32,1
466.5888024,37.89317668,51.8671417,853.69,1
824.9094964,25.32878868,48.29189655,856.61,0
635.6454683,25.89936328,42.73577921,854.41,1
536.8109805,31.4609748,52.06308704,854.96,1
629.1310365,22.2291635,70.04905825,853.64,1
779.5223526,27.67515341,49.38110363,853.79,0
621.7428123,34.86140687,70.37992104,852.9,1
838.4911086,22.88248883,70.19583923,852.99,0
868.3484972,31.25917747,53.51244611,853.41,0
882.0021339,34.14343035,60.76684955,849.63,0
593.1839152,28.01900733,73.10331364,853.01,1
572.3988849,32.59555266,55.4398028,852.98,1
380.6059478,26.58757725,54.29654129,853.77,1
949.9498585,28.0479478,47.50301102,853.63,0
345.1485092,35.97803351,59.6516216,853.13,1
617.6782515,27.8254071,79.8678658,855.46,1
785.7016782,21.12666608,55.5065832,857.25,0
785.7499923,27.75727093,38.0195423,852.64,0
689.2077843,37.9212555,46.5843761,850.04,0
659.8816112,30.4167883,63.26814019,851.34,1
823.6120777,24.62052585,50.98708545,853.43,0
316.0231424,18.86235421,41.77413197,854.46,1
316.2381741,27.90251021,40.8446971,852.33,1
367.9682399,36.22311492,79.21760136,850.01,1
976.1754947,31.52682986,58.00352563,852.68,0
570.4483526,23.47763377,50.41963114,855.24,1
856.8842675,28.12585914,44.6986451,855.71,0
612.9143423,29.45699529,49.49388184,852.67,1
665.4342174,38.06691067,62.46157713,852.0,1
632.0303243,29.53749844,42.82150813,851.74,1
362.6672973,38.24274164,54.79068976,852.93,1
360.250147,21.3508017,45.14404809,852.92,1
714.0821567,29.92394547,42.39543232,855.44,0
885.0991472,25.07986286,78.12096205,850.13,0
430.2661464,25.66183675,49.4127432,853.62,1
655.2739721,19.22227353,54.81851433,856.05,1
774.3545527,29.34765475,41.56384377,854.54,0
728.1767551,36.39825621,43.150419049999996,859.96,0
875.4513015,24.63829861,64.48907947,855.52,0
874.9388728,20.27753249,73.47549723,852.66,0
578.4605688,19.70349028,40.18591851,855.0,1
442.16013,30.28054697,63.23989177,849.53,1
492.5113507,26.16513485,51.87868535,854.26,1
571.1131522,29.94358674,46.05273319,851.92,1
830.0185325,37.51360874,46.65615885,855.39,0
606.9781925,33.50466887,58.34340956,852.21,1
326.9779198,33.68733454,72.08558224,853.27,1
360.423901,33.32520161,72.92971271,852.01,1
804.9803011,30.44384082,68.53058686,858.29,0
316.8286017,19.50494917,40.04858132,854.46,1
752.3228356,25.06276709,73.55138613,859.17,0
579.1667768,21.32475519,59.88438194,857.08,1
630.030455,35.83902253,59.51759987,854.5,1
701.3848676,24.20179603,39.37774056,855.62,0
947.1409327,36.02530011,38.21344121,854.26,0
739.4490508,26.79577387,76.53318213,849.57,0
590.9067563,28.41079228,60.5186145,853.49,1
637.309107,19.84891464,52.04081468,857.33,1
639.4373138,27.7670282,78.8954079,854.15,1
543.6674047,22.12291402,42.5781995,851.43,1
968.9161648,35.39650088,51.16759022,853.22,0
901.1500137,31.16410663,74.04705716,858.12,0
479.1490793,35.37651281,58.64579927,856.47,1
796.0931287,18.64464179,63.00178512,855.21,0
790.2680268,36.63475515,41.82490736,855.58,0
951.8043078,20.85917737,59.7784117,854.18,0
906.0463848,23.26560614,55.67764764,850.55,0
759.5631528,24.61903303,55.59226212,852.33,0
916.4543799,28.03244107,52.37191627,858.14,0
586.1550913,36.88808142,54.81833577,852.49,1
939.6251136,34.124491,65.37898851,852.9,0
318.2233372,22.30958493,78.22052087,854.17,1
717.7274275,29.30012867,54.79685913,858.84,0
640.7331233,21.8568892,67.83342865,859.04,1
351.6018552,19.9981997,77.52222375,860.75,1
325.5069362,21.58866364,57.29944238,854.61,1
978.2234813,35.69451867,70.14735885,854.06,0
670.4357016,31.85693712,64.57718023,849.99,1
900.1050316,21.38519602,64.34019925,858.73,0
503.9793851,18.40024033,66.46828754,852.47,1
671.9334566,31.36469694,72.48910926,854.38,1
642.7071523,35.05996003,60.52405679,850.65,1
441.0701203,24.70261926,76.26694968,853.16,1
510.1914753,38.74971221,47.92227195,850.86,1
490.4348875,19.28835924,67.4032309,853.77,1
882.9698932,19.48066572,78.49659459,853.91,0
712.2557398,35.45597182,52.40514738,851.97,0
398.5109741,27.65706735,49.51767669,856.36,1
814.4079452,23.33354077,69.1126052,852.04,0
738.5071116,34.14676759,47.64592072,854.05,0
368.5536782,18.65366333,50.97306656,858.41,1
943.6360369,34.68651635,48.8026483,852.15,0
852.7468941,38.9258855,66.22895556,851.13,0
361.8314519,30.31064473,77.73382519,853.39,1
629.3653964,22.01889952,56.39068052,857.91,1
529.5551359,34.57172944,53.91467424,853.94,1
372.9205305,18.58759662,71.37359906,854.04,1
337.2584572,24.16198842,68.88432018,855.91,1
706.0772429,38.41551004,63.52629359,850.23,0
646.3607691,31.62345865,64.8353637,855.51,1
668.97353,25.58733015,69.18157948,855.55,1
430.4145993,30.54289476,77.9084618,853.17,1
482.8802723,26.46417873,75.85390106,852.33,1
390.9381782,32.07952577,41.28137611,851.53,1
832.9866403,25.47282415,50.19744187,855.88,0
323.0524439,37.05361902,63.79262962,856.23,1
901.6369996,21.09615246,50.37159666,853.48,0
867.2467158,27.75413167,54.52068305,855.42,0
515.4554524,21.84073085,47.91551619,849.76,1
647.2720506,34.72979202,64.30761596,851.97,1
904.9579764,37.46820333,50.71340448,853.03,0
462.7377872,30.20136524,58.80550741,851.7,1
834.5167383,38.77345073,40.98771127,850.61,0
554.624743,36.39603511,46.46339497,851.56,1
934.9056305,23.88592852,46.26253993,855.46,0
589.3288082,35.89561803,48.1914805,852.82,1
904.525004,38.5469248,42.24253614,847.38,0
697.7399534,32.09870152,50.03167599,848.45,0
379.5037151,22.78457441,62.94989578,853.35,1
589.8704982,38.60197309,60.61602562,854.11,1
586.1330786,28.5915662,66.88102908,847.3,1
861.5118898,38.19481098,49.40595657,851.77,0
555.0245229,36.74724511,50.57832024,851.87,1
670.1413431,36.8455212,54.9827358,856.65,1
535.6460843,26.67394878,64.4732521,853.44,1
760.6422951,27.35543936,53.98383891,855.27,0
942.7572222,26.77244143,42.24977672,854.74,0
706.9705559,24.94956482,61.20086971,849.28,0
967.6042531,31.96938287,56.18682437,855.68,0
483.1055789,28.28680394,69.02765704,854.74,1
710.1910208,22.08515284,57.952112,856.22,0
442.1144513,22.2933541,54.82808789,864.74,1
499.1997386,38.40932959,74.40681969,847.78,1
923.3978742,18.19511388,61.28001008,859.73,0
661.6301572,34.3536942,40.52222469,852.76,1
439.1619303,31.10990542,48.36198985,854.59,1
663.4821779,28.93629597,76.17661138,854.01,1
319.7383686,19.15079173,48.68380053,854.24,1
970.2456966,21.71721865,43.7253902,853.57,0
707.3594788,19.61083605,68.52178414,856.07,0
732.2077328,18.38100817,67.82773181,851.6,0
651.4971821,19.23206438,69.78747099,857.17,1
740.5195107,21.88320301,66.16373845,853.93,0
457.1838596,37.94747418,49.07917098,850.22,1
879.476511,32.08803698,39.62818443,852.62,0
337.3305719,22.36028701,42.18580804,858.06,1
935.4265731,35.24066266,69.14023405,852.03,0
604.577575,24.87946795,47.18260464,855.51,1
749.5945357,33.78434267,45.59656512,851.72,0
750.4881848,35.19392528,68.14197477,855.27,0
552.198245,23.41744056,48.40632966,856.5,1
479.9327985,35.04113709,48.11671165,858.02,1
780.4114377,33.59899256,55.64739466,853.13,0
730.7729455,38.92253617,51.98596496,854.6,0
404.0242011,32.19862561,54.09142096,853.98,1
647.4114587,23.35612085,69.98055985,858.04,1
348.4858435,32.39453742,70.31031078,851.92,1
418.4368715,19.52774368,70.0575728,857.12,1
418.3057299,34.75909998,70.51235291,852.94,1
634.6881726,38.77369243,58.17149714,852.79,1
426.8836919,32.59499967,46.60100726,853.92,1
635.9581539,24.64005962,47.05379351,855.27,1
715.8375379,28.46905491,70.84449446,853.89,0
653.5926395,29.80971959,80.032592,854.56,1
950.0407018,22.3143507,75.30919841,858.87,0
842.574932,34.16808663,70.20452352,855.96,0
975.4551026,22.21436466,80.9599773,857.11,0
430.5528962,26.0254899,73.84740942,853.34,1
603.0220569,32.33144455,42.87963406,851.5,1
846.7545969,33.63668046,41.80106353,855.95,0
923.9737197,27.10518792,70.02514768,856.54,0
721.5545489,22.55126748,45.24430875,858.58,0
474.6228601,19.80598043,75.78845931,853.71,1
861.1817893,23.04386826,50.01189403,854.26,0
977.8226716,21.2486364,38.48468908,850.95,0
733.2905982,29.8227498,54.75987116,853.04,0
662.5347418,34.21438171,47.39337543,855.99,1
321.8154599,21.75370504,55.90422853,853.82,1
841.5321934,18.36348284,65.76343789,857.0,0
630.250186,27.2098525,52.51335407,853.86,1
500.8481103,38.64903575,68.93240138,853.77,1
608.6558837,26.10546139,73.91890951,851.6,1
903.9415349,30.76972745,79.2165264,854.12,0
793.7568921,27.47503569,76.63314953,846.83,0
899.065563,20.81243415,52.86893893,854.64,0
468.1457361,21.19139925,65.12513537,850.98,1
801.1988583,18.73755356,74.45591213,858.37,0
776.1538245,31.306857,42.71526493,855.79,0
754.8812862,20.43141811,62.687015,856.31,0
349.1764273,38.57701801,75.96208968,856.77,1
649.1650099,18.23421331,49.06833687,853.04,1
872.3807097,34.85478582,63.57287982,857.79,0
709.0989552,25.91443476,41.9185396,856.82,0
970.9920227,18.58589447,58.16174286,854.78,0
723.8944914,25.5240022,53.53942356,857.38,0
392.6080349,35.3372647,60.82076963,850.59,1
951.278182,28.02736178,58.79001862,852.18,0
710.7871187,24.48766422,62.99431722,853.14,0
693.8693543,24.96490121,60.21384671,853.28,0
767.6823315,19.62206199,71.52149622,852.6,0
782.8624158,18.43378065,53.44758278,858.45,0
896.7475214,22.68201499,41.50763788,854.23,0
740.468343,26.77425831,55.99367305,855.27,0
772.6385411,25.51671216,66.27654684,853.11,0
691.1293623,21.42886566,64.53707307,850.48,0
586.3912885,34.80713358,78.40615871,854.1,1
969.1533707,34.01049057,42.99094474,848.74,0
452.2791318,37.37857415,64.69192441,852.94,1
767.5767384,23.53063911,59.94355257,851.36,0
968.281854,18.10154189,54.47328459,860.4,0
522.7261107,22.14960129,59.85693492,857.22,1
647.0210002,26.03188721,67.63815979,854.74,1
442.9729843,21.85487064,42.20973266,858.14,1
817.7087281,31.64894057,58.42663787,851.69,0
656.5537855,38.57911637,58.83380198,854.33,1
584.1024414,34.74326548,54.11252004,853.93,1
722.8739193,28.1738326,70.52758822,854.88,0
663.4316745,32.15351407,69.6718028,856.92,1
753.2284722,22.55690415,54.9298024,856.72,0
427.2722591,18.34033191,41.2723512,856.12,1
775.1140914,30.07413857,77.1724592,849.85,0
768.4456988,37.80167469,65.52941231,850.66,0
549.8952652,36.62646513,73.92518004,852.9,1
367.0445188,24.97432593,60.00016041,854.84,1
926.4033193,18.40422515,43.51401044,852.57,0
924.4287285,30.60040633,39.09857116,859.96,0
314.8358324,26.34420502,51.71828592,858.23,1
605.3034736,38.87590542,50.83107852,854.44,1
614.1870903,36.7901781,65.65311537,853.37,1
776.8970718,18.50846701,73.53677421,854.85,0
449.8747627,25.06954213,62.46441045,852.21,1
355.5667579,22.0708997,71.29054051,855.15,1
443.5211346,36.82949676,51.39462983,853.82,1
935.4404369,18.95665964,77.66350878,852.22,0
850.6026926,22.34214086,46.44211281,855.75,0
752.8757883,31.89312749,40.65606824,853.38,0
